member,C1,C2,lambda_wm2k,gamma,sai_efficacy,sai_nonlinearity_alpha,lag_years,ar1_phi,noise_sigma_c,peak_sai_command_wm2,peak_realized_cooling_wm2,max_cap_exceedance_c,mean_cap_exceedance_c,raw_peak_annual_warming_jump_c_yr_including_ar1_noise,raw_peak_annual_cooling_jump_c_yr_including_ar1_noise,max_command_change_wm2_yr
0,10.39999104001663,129.10720107406604,1.4204597430737178,0.7458292912484603,0.815269910111498,0.11235249575940037,2,0.35457443666599353,0.1230874721611761,2.311419583032644,1.4959436151634316,0.6156297083397579,0.06122129343224819,0.39633906470522906,0.5035608575237904,0.20000000000000018
1,7.214340716494267,140.62518792462717,1.7885521946939098,0.7153929713856528,1.0815239575370112,0.15237156764481716,1,0.6082860110745704,0.11662071503764668,1.8294673717488226,1.5472916193870394,0.36649571091487165,0.05244096618787733,0.25168643253091416,0.2778077340953691,0.20000000000000007
2,5.762448377647494,90.53449283344352,1.5854967871630046,0.645953560026661,0.9946425445219873,0.07310829971001617,3,0.3241894054741705,0.08175056668267308,1.752629568994534,1.5452449650382767,0.4602891087825489,0.039242930932477244,0.262568894001606,0.3431467678923218,0.20000000000000007
3,11.682641317650608,84.19852719758407,1.6471363607793057,0.6303011756946106,0.988109888551611,0.23510615220445302,2,0.5127691858727312,0.08175015073005348,1.9279661772929417,1.3108600943591835,0.33343483531224893,0.047698962539398315,0.24476387190030602,0.27610701271653826,0.20000000000000007
4,6.458792580531322,120.16958060495668,0.8875688907297538,0.4780796987676865,0.8075313284416229,0.23141635616513972,3,0.5748300406175231,0.11233977115150581,1.8606482261668562,1.0502922439211866,0.53202452401342,0.04133871004143569,0.25311059288214255,0.2677246213887443,0.20000000000000007
5,6.920101753785092,109.05752012838563,1.0368463927117868,0.9772190439926968,0.9472291765152243,0.15984274923223324,3,0.6868284311437125,0.08718310752438635,1.9656562545650957,1.416780371664651,0.32939609395996294,0.036984867735491554,0.1736545781693214,0.18932934428310544,0.20000000000000007
6,8.734363778394654,107.50065628231016,1.2635622300086482,0.67420150482336,1.091994394275717,0.17652506432039478,1,0.3474840800649085,0.10957550957095236,1.5649634643847241,1.3390199924813402,0.40575974037111906,0.038745714971136005,0.3656532506516639,0.503315078636226,0.20000000000000007
7,8.800238159324724,122.58991672531099,1.7165322478060572,0.842755996771684,1.0869410222677742,0.18875709154189024,3,0.36177290727271544,0.07457996034775705,1.6786553042825842,1.3855701857758103,0.37968473599212627,0.04616844689227199,0.3284679968488371,0.22352190323516263,0.20000000000000007
8,6.420831327424678,79.53147633894957,1.448113134142802,0.7175229526544091,0.8005469891463936,0.04043618704401098,1,0.37307606890374717,0.08968642745916229,1.5763931946976124,1.1863546309016413,0.4221583322838185,0.04533929521159426,0.3920089724324063,0.2827424934727839,0.20000000000000007
9,5.755022349737429,100.03174371980657,1.2383885417982952,0.43412388888087083,0.9776606336328983,0.1694622699232446,1,0.41817455147826477,0.11067662688666147,1.5410030302132274,1.194614208793256,0.3541256375266182,0.035627242190704414,0.2934608613246854,0.352394077823005,0.20000000000000007
10,5.668339814495883,137.64210861377185,1.783127503179347,0.8255387806361536,0.9773938124802929,0.1753222169310182,3,0.6889612856976669,0.08982152397207696,2.180007317095847,1.5415424214230844,0.5248550053504619,0.05781983927088624,0.3216463551065196,0.21098590962919284,0.20000000000000018
11,6.9664041090223785,90.88702363501588,1.7210029508998932,0.5592099322340329,0.9931395860684484,0.21313115563676976,3,0.5586546990676282,0.12653893287505444,2.0223320181307276,1.4035130412892687,0.44291133207077427,0.053515364533862235,0.35901648919796414,0.3750682068573432,0.20000000000000018
12,9.229073894129876,95.02454042138648,0.8891949898735392,0.9373112937667588,0.9715798726293547,0.10409352460937393,1,0.6974838227323581,0.0952118866220917,1.5426730298699765,1.2914466304890042,0.2503195838460619,0.028257753099372594,0.2203448890718216,0.18446056501902774,0.20000000000000007
13,8.097677922977471,114.72857822026106,0.8091615622029279,0.9692312387414789,0.9552093964997588,0.20392973780407123,3,0.5305660867462237,0.12600254124861904,2.0241316247955417,1.368556097537461,0.40456742561649084,0.035636961494831254,0.4523269701047672,0.33421346713264277,0.20000000000000007
14,7.550072450916604,102.04502338767273,0.8320928816716991,0.6558698201426076,0.8314048663025067,0.19277232269653585,2,0.3282358733664753,0.11144430732961765,1.6808159215063354,1.0554553830388764,0.40993268969018337,0.035704544926807365,0.3985017864566318,0.3958813886552815,0.20000000000000007
15,11.385403294440827,76.98725701798847,1.5756217584920487,0.46191545682504503,0.9140223808085144,0.04644792775317708,1,0.48928040034129194,0.09736333788826507,1.707021765797121,1.4456351247576138,0.31881004065500673,0.044171851379892456,0.32305968088936887,0.2620466944196229,0.20000000000000007
16,11.02011348547459,128.11522481797803,1.4798806585061595,0.6439194881374838,0.9302049403079222,0.2173023752463467,1,0.5311384448409868,0.07270073211937012,1.9087509101965376,1.254989760058334,0.33203684290587065,0.049102987853047265,0.2156536187536875,0.2187437623385765,0.20000000000000007
17,5.956435124162643,86.11781223894904,0.9127417815057821,0.6547828054132003,0.8291169496691009,0.12794179723364593,3,0.47427473261116837,0.11798620532208397,1.7883207438798003,1.2066454018122659,0.427050842576721,0.03894636239376575,0.3968957518691538,0.36396753145926974,0.20000000000000007
18,10.38617874312536,114.42104310352445,1.4060201694684966,0.8331823730361637,0.8780585677470507,0.12955414496400278,2,0.3596465467254949,0.07379934197772865,1.7528344807067133,1.2542642601791087,0.3131192801846052,0.04613962453209784,0.24212321704567186,0.24825646703109805,0.20000000000000007
19,10.746151675410333,128.973392382581,1.5490450603543522,0.6541599862584537,1.0766741606857533,0.14243797776098208,1,0.6627697936405903,0.09640098974193312,1.7083382851096494,1.4793500999490936,0.34966098624988184,0.04340744722893989,0.2090880791501425,0.2608157987869175,0.20000000000000007
20,10.30900242009253,111.895265192914,1.1631277304479184,0.602157955859015,1.0210358814528697,0.16024053073795003,2,0.3247230550460701,0.08848608613977593,1.3565111356681536,1.1377385227106755,0.32122035834193663,0.02985873259061703,0.24237063518451196,0.2564652053013321,0.20000000000000007
21,5.730611534956263,97.77814989989416,1.5460865537479263,0.9577705532797604,0.9064547435362537,0.16806776732778858,3,0.6335307093201622,0.10632919105170165,2.2780867292043188,1.4932554153597382,0.45355207456810254,0.05357410539231742,0.24207864748868624,0.2899911376214267,0.20000000000000018
22,9.237373761740507,93.04272784892429,1.049089930832217,0.4992547027513883,1.0877003121193467,0.21434830493060733,2,0.3317341058223635,0.09570253607835119,1.4676329517213604,1.2143340007189494,0.3571033507653245,0.026536999831033685,0.257549453499362,0.3139751056237725,0.20000000000000007
23,10.431967108418114,86.24264905220542,1.1650421251979013,0.6217530701040798,0.8661220451633257,0.09528045680296973,3,0.5125292985112587,0.11541148921218361,1.631016100019847,1.2226537646532416,0.4185649230748596,0.04129218249919533,0.38319229159070567,0.3554322376413559,0.20000000000000007
24,11.324350177282431,82.54590216640878,1.1831350875717104,0.5550975103684842,1.010513661972464,0.22770082698237842,3,0.6243355504363204,0.1225194121133231,1.65699338924203,1.2157234872601435,0.3496404162469886,0.03653804312876873,0.29363059691320326,0.29483588740533273,0.20000000000000007
25,6.713724684087501,107.62359123392092,1.4690893790764035,0.8733609642184199,1.0055369807520829,0.18542414104614288,2,0.6604518240272552,0.07605948980784985,1.9077212603630183,1.4170281671928757,0.30787599852602554,0.041168957744722026,0.1674682744948477,0.1898841164052234,0.20000000000000007
26,9.356940230427728,109.16074460821959,1.499081207467917,0.5785586741256713,0.8108626571020359,0.11313285396277395,1,0.44286721992232886,0.11228784187395893,1.791867494776051,1.2080613484831635,0.4085865718773829,0.05293064465069219,0.2613459537148013,0.28906094145326533,0.20000000000000007
27,7.365680918207881,134.07791094517938,1.4255174783105844,0.5610634174461918,0.8397185231322828,0.12720890288667278,3,0.3201172933203126,0.07254453988218698,1.7361502411470704,1.194145896366758,0.29364024164859104,0.045532297041750526,0.24304760370238687,0.24749302262064332,0.20000000000000007
28,11.582486600443435,100.90520051934031,1.1074505583973626,0.8273362119578671,0.7832681291970053,0.13672029722233567,2,0.41460399562497807,0.11360238788505111,1.9875904909909508,1.2241585815763567,0.43194509480106635,0.04817024170892562,0.34128422059486485,0.3942495163311135,0.20000000000000007
29,6.054312230144401,101.0810359926735,1.5846587431711963,0.8318497929187627,0.7543615511750854,0.15212360188253435,3,0.5709839941300513,0.09960730359938838,2.110438840172477,1.2051299043612984,0.4181554456163896,0.06433275702343302,0.23037863549793847,0.29001242662632354,0.20000000000000007
30,7.410182184864603,110.64475896640175,1.735324571874299,0.4247283949615813,0.7598830404617871,0.05407866198346681,2,0.41699567348411914,0.11821817697822566,2.036097521894987,1.393732846769336,0.4535394594279827,0.06455792294462274,0.3973320356683081,0.40751697875578863,0.20000000000000018
31,11.89071031216538,89.88693015376131,1.7041405825451477,0.8919394486547094,1.0963462041290035,0.04572232284324481,3,0.4924434152293605,0.08433055660014066,1.5998249095784935,1.634408710837438,0.4131708541052941,0.03861739986120001,0.21609533092038924,0.2412725682596032,0.20000000000000007
32,10.636216407411325,145.7334275036592,1.3326267044957714,0.4409397458017524,0.7540601974912844,0.08946056320498384,3,0.4838909748375386,0.12061266538466248,1.922383118763304,1.2368775196237094,0.585427322397222,0.058040109756775315,0.3701738859499544,0.3253913722190398,0.20000000000000007
33,11.773635133495308,92.66341552989385,1.5757131989939062,0.5665617887303149,0.8045099089483612,0.12735109397620198,1,0.4612231100283597,0.08668057440030019,1.690352678916444,1.1190166989130597,0.44088652124913263,0.05144902565093365,0.30294285817885147,0.2342914004321841,0.20000000000000007
34,6.790479060472412,144.94099975410393,1.147649626726608,0.690925067425517,0.8201557944731614,0.04024069471204509,3,0.6827557968996042,0.08674258870174711,1.7757902788591111,1.359291060228496,0.4058136693581389,0.03877478456259106,0.1761696900098111,0.23011556660649368,0.20000000000000007
35,9.851127845040205,78.83832217462404,1.305343098098662,0.9775592855564508,1.0344309036413297,0.10741241942602428,2,0.46719318163675344,0.07278353561018935,1.8836698715403668,1.6206258478280222,0.42686938535078633,0.035530738072737565,0.22979924887094705,0.20146357036999163,0.20000000000000007
36,11.063814604595375,80.38993994224217,1.2869291364207478,0.6226134848990759,0.7564668116725759,0.06132090830398365,1,0.5659292832844547,0.08663851065709868,1.7955671621170521,1.2235653168277045,0.3179551113214947,0.044798591721717615,0.2492781065393146,0.22842932846718778,0.20000000000000007
37,9.439062672045239,128.7125552252427,0.9488926956669649,0.9272701863551618,0.9784010837457506,0.15395746372911256,1,0.4407169039977026,0.11305730721521202,1.6466155436975398,1.2852326948737212,0.3109167148365588,0.037388978294250634,0.3793869081113457,0.3330985834851852,0.20000000000000007
38,6.364130912133987,125.86163756011837,1.6591341878430335,0.45024956788866405,0.9075866586403472,0.12445970786403737,1,0.6134523321785827,0.09956156851290397,1.9561987215383734,1.4277970752225702,0.33470823544073536,0.04814165426332576,0.2356831900465195,0.22167022414127557,0.20000000000000007
39,5.638618970225697,148.28892539321077,1.1673409342176528,0.8346888710679086,0.8417912072755029,0.12737939634141973,3,0.458486546580426,0.07413381454284441,2.0684257465118203,1.3780904650130847,0.3526322152293986,0.04165156705892374,0.32789554138025534,0.21822790375755363,0.20000000000000007
40,8.033236481919328,112.32239805676838,1.7833338825706226,0.48453478026437563,1.087748981396827,0.17702608426863306,2,0.3506958527184527,0.10364628518621116,1.9409084801267984,1.5713268021757467,0.4603249944488077,0.045904729191436684,0.33681971142884254,0.3756025910314369,0.20000000000000007
41,8.736583458416348,135.61540452484638,1.1771473121587641,0.6427002479426149,0.8905313299247091,0.1867645488989819,2,0.5945451625333247,0.08727708918148626,1.6325679401602975,1.1141439346447075,0.3135880686564023,0.041124114560342054,0.2575902413354626,0.3187632412275826,0.20000000000000007
42,10.087516757360124,104.26699632359488,1.5532315190917263,0.47282005099794194,0.9287273367499241,0.1319318905764721,3,0.33500154392534,0.09949605984499296,1.8458569508397031,1.3785766310856877,0.3169720807324181,0.04736124107261871,0.33480763944664027,0.4302163043588427,0.20000000000000007
43,11.063486781312344,136.03974995562365,1.0937207507594437,0.5727649284056934,0.7685472854843904,0.23020444579401597,1,0.4515179756689577,0.10320534933162824,2.0183349598910807,1.0590976510204282,0.4575731544482138,0.04974638321792985,0.3439941107413561,0.2983004271127112,0.20000000000000007
44,7.907639137432728,100.79986653762082,1.546042370525699,0.9490380503734194,0.7809040498835581,0.19072688144608937,2,0.47192762094267127,0.12047333425882867,2.105348323131292,1.173043497632353,0.4189985475404443,0.06893244177786009,0.34732457822523655,0.4448150813017673,0.20000000000000007
45,5.337938998582468,106.99700306041225,1.6146008452954272,0.9729445689401909,1.0098970300502095,0.15453869075934903,3,0.49396699978224845,0.10786239784216606,2.073553305276886,1.5858870098456999,0.45058761123937874,0.04915105605238187,0.2900473094380105,0.35051721926722657,0.20000000000000018
46,8.755331606862786,79.97680840704903,1.1429934399877766,0.7619048054469801,0.8606136389954826,0.18444768628991448,2,0.4674222580856711,0.09106615445517266,1.9991126551078302,1.256976522143003,0.43913510876966866,0.04484106794611431,0.24872575709578992,0.28993935244617675,0.20000000000000007
47,7.653813458007402,73.8890730173617,1.44556185917918,0.4727296175356857,1.0820825772341114,0.13797344303314762,1,0.4241155775872236,0.07857740857649351,1.5208317271445808,1.360240317932572,0.2593004263641223,0.03195388043355218,0.2829685013185246,0.2415593288975495,0.20000000000000007
48,6.2845556451074085,144.36369374814285,1.0310883189449844,0.6202229764832433,0.7929980351005004,0.0404975420800958,3,0.3420254086682459,0.10188355533243534,1.7267122827671422,1.2797870090971855,0.3251631091011993,0.041292297860326434,0.34258317204093547,0.3346571454900388,0.20000000000000007
49,5.638343078698829,80.58801389384118,1.1864132839843085,0.8341447606810305,0.8461865251302991,0.11495614836871201,3,0.3538248758878944,0.11644632607139647,1.6353485505085523,1.1648296544153796,0.4489581166068788,0.04389097360818232,0.3843500773066394,0.34600160295425963,0.20000000000000007
50,6.682447922744161,116.82802488372033,1.3379661600571686,0.8503064655316652,0.8474670513298096,0.0670448722402096,3,0.4628780925273841,0.12259131258915247,2.0727285997364184,1.5422492557441116,0.374986604966721,0.04903567164595276,0.3629592995731782,0.36823667899183465,0.20000000000000007
51,9.16279697193362,141.6291052401516,1.459627232527335,0.68871684376873,0.8214339802165719,0.23758914595620806,3,0.4089404066017321,0.09023251135092605,2.166002518688997,1.1747036290593207,0.4840419743323401,0.0586954225385945,0.26893802843548054,0.3510893092163816,0.20000000000000007
52,11.957678917691117,95.75770188487076,1.3403486393175734,0.9146464189080894,0.8481165092776866,0.10685812032239642,3,0.6762654046882769,0.1271344857339081,2.3099730331986295,1.5712739769412307,0.5623498540905869,0.053964355948529046,0.3508273947156231,0.26104816897906424,0.20000000000000018
53,7.192395565466206,127.95106634649005,1.2957314420022306,0.7326372970012778,1.0525247526589239,0.08133288579237585,2,0.42627676057190844,0.08706429633140933,1.5040213903309825,1.410480713895227,0.3770900743461776,0.033647568980306616,0.3404681731003195,0.30147128382288013,0.20000000000000007
54,5.606813905831828,107.44315630715161,1.220677857582694,0.7702908916520403,0.8710077441518982,0.16902508976055866,1,0.5194205783405184,0.08056270314503194,1.6138394829237526,1.1044071956219341,0.44004683720041626,0.039334198906288774,0.21156566064151128,0.26045712286519573,0.20000000000000007
55,10.744884415564457,108.28487436798098,1.4025327650513426,0.576342727967029,1.0884022293502456,0.17247392616710663,3,0.5692327074708536,0.0950252827407112,1.7776162372328546,1.4807689062372258,0.32810385354911187,0.03588432222251209,0.23861888465772063,0.2811449284786123,0.20000000000000007
56,9.380064838177475,98.92935386791636,1.06228412091603,0.5923905630065096,1.0815483081718,0.0524264708800595,1,0.6048948239834027,0.07443989002336117,1.3724636223359992,1.3847483252074142,0.24043781619203664,0.022370224264455823,0.21868291419240649,0.2081927939714665,0.20000000000000007
57,7.781238192268669,138.67556034783206,1.6573335879864168,0.763136028537321,0.9755675983216056,0.1388492861222448,3,0.5601881997218835,0.11995882978454424,2.1538718624683275,1.6175094488623707,0.41706611010032857,0.05496421377456169,0.2782055367900862,0.35456714702273306,0.20000000000000018
58,8.516475118714382,148.7274448188652,1.2113745000662806,0.7257150993796114,1.0512380703289876,0.16480592599262328,2,0.656194191760976,0.10462527183956656,1.6297202232377987,1.3504972061076184,0.30166207795356814,0.03473730692805134,0.2829697379261735,0.32579811994718266,0.20000000000000007
59,8.895979297699522,121.3728810003423,1.6287591579371758,0.7189736289347686,0.966703881529654,0.18903835505727748,2,0.5561018804364164,0.09923146948265718,1.9109081151289702,1.3570635426999458,0.36357844801570804,0.05171492066620106,0.2715685134989384,0.28850240932959004,0.20000000000000007
60,6.172696686443656,74.84451899391472,0.9816587870021984,0.7450299645375633,0.7810203028008723,0.15018774488226344,3,0.34323922259924045,0.08263527631303161,1.599557172506848,1.0072992221727954,0.3622649834374836,0.03855329016903708,0.27343208592611723,0.22587934147665134,0.20000000000000007
61,8.666779632139695,109.19391904899283,1.7530994365547006,0.5901284114542631,0.808866358642823,0.1360124525794977,3,0.5121946410687493,0.08025884256100715,2.019086648828394,1.2812995854120681,0.3346709511450121,0.05141213645889432,0.21540230462910293,0.18772868683466082,0.20000000000000007
62,6.211533396735801,113.95037573478785,1.470732603150545,0.44426385814313557,0.8847533266026454,0.18549387542621532,1,0.3613315529894908,0.07029522298469239,1.6312813049426755,1.1080068013300841,0.33050682939239207,0.04232427872703609,0.20910577052454937,0.3544759872241485,0.20000000000000007
63,7.61448086489131,133.65916985548083,1.662535064526978,0.4621233665936617,1.0323809914771678,0.1548746298481374,1,0.5827176838832069,0.10262689678072606,1.6220249922784742,1.3383421435344875,0.4038477122689492,0.045447729061969686,0.2989180499774826,0.24429802164789294,0.20000000000000007
64,7.736263144792845,138.38007460613125,1.0326933451954714,0.9022665728395723,0.9090144791122687,0.20517221155010085,1,0.3519411991257255,0.10488288799026754,1.7019626234842795,1.1466898175172762,0.41140321981371697,0.04284879548587317,0.3612318749520397,0.36728213376838426,0.20000000000000007
65,9.093443997409054,135.70618010897041,1.0427855686227876,0.4520442621828906,0.883186899576593,0.15248446680834887,3,0.39416015997396814,0.08202611767079084,1.5911312689270916,1.1308872560880618,0.33374295249624564,0.03371754828182355,0.3645093624775819,0.29844304941795763,0.20000000000000007
66,9.796367726085988,124.9023002199786,1.2871518803099136,0.7523356708171485,0.9454170313811215,0.23286868573091332,3,0.5301646999217219,0.10292122620717856,1.790517574559623,1.1946640812644718,0.462291185743098,0.04430851799685932,0.31766317012728984,0.2827708968202197,0.20000000000000007
67,7.102650647139644,124.79656291837074,1.6064464510413805,0.9812739555801986,0.9076275108333368,0.0921723220184675,1,0.6127920763359487,0.09802878784154503,1.6940538025469194,1.3299110452819283,0.38635378298488643,0.04453387385470916,0.29067834681329074,0.23688553108811872,0.20000000000000007
68,11.039900405972544,119.92051214018763,1.139088884506501,0.7710191924930354,0.8812415768567066,0.045853873196274285,3,0.5047603917137298,0.08698220392092673,1.5589988468048583,1.2821954075205564,0.2962519772872021,0.03954046523451524,0.25819128471223185,0.25883928982309856,0.20000000000000007
69,11.677727828033781,132.64878681051647,1.3724605152118317,0.5329886051400452,0.7718272134916772,0.07254905664609562,2,0.4933215978741392,0.08799063864885617,1.743882202925921,1.1948117346815679,0.37905604694363504,0.051124428215873395,0.31453821958092343,0.3229217169829668,0.20000000000000007
70,6.782578590322011,110.66179827674472,1.5259496622200506,0.6637406044450264,1.0792004820769097,0.11044150561246754,1,0.4041153987242528,0.10516147664999058,1.4744627675762345,1.36840695709826,0.29625561880150686,0.0368554641276867,0.369794342823318,0.40044009832445837,0.20000000000000007
71,5.097739393057601,74.1473525616366,0.9643236190654308,0.8782287270266838,0.9676075818144079,0.18219571758693776,1,0.32952128017848664,0.1131528269730699,1.4180894510462576,1.0904219706438592,0.4041063367460911,0.036094963696077204,0.36349708435001693,0.4535840864938734,0.20000000000000007
72,7.355502234218537,139.6035745019512,1.1834940153601958,0.9022291235659461,0.9199230857336003,0.08252480154996847,3,0.5951466051604102,0.1282226287121123,1.9559164446846735,1.5492291154599416,0.394639469614243,0.04282766430056904,0.33697672762882236,0.33359518655450815,0.20000000000000007
73,9.834197207277818,104.44531091033892,1.599246931644209,0.983536419258072,0.9862297552291164,0.06415815935403733,1,0.6810299879135016,0.0835554301929871,1.7710417344177092,1.5684375510935786,0.26774721512374144,0.04049782193413732,0.15963984236569506,0.18351101405384262,0.20000000000000007
74,8.895742107810007,132.0825141742179,0.912842863058376,0.7858287406841036,0.9557633010501525,0.18901614013897236,1,0.44257790095316113,0.08620929804194018,1.4445808127754292,1.0845436659141792,0.30618379330649304,0.03085448870691962,0.25540996609726063,0.29610560574138933,0.20000000000000007
75,7.587529740566357,89.54541868013871,1.7072177007619032,0.5992863957642729,0.8130434907741083,0.05060936745562095,3,0.48732264654057755,0.08489007100703935,1.8276860181182215,1.3601747325278462,0.3629979629911202,0.05263003889682242,0.22601607318748607,0.23332200576242323,0.20000000000000007
76,10.778362809970996,115.30347977053282,1.1216134503805828,0.9910033815677456,1.0592148523591998,0.17458570655251093,2,0.5938978641181002,0.08565566787087915,1.6410070444199267,1.351095167455114,0.3299270384851387,0.03478040322738562,0.19918184218908097,0.21033094998925228,0.20000000000000007
77,6.511076909836426,123.82678137500957,1.7868544379715376,0.7215825138652388,1.0524560967412682,0.08818142356639876,1,0.4036131792295729,0.09390028246393822,1.6162741808236951,1.4888576463499104,0.35995582108193824,0.044786415765908076,0.35208882665757146,0.38659933417303294,0.20000000000000007
78,10.966710087196965,129.80023285033542,1.724569992719705,0.6479717875918721,0.8785939650403786,0.1730013102940101,1,0.4149060117892671,0.11899217993558156,1.945076641933207,1.2786618528979516,0.443906857835733,0.06226144183723155,0.3750786821771839,0.3477808797074562,0.20000000000000007
79,7.434921278391236,133.54629466272252,1.1185526472927239,0.8255628315727521,0.8680684054820871,0.19111853100529483,3,0.5207549558960629,0.08465633317625136,1.9960871405658893,1.2542552837589667,0.4061548001535069,0.04287542332038459,0.24310771727215053,0.2291183435802665,0.20000000000000007
80,5.6733894665115745,104.04744476530917,0.8820948921491105,0.8718684222579303,1.0869531080224464,0.07789664815903846,3,0.3134291999211006,0.1291528908811286,1.5002862377408477,1.4601025869484436,0.4438783874958412,0.027981050396565142,0.5066288723911047,0.43018364382235563,0.20000000000000007
81,11.450217006019063,104.92909069324794,1.3210010563675527,0.9387043188482023,0.8801464366931836,0.17810100416613814,3,0.4660925678151545,0.1266890951161022,2.4816719252088046,1.514738198458201,0.534138404471022,0.05819607818835353,0.35910321986393734,0.33723593397956253,0.20000000000000018
82,11.870709640329268,95.88598542920676,1.7539239785598377,0.8129028698694165,0.8473716650677953,0.22639482241406672,3,0.5657155786858162,0.07295403569345094,2.222602443732178,1.2529192844496928,0.38947268156460346,0.06800022655599151,0.15950435773916882,0.2342463030110815,0.20000000000000018
83,9.674443727387061,79.08217722333261,1.5610009105851805,0.6470587404831719,0.9164381706841042,0.13305213898072057,1,0.5070745187179,0.07194660807889196,1.6555498193137241,1.2433342798757718,0.30112251939159007,0.04506859908601126,0.20485671881724676,0.2041424297810598,0.20000000000000007
84,10.69202088691611,135.95326586502293,1.3110298461196541,0.6792080617847827,0.8113866501351479,0.11031568692354879,2,0.36655001638333573,0.09892114882744746,1.9840989643552187,1.3207822405403382,0.4111570742241146,0.05260234394025353,0.3253766936902647,0.26868815821691516,0.20000000000000007
85,5.668991860467393,141.86985863318094,1.6362934984247604,0.4569922469241813,1.0388012503969002,0.21997211111546122,3,0.442699986000318,0.1085313943655811,1.6728887290734062,1.2703311755639701,0.3560116431260545,0.048860302493018586,0.3161352466666437,0.29072476615977605,0.20000000000000007
86,9.118174947306752,87.55133228247237,0.9786391283204581,0.44178264505326265,0.9069968928360661,0.2039213945883432,3,0.5937749269552385,0.10694679924659717,1.4004198133353989,0.9880215971380738,0.4770783037716142,0.0293636039522404,0.2764561015500435,0.2912571784523489,0.20000000000000007
87,9.283083525118762,110.65357498264349,1.1455398223318647,0.6865484114391489,1.0324193733509606,0.17670780542640996,2,0.5481938724028972,0.07152793793747148,1.6996070770460763,1.349428295981019,0.3035995667509104,0.030298553952554857,0.20642095216264478,0.18349381080041316,0.20000000000000007
88,8.435341048504007,125.41472750385094,1.007867630706702,0.6735520019838812,0.8690499219834863,0.17215558074243276,1,0.5094180240811583,0.11997302652419914,1.6330886487387155,1.1077865526929058,0.4971903049415871,0.04467923866952114,0.28591737697348385,0.4096868715675088,0.20000000000000007
89,6.8331677008087786,80.60617276115724,1.5176911916205027,0.7828109240241254,0.8712719513425371,0.11919943889256107,2,0.6458683379288935,0.1012768609774399,1.944787258714649,1.3755597083680573,0.32658995067402374,0.047640643733656854,0.2515173660489832,0.3406801660434666,0.20000000000000007
90,10.167368016130913,97.61157599351057,1.2397728973593132,0.5962638007678415,0.9565392742787578,0.12907907868964547,3,0.6453145658601916,0.1159949831000559,1.7593567374387682,1.3714441376720443,0.42364897037655513,0.03924344195600793,0.2631462029276517,0.3506146165877706,0.20000000000000007
91,8.21679372789981,112.54497688444256,1.6320572511361355,0.7196197008332335,1.0814067751652594,0.17053370429785902,1,0.6361239976025532,0.08661196047519532,1.7198378155146172,1.4380717511840218,0.375792303063021,0.04199624442049798,0.2138503671933908,0.28719030043051963,0.20000000000000007
92,6.2313816748516615,115.55412061470676,1.7050826019060408,0.48772251386287857,1.0331155332678792,0.191605660602043,3,0.6402350617501354,0.12467855224907275,1.7304366125776525,1.3425898920471162,0.4659435413149795,0.05513351530902661,0.33634093828624323,0.3349611523149678,0.20000000000000007
93,10.310542932323642,136.48494353357296,0.9459774869766604,0.8345529522465753,1.0290842198980172,0.08556386973724472,1,0.47157665601521304,0.0709608436404966,1.3519693143303337,1.2470337627964012,0.2578562215571336,0.02568486015919522,0.1884763307030337,0.22541146877031826,0.20000000000000007
94,6.013829563722655,106.22574888010729,0.8701822179535599,0.7172698987030591,1.0667866592497364,0.10092192922154858,3,0.6207595918899876,0.12893471422207403,1.6850386783613722,1.5363151010437688,0.3715190021618626,0.0292259186916914,0.4019035675450031,0.35944128234366435,0.20000000000000007
95,7.040863079477784,123.22167840732519,1.5469093297698273,0.7923230788658415,0.9254901512944407,0.07809960846458269,3,0.49058683204188,0.1281657771030476,2.0094276721581683,1.6074409481945875,0.4466809425189009,0.05189393386588765,0.3947123739973838,0.475391611592863,0.20000000000000018
96,6.283406697250235,98.90354308506119,1.175763525422528,0.9567118669500269,0.8306516242465659,0.06985570974644713,2,0.4241536703693782,0.10856122382275868,1.6872529372508112,1.2537473946590005,0.4821137634331998,0.04344737945250205,0.3516528190734314,0.31575122855193183,0.20000000000000007
97,11.663318816302422,102.61000180937859,1.4013819625174402,0.967028651458374,0.9519228833861125,0.14448277384238165,1,0.5472284811669218,0.08696359855519155,1.7827250144857218,1.3494378948433081,0.36521950983212825,0.04643585930862851,0.2055627507338068,0.3179383905128554,0.20000000000000007
98,10.303253884823315,124.1281407423161,1.6324274269197483,0.6813611541893415,0.7879446629595771,0.16550404903088445,3,0.5042452483720944,0.10801019096593631,2.123599094087909,1.2381227059452578,0.5219647773925693,0.06913746508221673,0.33859812653654786,0.35131751690466806,0.20000000000000018
99,8.597826674778533,72.18646268869091,0.8657910445822239,0.4314445903176647,0.7943304797407656,0.11578769600594757,1,0.3927900905200017,0.09801400640458388,1.4201459217527705,0.9687657793759027,0.26866976394123787,0.029168294577117317,0.32227262594580286,0.44705028632980714,0.20000000000000007
100,9.416341852645047,86.76505248719835,1.5422658765669315,0.6661178048652382,0.8484084429658311,0.21925681478867293,1,0.45877697734309986,0.09090290759260013,1.8519722361308364,1.117471258292757,0.3746311237271327,0.054975604953352464,0.23573513412009584,0.31131276473259295,0.20000000000000007
101,7.599361273429519,95.15667202451482,1.123163011545726,0.49300568709161446,0.9062723737902532,0.1741719640371245,3,0.4897127610581057,0.1172692213244805,1.6388622891170495,1.1554418353355562,0.42612681145809184,0.038050580981532786,0.3069801425066836,0.3207763916105042,0.20000000000000007
102,5.836216208795711,148.0024899155632,1.28939550709149,0.47221579143802067,0.9332535183548383,0.2001936949978078,2,0.5816015060089477,0.10231707449356789,1.757446345047863,1.213276355773849,0.5029781697070099,0.044026175878554556,0.22521575770527813,0.2634144134178473,0.20000000000000007
103,10.420054961566999,77.00074088442852,0.9632883029207406,0.5865977085059945,1.019647388333329,0.23342692339519927,1,0.6392500546845218,0.08400250238900005,1.3125153184304366,1.024438901058423,0.2631061640534256,0.02483634605702867,0.20251385516045195,0.1933555564279279,0.20000000000000007
104,8.42490614706486,85.95930872940755,1.6161660538629303,0.7372757436872432,0.8435558210587117,0.056235928884630276,3,0.6140264325628069,0.08345896548428024,2.2518064331371392,1.6860196635556728,0.3947722150644686,0.04835356914590618,0.2347680850864735,0.30842958974850476,0.20000000000000018
105,6.306517630339533,91.29813048049502,1.448506945441982,0.9561134947795055,0.7704271353688448,0.13478338169588186,3,0.34108469266376357,0.09224834202297097,2.031197387924874,1.2285479751908759,0.38838291996968977,0.057846487398289737,0.280907979340017,0.27653423903589913,0.20000000000000007
106,9.118727919206009,136.8038985063166,1.641331715968593,0.7004552820075602,0.8211843851541013,0.15752224862483552,1,0.6034496293132591,0.1121178896477373,1.9757642953818015,1.2373654545099977,0.42819623122314754,0.07119141112188364,0.277992584424235,0.3095324733837428,0.20000000000000007
107,11.580578591678861,101.58595845923801,0.9763679744711955,0.8832351065662389,0.8526728458712901,0.14775471338808904,1,0.3585402808123685,0.10880031391514496,1.7432900594153915,1.181997881850387,0.4192400387612998,0.04014256579085864,0.44608486451636453,0.4332172772963628,0.20000000000000007
108,5.145169343662946,127.86767633170388,1.261897805477516,0.4954598796025228,0.7947192705871088,0.05515880182244291,2,0.6812011101559395,0.07439092071452838,1.6220153642870532,1.183188827462357,0.24943136953185774,0.03765465402195808,0.15225144410598968,0.19648745893219566,0.20000000000000007
109,7.8851467935329635,106.22322091734358,1.529993063397882,0.8477176267718418,0.7510154214114461,0.06999986608282877,1,0.6076639051412016,0.0977302947653616,1.847832228321982,1.228806788672745,0.4339943147556313,0.05518958111111132,0.30163256399978,0.2399306796993954,0.20000000000000007
110,8.715872659875842,96.54154647056839,1.4115615673357174,0.5689438264978608,0.7710226424041121,0.1661130650805939,2,0.4825901755613896,0.12302337149824139,2.234313271292565,1.2563963453118336,0.44680854576042917,0.06048359924398195,0.29116815900602044,0.5170877354012106,0.20000000000000018
111,11.17694403210806,114.08755055365803,0.8510221414860846,0.46952072429770175,0.8085250160300237,0.22671915538430595,1,0.4483988682279469,0.11384185850636222,1.6442670183956503,0.9684176659515177,0.37300354780716827,0.03851262260507547,0.3417205893072689,0.2645620511520279,0.20000000000000007
112,9.52380808028667,87.80423971091656,1.4084698417536379,0.9707833960903347,1.081428888256171,0.04390917126987706,2,0.3362164941022583,0.09493371499774615,1.6805291552167805,1.6924833427270514,0.4770552027574402,0.03395074573573836,0.35336559761650777,0.31326527314098096,0.20000000000000007
113,10.996441414031757,131.0404694374806,1.4930844422018834,0.7236253672985151,0.8105726457024985,0.06631039427646937,1,0.3890281303933028,0.10279518880981392,1.8291182018886218,1.3222572005039412,0.3432083620699822,0.0525518589452375,0.3066232136967625,0.37516126888905355,0.20000000000000007
114,10.868719553151383,81.85169521636763,0.9447381143786604,0.8442789005453022,0.7655303184717666,0.04928835661251395,1,0.40608053570055036,0.10180642278123647,1.551354586506382,1.103250347141902,0.3828876534382122,0.037882036189171346,0.37056846956309675,0.2735848359630583,0.20000000000000007
115,10.500267887277328,114.01803941298544,0.8498937894576105,0.9234898913359221,0.81921588869898,0.09406800674050718,2,0.34899497221507403,0.10776534727123635,1.674521092499973,1.1851161399296277,0.3465368436855225,0.03328964519888582,0.34110085246748734,0.3201886734597159,0.20000000000000007
116,9.99892269561268,131.1233595993454,1.3210143738733502,0.5507764779965442,1.059599900044884,0.23059636329433925,1,0.44646995909071807,0.07223675085745171,1.7014217594568801,1.2948160389732046,0.3805736850924295,0.036480777093257415,0.17660095049501512,0.25315163732186585,0.20000000000000007
117,11.690384709523357,142.92364854696726,1.7754203974057925,0.4088225401805788,0.9293725559393945,0.046192343693457955,3,0.4338331040383833,0.09243722987150932,1.9988929670406914,1.7006858978462,0.4154118587320039,0.04641687867506146,0.26914241301990405,0.2714559439033484,0.20000000000000007
118,7.625705615829888,78.91050024736434,1.1979573053027552,0.7038656832009356,1.0963670043185672,0.15594216184643078,3,0.531008665564378,0.09728161839702845,1.7585068814467806,1.5130517529111993,0.35280363349747845,0.029320115209680607,0.23080471529863977,0.26864692353309627,0.20000000000000007
119,11.824664160733624,75.719024550325,1.3748349424201347,0.7307873107469592,0.9974233552918499,0.0812453616005207,3,0.46006704139886345,0.08954469902887575,1.4824137026141126,1.3196557206808128,0.31281494013506483,0.034203183919658244,0.2424542275266408,0.258041333809072,0.20000000000000007
120,10.54719001071419,142.05398543873275,1.3919800528306547,0.49626551357255927,1.0587235887721915,0.15816845467759677,3,0.6560752529854326,0.07928196543190494,1.5241481067719835,1.3002076893350143,0.25212208049748197,0.033342574405899064,0.16054137464164686,0.20001228464266463,0.20000000000000007
121,7.651725997926606,111.09733048425274,0.8384506008661443,0.4559818332756831,0.8049543472703611,0.1071018481752051,2,0.48545330527504227,0.12813117834344329,1.6500201098242095,1.1287227471533103,0.3892654251762466,0.033783719113166785,0.3216835705440215,0.37258366524812325,0.20000000000000007
122,5.559065078161737,93.24029881974064,1.2012597699000236,0.40171843799025564,1.0568622965659928,0.15557479629337861,3,0.6925479645358985,0.08674405583066158,1.3695663137036707,1.1932064920280068,0.26319389172934193,0.026062503314784415,0.2827319116624524,0.20484404434764314,0.20000000000000007
123,5.686828704229136,146.26347124207945,1.4655903904179381,0.40433774533130284,1.0272574094545817,0.22404118523241773,1,0.4968842565561097,0.12488826558980815,1.4727845326183553,1.137570924789112,0.32471854855688953,0.04544973602456395,0.37203043797407553,0.3179492963023631,0.20000000000000007
124,8.237538754596727,117.92281186235641,1.41763133470578,0.48722801937929555,0.9397457293048195,0.09689733408918576,2,0.4454652036038277,0.1168780227306248,1.5711238254642361,1.2813822114171824,0.5325933506867846,0.040412828869497555,0.33422207322121633,0.3541029606844682,0.20000000000000007
125,10.34858920949925,90.6112340651102,1.4976997381382828,0.5009877199819078,0.8291153115193961,0.14566553820360734,3,0.6000970357959771,0.07583181450045201,1.9413492000050938,1.2547691069765254,0.35159366373099044,0.04898163937484814,0.20432699151123224,0.19554605497275124,0.20000000000000007
126,8.36865232363435,90.19661460703588,1.231628750928792,0.8593963519208934,0.992629592995976,0.0755853649163758,3,0.4029873690570227,0.12080959600751368,1.8274943714934662,1.5938619306064334,0.6505276435809753,0.041605388100420485,0.39518390879439524,0.3849735452841505,0.20000000000000007
127,8.326667156253508,72.52480045229652,0.8581478470794676,0.9368702518718438,0.7933817189507368,0.07830841051430336,3,0.5318145240935968,0.12010430709921105,2.0999596263397677,1.4307848741453097,0.5621633867279856,0.03990106726355275,0.2835680416651165,0.43281796610354906,0.20000000000000018
128,5.726190297965466,111.67622199818516,0.906496832863888,0.5676566498123882,0.7662870701670262,0.15037829460984414,1,0.4759552723497196,0.0880501393902454,1.487383700903607,0.931429788580672,0.3305660809825006,0.03610587193413785,0.2954808555548838,0.27776565146631227,0.20000000000000007
129,11.822834332022401,77.14450222787102,1.7124282530671342,0.7421967436748425,0.8601230190937009,0.22183522506728232,3,0.6344201492933914,0.11181840788908948,2.2327345688765927,1.2843091399709659,0.3596449476472199,0.06214743173982519,0.21810691808322324,0.244416864948244,0.20000000000000018
130,8.829297622310888,109.71638202239397,1.0832995808663475,0.9072091439951174,0.8860984969706085,0.14474115766932502,1,0.6941112592557755,0.08485211838084751,1.583723993279566,1.1416377729006704,0.24650469921334506,0.03879785762936706,0.16797535682260045,0.15711406254408133,0.20000000000000007
131,8.13386313801521,71.43841926562567,1.6229723091446402,0.506249422429558,1.06009102136195,0.06732993188893986,2,0.4378855923703806,0.12110234263069115,1.67095416997106,1.5922293794261528,0.33824355747714474,0.04005861920189595,0.34234792712877427,0.42824260436115674,0.20000000000000007
132,6.799378929570047,90.0251065726868,1.79845919717961,0.9877859112547545,0.997937629794394,0.12593283770903646,2,0.6170995389601219,0.12775705503439794,1.8259573615707314,1.4815191969478878,0.48434999304184356,0.054507215385443265,0.36531258826844154,0.38528899145797046,0.20000000000000007
133,11.380359037330411,143.5418957872106,0.9826683298309421,0.969111122557521,0.7712377713466338,0.1493680187680842,3,0.3411777270250567,0.10221488448846469,1.8651950525566834,1.125065168629907,0.3992605716606257,0.049625759815214686,0.3091014916044378,0.25486761264490887,0.20000000000000007
134,10.951342027556862,81.17204435386064,1.0782283222690205,0.7790917758963298,0.8354279417764109,0.05569659382149442,3,0.3289320048949748,0.1183137787887854,1.7743404968504028,1.3490173634409537,0.5394735738354159,0.044145579301966276,0.44477131641637135,0.43515818241532045,0.20000000000000007
135,9.840185550248613,134.57644530195677,1.536991779248765,0.8662100409677642,0.9716150588447849,0.08560975204208693,3,0.5797581577623552,0.08275417486998268,1.9175002158795191,1.6003619239959657,0.3437383607282274,0.04497262354326329,0.2659123296603416,0.22425592839613073,0.20000000000000007
136,10.272570916861604,75.65814404787884,1.5982265362782435,0.43422839765233984,0.766558900410018,0.07462249458851855,2,0.669083930032901,0.12868291878899177,1.9343171485864146,1.295736756077527,0.41157453614962725,0.053583009745792894,0.45128423834229425,0.3226556721768389,0.20000000000000007
137,7.841141417833288,148.2536889331608,1.2602700157517903,0.4854243531627731,0.9682989569219317,0.23583603248617738,2,0.4517757069713624,0.12220046981657637,1.7479267030706274,1.1984752312913762,0.3414033681295501,0.042536970412760854,0.3411683404211632,0.35847588153424326,0.20000000000000007
138,10.839735846801215,112.2956514092923,1.175550004036396,0.44217925418855974,0.756089541181453,0.22464322994963334,1,0.6869833520112358,0.07465027562885136,1.9481943979532768,1.0245962221468967,0.36001333970812244,0.04747389148204526,0.18021909658605684,0.22434573819665515,0.20000000000000007
139,8.73861041410493,86.13769851319513,1.1585973271818757,0.42631826622866753,1.0889932418198083,0.17035738769823391,3,0.30159020641215595,0.12361525779547888,1.4491665955718274,1.2656690245912796,0.33944196573565444,0.03309642757850102,0.40340620310360276,0.4044426358082478,0.20000000000000007
140,7.960744826028068,102.61790447482807,0.993766996974285,0.4383301305774103,0.9016555450331991,0.08264876895109004,3,0.6245053542123684,0.12933223541500272,1.7919142136910395,1.4072729598888933,0.48535421740498275,0.03376257767541043,0.3111944264297064,0.23777927075430672,0.20000000000000007
141,6.631311370259185,85.88873623663076,0.8261761422180912,0.6176615735452132,0.766475616702546,0.20537494632018793,2,0.42160110922128746,0.08449335882505231,1.6064071145583863,0.9258269636510066,0.34916025700930753,0.03488278719805065,0.230116289786092,0.281745765127292,0.20000000000000007
142,6.640069876645814,143.72933740054964,0.9761611817487701,0.8669412135653796,0.7879193391787194,0.04953136834502328,3,0.5749107824903379,0.10764453162601306,1.8139043388818898,1.3113884020395088,0.5748067713025087,0.04048201888966069,0.2770944921328202,0.34275073631873454,0.20000000000000007
143,7.856836588555026,92.79330694877842,1.100978383917816,0.43762644209100676,0.830427800864316,0.07186950331505636,1,0.40018727649536034,0.10592944187185405,1.5255610342818169,1.1416917151654773,0.5011760643620655,0.03865664289187396,0.4018478579908298,0.3410953743649716,0.20000000000000007
144,8.074019880348327,125.76881461669595,0.923810183884731,0.5663833554664174,0.9214205455294242,0.08407518000818384,2,0.4279226956823456,0.1259931988446716,1.442353755871934,1.1852800359788591,0.3957213655015759,0.03087553873293333,0.5224624451466531,0.3028530113435941,0.20000000000000007
145,10.349923185282552,130.25409429143207,1.7990886419186243,0.6549619092734005,0.9545315298547465,0.1290449137406263,1,0.36432681520907556,0.11305366312028535,1.8128523340664362,1.4023579679820086,0.4532160763457105,0.055389647835915545,0.4387837386464797,0.48646638376516393,0.20000000000000007
146,9.715114862823048,121.14644998988635,1.6878792841231376,0.6310045826530074,1.0222216442842234,0.11404717634923664,3,0.6296020106576639,0.12070451946429081,1.83772197339545,1.5530583366929416,0.44907153361077556,0.045927119268257516,0.28308733247770246,0.28674892213466396,0.20000000000000007
147,6.440687895772471,98.29909025023558,1.175136362426147,0.5821042287300496,1.0341766362084592,0.2032335699204597,3,0.47114765971084704,0.08076769465257991,1.571884420495779,1.232024111330291,0.3447287744745855,0.032911591942335706,0.2299920313196966,0.251643591980634,0.20000000000000007
148,6.342713880907854,135.85357494578795,1.4655346946991996,0.5974293936633199,0.8613872201134662,0.18363101409223048,2,0.33400800345230763,0.10244067046935831,1.8173451340213218,1.1737372023396633,0.3621190267200447,0.053125555523660294,0.3790813592948026,0.40467906402282683,0.20000000000000007
149,8.846113995776257,100.91839735846659,1.063527023519888,0.4420857751856034,0.7591671957610991,0.2201892456967281,1,0.6691971641263779,0.11363684504218541,1.8204119351046903,0.9865522312157069,0.45154496325868543,0.04625235101639808,0.21675601960586088,0.2713651981817736,0.20000000000000007
150,5.16942706869923,126.37176312544072,1.40375143330417,0.5659688233773484,0.8095922966691553,0.13086575255351207,1,0.4684199441410064,0.08585686296319267,1.8106026630667134,1.185055863766236,0.3203901848059283,0.04750078088234466,0.26250315069472463,0.2489880952387049,0.20000000000000007
151,8.92750522394564,105.09033313525717,1.3101716915446149,0.8305341213914603,0.9025509548490518,0.17637736345535407,3,0.6983595505181893,0.11358755149005731,1.9349618909880164,1.3020377367055014,0.37200341950977456,0.051921665141094676,0.24582436214213477,0.23617567712123888,0.20000000000000007
152,10.78126685323199,88.04314054608298,1.1130867453188196,0.7696499412526716,0.8395982272736648,0.17588442304558471,3,0.40373920120655715,0.09938322691362689,1.8674412408353784,1.180244526066495,0.47010832546990855,0.044981978125418765,0.39236257290115417,0.34837586663272024,0.20000000000000007
153,6.509294643474716,114.48932219409045,0.9183543391067945,0.9193869675865327,1.0085991374084131,0.17992739701485577,2,0.3559505372477263,0.07351078695596219,1.4309876943654278,1.147771706832568,0.23475078522209225,0.02834882360442418,0.20671446154573891,0.19640432374226902,0.20000000000000007
154,10.234708941941978,85.3258671285591,0.8613143085595194,0.75440889253711,0.9870837071153007,0.10736887917753546,2,0.6441768489599781,0.07776064877021051,1.4730733044042872,1.2554775323795908,0.2905461122569273,0.02285239874031261,0.20786328682098087,0.16671246007781715,0.20000000000000007
155,9.743331256911853,87.55782926036008,1.1033193898263192,0.689291744287104,0.8892291100196732,0.23249880788888028,3,0.32718735603976007,0.08915280496900892,1.9000973758950739,1.171907765679617,0.3079448429659035,0.03782460537008546,0.2699990142660764,0.3121946428845007,0.20000000000000007
156,5.109537322080909,127.01943816159528,1.060946379641081,0.4395891598604799,0.9957091875015274,0.111297120662923,2,0.6488260108861017,0.07969565152424214,1.3671752256951397,1.18152494716957,0.33788597802725895,0.026908473151781378,0.23700298147453136,0.19834803342930485,0.20000000000000007
157,6.719938711375016,111.87579815614562,0.8707167757610269,0.9346951330781795,0.8524282941964493,0.16961099863383441,1,0.5807808185855445,0.11022886535052175,1.6108384651680334,1.078469301827587,0.3804809827833142,0.041253335430221104,0.24604447267134244,0.29550173905697386,0.20000000000000007
158,6.177858476858303,136.71708767864902,1.4280031268702844,0.9182035575853319,0.894426834888151,0.17281598472713064,2,0.5829234853252416,0.09422020925089188,2.007211394583589,1.332936947330223,0.37968715052585167,0.046871358379952974,0.21287907012594753,0.3064660814743583,0.20000000000000018
159,8.624892468538047,104.76425575168246,1.1321245615481188,0.7112768889322045,0.865099054607452,0.21425587374603705,1,0.4478172089077399,0.09770375455273302,2.249783187725167,1.3132570036607907,0.3559327745409566,0.04327407775661774,0.31043341228705146,0.23187227902923346,0.20000000000000018
160,10.748205622403628,112.16998399213918,0.8017270681175414,0.4039213422868769,0.8074266438602811,0.22526641390215218,1,0.4698486516920173,0.11830357170261951,1.728952697389809,1.0046978175365289,0.4255488172605999,0.03863240099376357,0.37424408215005234,0.3863682695623918,0.20000000000000007
161,10.273371702074915,134.07256106017678,1.189451940636475,0.7041774430033724,0.9615125076339591,0.0961625287914538,3,0.3694591005933446,0.11841732943371255,1.7009988460527552,1.405612349964243,0.5004656340712148,0.043817016689013055,0.3934016565818077,0.36800213140990423,0.20000000000000007
162,11.853829329816396,131.1175672700595,1.2005642153464806,0.5991058040137323,1.01268536924634,0.08599251661782721,2,0.5899107933558718,0.12877260478261665,1.5566800829359106,1.3903155583662428,0.43844106901445024,0.03767796078255763,0.29066479157935554,0.29258393561618956,0.20000000000000007
163,6.796937249380585,81.45229300728316,1.3047429824712249,0.751838314864159,1.073122261795159,0.1540860065753167,1,0.5669214112834107,0.07819091151757965,1.3079246637015292,1.1681436996023757,0.2959845425532144,0.03036910368649787,0.1800527545386421,0.20105784994305398,0.20000000000000007
164,8.640127609430273,82.62785589283786,0.8465461171279511,0.7005076952800882,0.9352450832152785,0.14515736286308475,3,0.4901809509804516,0.10002097858795696,1.497368832708126,1.150369334533261,0.3652077728717076,0.02969943905348648,0.29449026750176344,0.27112064800210156,0.20000000000000007
165,5.054942950901363,111.96649864947751,1.1401816370301818,0.808651591651161,0.7795269800786183,0.07687226054070542,3,0.49600609870469226,0.11960654887447947,2.098409994783714,1.408554031681043,0.5988086704246183,0.05206106990265899,0.3343939732254618,0.3988856373440536,0.20000000000000007
166,6.505410731641469,142.9100837330384,1.4975112297872206,0.44305618645115585,0.8624938420055654,0.14327564019152464,3,0.5316405770242016,0.0889185767022733,1.7880798196128012,1.2276884420256888,0.347646365555879,0.04753031571904192,0.2751121758172046,0.23881782078584035,0.20000000000000007
167,10.41809994880622,125.31650489666806,1.3101071000298066,0.546198870053576,0.8257697111252839,0.07853872200684059,1,0.47912405101188626,0.10030994883299044,1.654107862029366,1.2088664910377325,0.3322575753834238,0.03824197166781182,0.27423210838551304,0.21002025087140153,0.20000000000000007
168,9.787129015431631,76.48075185792831,1.2826854692842575,0.6322610419973411,1.0790887493230237,0.1528944143189682,3,0.5242086396956849,0.0849142288252039,1.424687195056137,1.2623831498094693,0.24276203195615897,0.02984097097410672,0.22147506821554064,0.26842187814148677,0.20000000000000007
169,5.9108670088003565,117.06606766716004,0.9147771014966546,0.9464094420963605,1.0064326627983144,0.04586001232465931,1,0.5336159477399112,0.08178474556385643,1.3912916337280816,1.3162579630828994,0.2853247625293074,0.02525545387070215,0.2300951473754923,0.23354919577490818,0.20000000000000007
170,8.358020772217738,137.50449944148363,0.8322727265411384,0.6293051043649946,0.7615078733283609,0.12916697319911227,3,0.5785990595564466,0.08547205028819958,1.7485258649357176,1.0861967326638209,0.2866528099338568,0.03879616216324419,0.2221404438949215,0.22452626551216648,0.20000000000000007
171,9.913239714512784,79.2420708879395,1.1257772263794332,0.5535315240191314,0.7749440437182392,0.1587923197097443,2,0.5604014562895324,0.09472826858689466,1.624586168147328,1.0007882277642766,0.3007024327976595,0.041528697240900095,0.3696790943351451,0.2538254282865826,0.20000000000000007
172,11.934361308733674,97.73660317845352,1.6326148024806024,0.9579615282048136,1.0998885995073948,0.18969678992412406,3,0.5114944135055323,0.09892330737033606,2.0768113810198767,1.638679636063807,0.39907929995012714,0.048003650782013296,0.2716386997519098,0.3393556098618764,0.20000000000000018
173,6.212046086260788,95.39506065377765,0.8599102974627322,0.41144966860046456,0.7606903030217851,0.23164978775036218,1,0.3783165394904436,0.07893377201715399,1.4944830472090715,0.8444819232996726,0.39368241396792625,0.03220594999759748,0.2537085800350012,0.23414954553220313,0.20000000000000007
174,7.378269743214535,76.22244670693918,1.5945012283468953,0.45921885484090696,0.895741826718198,0.05005014091059091,1,0.4311785092528433,0.10528723693666164,1.5379006000232178,1.2791063383990398,0.3241315183891058,0.04215981091524615,0.3395540912817828,0.3883175522423006,0.20000000000000007
175,6.087374357908513,97.89902625349326,1.343618227435722,0.8155095898212827,0.955202548940006,0.11589156992074731,1,0.5718875438355211,0.12557554044308164,1.7424801279139943,1.3847805881660715,0.3910576468365097,0.0412451834477417,0.3596161335163608,0.30409195358584373,0.20000000000000007
176,5.389798744331677,93.72816821874329,1.1139051844581758,0.47501792719524094,0.9616946008055335,0.2118662303007726,1,0.5000266630265318,0.08904197299825922,1.3427244853546165,1.0053040324728488,0.2432016499839178,0.030890074233885977,0.22863412814397704,0.2733443195102814,0.20000000000000007
177,6.881995555058463,110.95677831145505,1.7301435251620645,0.7603432807777171,0.8879672958449674,0.17383442147173336,3,0.6079121812909822,0.08402011550312183,2.0446808920732873,1.339502469908894,0.3985829882758376,0.054482177567344046,0.19791225858431527,0.2900520944278888,0.20000000000000018
178,10.693609654242007,126.19682247819352,1.4881269326256583,0.9905213639943161,1.0631167253325708,0.05074219588993481,3,0.6693217117306369,0.10717659403422028,1.8958594928714836,1.838642401132023,0.35725884538038843,0.043212273951113434,0.22264665563939023,0.238572681755171,0.20000000000000007
179,7.403633577759771,94.88748907927373,1.4222303066975686,0.9566607876517823,0.9681252376020771,0.17972403190413302,1,0.34228095353277155,0.07957524771864954,1.651035781824312,1.2326455107640737,0.33239673689534754,0.042834877534449305,0.3315809612196391,0.28619780838643005,0.20000000000000007
180,11.56931489870476,118.80866022683493,1.66144647403173,0.8280413442764964,0.7777273417459951,0.0571054896567814,3,0.4953227610415618,0.09992984615650183,1.999947455196022,1.395981583036759,0.5304758405006282,0.06204207483700221,0.3067790986231189,0.2981647272848471,0.20000000000000007
181,6.433624417033812,76.89683606962525,1.780901808106405,0.40357438225234066,0.9390366443948778,0.13823815147741184,2,0.6839533074648019,0.08744389919471945,1.791875728794763,1.348584944356116,0.2884321218568624,0.046677418404624506,0.28307781644512986,0.2115153917392132,0.20000000000000007
182,5.485159159066801,120.6189300679024,1.0398826403636672,0.463760446403203,0.8435416736999477,0.14348683152186145,1,0.6830719147745875,0.10269618060388755,1.4576055751985155,1.016874571441014,0.2683781425355969,0.027674159494673906,0.25505314264987544,0.204691487983081,0.20000000000000007
183,9.04307088992929,94.5712974668758,1.6007385974676307,0.4991210663312419,1.0942540444044797,0.05187410087905709,2,0.5176361620401497,0.1282005169002135,1.5545002379725066,1.5740865088969886,0.4248598451652228,0.040574952654653815,0.4404923516935504,0.3254096455611113,0.20000000000000007
184,5.508141211608862,76.95464978723953,1.6339196961261182,0.6366650475255263,0.9278224062901121,0.06448177547045256,1,0.6828790866058192,0.09750376703439549,1.499375214330509,1.2685112388437851,0.23674580689386415,0.04040514425079886,0.27886209223745684,0.2353028122954729,0.20000000000000007
185,7.465804714288769,144.05044754171865,1.4879491448718953,0.42549983782636164,0.9219156564696678,0.0710919463659985,3,0.47767872188388566,0.10725168659627639,1.8719820768722655,1.5231097939591778,0.4550560966817787,0.04391218558864216,0.277145115152754,0.29263925768166943,0.20000000000000007
186,5.608063120285918,108.71725572054854,1.4971043690736638,0.4238085297662398,1.0375011379882229,0.149231795731349,2,0.4302263880350598,0.1016759552061559,1.5203857057056929,1.285691498403801,0.4480458069031681,0.03907978181502761,0.35902602505857184,0.2755633247744542,0.20000000000000007
187,6.1979639126493815,87.22979602710939,0.865026149966652,0.8527607486038642,0.7808084059635884,0.22910689173917412,3,0.39524449411337764,0.09626740301633896,1.7993689356873483,0.9948412499496344,0.34356986960745717,0.038902530183607224,0.2864864952454024,0.31586419781283825,0.20000000000000007
188,11.767391709746986,75.52997323433593,1.4756996035405305,0.41343159694843484,1.0268267401111715,0.21949924226636316,1,0.6224689615785786,0.08969088927995175,1.5228147986047293,1.1719386247042796,0.2724891294018488,0.03839002464575743,0.22183720107536753,0.22720190685713937,0.20000000000000007
189,7.157408229829455,79.25429194848118,1.4024573048735784,0.4956305637895002,0.7939580042329079,0.1480210590970175,1,0.5550360608189602,0.08386261299180832,1.8080816777051685,1.132456792429982,0.30666312749282865,0.04665751594996464,0.256113389582461,0.20145753179637005,0.20000000000000007
190,8.22993485392966,97.90327665080555,0.8557112140471964,0.6056533956363193,0.9112669056368179,0.07023765818799364,3,0.661750476422023,0.09986389647263912,1.3469218237936615,1.121322935817968,0.2686449743529631,0.0258253721696605,0.26531678966867944,0.2220678987107051,0.20000000000000007
191,6.347313171164219,129.3946951126079,0.8300656864829423,0.9080765184586872,0.84083641306493,0.1869258065537288,2,0.6369866528847974,0.10181002998357622,1.9663228776434487,1.2089854332440255,0.3940997056286657,0.038023018499727154,0.2358120164168972,0.2838057217887272,0.20000000000000007
192,8.174029274641882,123.14964800937145,1.3078604018157325,0.5392165689650908,0.963030922963231,0.08966211452458978,2,0.561457915410475,0.09201513113815325,1.5923667044323326,1.3419075696742861,0.3684977627743753,0.03354902826935655,0.20757373540075852,0.26599838359754846,0.20000000000000007
193,7.664203182173582,75.12854315298539,1.3221614171183544,0.9095798134574813,0.7595082305925984,0.08136266331637243,2,0.352224013028229,0.1044833816057173,1.7068816885783307,1.138306707752942,0.41581146018401527,0.050347866010564235,0.3256999834952429,0.29815761440163013,0.20000000000000007
194,10.266531055550274,102.84414400777729,1.0427407299641995,0.43606992316075954,1.0215916079126408,0.08727445982283683,3,0.4131130247907064,0.0977219497853677,1.472715504506046,1.3331619010146518,0.35545307324743103,0.027318439477382273,0.37590762500486674,0.28249531549107154,0.20000000000000007
195,6.012914656492788,75.30967238197148,1.0877619973644967,0.9011216595999799,0.9506173796760319,0.22225420005706548,2,0.31930884824127564,0.07114421015088668,1.5426044507041363,1.0920253589955384,0.2880577463478762,0.033976860798556545,0.29626916348800036,0.20158258815002117,0.20000000000000007
196,9.591477605733319,144.19682416971054,1.6060812746836686,0.7412082802857793,0.762583264483361,0.1988041070009853,1,0.31598439291954655,0.07713929608439934,2.123250125454293,1.1385575305382503,0.35914075361327513,0.06780824077137752,0.32714219524034815,0.32299966846956396,0.20000000000000018
197,6.637162374032092,93.91542110415658,1.2836582154909806,0.9273731753387774,0.8208865319732943,0.17058976597088035,3,0.5726354529144184,0.1228582641747083,2.180139822431041,1.3044937462297175,0.46162680012287205,0.061153250720683186,0.3050989413461971,0.3136483493021789,0.20000000000000007
198,6.313576048132715,142.71005951678558,1.0913980731475235,0.8857964993965388,0.7710441696797813,0.21072471290542089,1,0.547208337359394,0.10359077924842014,1.997004221075829,1.083726633890268,0.3713632574386194,0.05638826760112647,0.26539092387152374,0.31156835752416356,0.20000000000000007
199,8.241802286988609,113.6857408225309,1.7346919890487462,0.8552388040241805,0.8689010593988185,0.17206666313550867,2,0.6489592727932445,0.07088828906593447,1.9239965551725802,1.2559674898272986,0.3079046989422656,0.0544493760929078,0.14937096456693888,0.23598686575404437,0.20000000000000007
200,10.619390063739798,137.24563079312418,1.268782525781348,0.9038705517143943,0.8236384237425503,0.211074761882393,2,0.4300160589485955,0.11063874142065677,1.9485081732835543,1.1371699297915139,0.4844312555657466,0.05355770276056318,0.3856929961099076,0.31001706774782,0.20000000000000007
201,8.62184643101354,146.71176907715426,0.9920018316318453,0.7411748984422106,0.9764501416665303,0.17992191599208723,1,0.44871548887819046,0.10152204667322273,1.6197535465981707,1.22469634970604,0.4108225583477785,0.03701895697393459,0.3457065634103851,0.3163682778830824,0.20000000000000007
202,6.41266869655278,128.82021524081154,1.2948425300387463,0.9285001647545348,1.026685507644815,0.20818993944113098,3,0.44208046736696976,0.11520090776895264,1.8955229315586553,1.395429319397978,0.537150703004575,0.04404987781506616,0.3265969846129646,0.4390924328794703,0.20000000000000007
203,8.206272432391204,118.70374463819282,1.147226801686826,0.9598115270300057,0.7892854223847381,0.08095033976797555,3,0.6167718823228279,0.09944959766519923,1.7949531200066489,1.2369927330648889,0.3496187717636776,0.05065328722872137,0.25721724556316294,0.21267365768449986,0.20000000000000007
204,11.416979198429026,100.62514070062618,1.6827440432138756,0.8793373602924723,0.7550787845856576,0.18297209239947987,1,0.42987627697876984,0.10381455294060582,2.3395196559611566,1.2370021136951217,0.43425036699435915,0.07038941217459388,0.29959394104044135,0.4193101972748634,0.20000000000000018
205,7.525042337405165,83.9026372547814,1.7992552569345457,0.531332551856724,0.8269927986007959,0.23820601645723438,2,0.4002056785512231,0.07807980641243807,2.005262997550126,1.1222687556350477,0.47653265250988586,0.06607738717529532,0.2712612949146851,0.2041907518376902,0.20000000000000007
206,8.643835660785383,76.29654270992762,1.2964894110558614,0.6961693204930879,0.9595930401367485,0.2254439657409677,1,0.6415994183044695,0.0707723823335534,1.5504619476438186,1.1024571106455292,0.3632177605347082,0.03716360696141725,0.23054381634189758,0.19851822333619706,0.20000000000000007
207,5.167624844563753,72.19686620776088,1.6326599691101553,0.5801059770352531,0.819463390586739,0.23357290980481843,2,0.46153801945766415,0.10325289614769476,1.855732429356347,1.0608713501432456,0.4837858682821956,0.05947552816142507,0.3599492468814389,0.291599625558715,0.20000000000000007
208,8.101305343235378,71.30608806383916,1.2348500608748543,0.8832178847183588,0.853703490888823,0.14718983157955343,1,0.47205520566011683,0.08591931418444979,2.111158681360942,1.3750263486976064,0.3902344294044111,0.04310501384666158,0.27769465666051707,0.2778890948738069,0.20000000000000007
209,6.873791942343729,130.30649612978422,1.4108164078097793,0.4952330621278541,0.8750335871177812,0.20195672538751128,3,0.5903434781218937,0.12316339852024819,2.1877722218520477,1.327734281950148,0.4499607620346817,0.054537455779338544,0.340764502778963,0.31922398444666467,0.20000000000000018
210,9.912883575062875,101.44497994436122,1.1672193869740553,0.801358339868546,0.7977814703667141,0.1728279267033861,3,0.46035095260664993,0.12757403426291525,2.1107370730195645,1.2338173677053053,0.5404307275568847,0.05657258383556065,0.36494418195869516,0.35805127264460557,0.20000000000000007
211,8.705385764363427,149.2066619299757,0.8617615838223778,0.8220558184872488,0.8086422455346645,0.11815088497972162,1,0.6405402498290187,0.08075238053597208,1.5185348200597089,1.0411518619133155,0.32725531363741855,0.03585550640715439,0.214148732156083,0.3008427615805632,0.20000000000000007
212,9.648517505885028,135.1811857157519,1.1768702692469306,0.9571888481097006,1.0675381116964127,0.1732114812664311,1,0.3625345903491013,0.0883484829166138,1.5523768294044769,1.3060407876550384,0.34417587758236734,0.04024641515871837,0.29774991277516105,0.2997319076511692,0.20000000000000007
213,9.122288873409717,79.31561426977512,0.8094587297250782,0.6141194484365342,0.7548650199993373,0.07584847731495291,2,0.3819771554129553,0.087250487556855,1.5741114528035594,1.0615044561060532,0.4200349225807132,0.032154761622357315,0.26396511952638624,0.23712167035317905,0.20000000000000007
214,6.310747209010341,81.65392669711657,1.1898303104839696,0.6951552346259311,0.960793319895472,0.0995514116964072,1,0.4388014042851409,0.07151328900203519,1.699612006409427,1.3966623107067369,0.29113460006064584,0.030920501430628352,0.24160355243276443,0.2628141976274718,0.20000000000000007
215,6.500632620615381,111.32006804877335,1.1654743779436392,0.8295181623340547,1.0617645223983865,0.22390960391978426,1,0.4960928360328335,0.08288474965523093,1.5433253370854694,1.217813814270874,0.272528367982525,0.03127138402949485,0.1852465985236974,0.19770365562398684,0.20000000000000007
216,9.788023697268951,101.79773866551997,1.6620233090311618,0.5870504209069118,0.9300795524669715,0.048614525952124975,2,0.3466902349236762,0.12186582985130542,1.7501068518845593,1.500108448269785,0.43425454484295267,0.05179423791581634,0.6056052850382947,0.35595510004715725,0.20000000000000007
217,5.388069308519698,81.87759124779195,1.311028928944315,0.9384233475057367,1.0547748905299699,0.05990947093180293,3,0.5372606435462615,0.11508860704108703,1.6827583488472504,1.6123819316871113,0.4177478962236545,0.03988155198991012,0.2703435509500527,0.29924178632881515,0.20000000000000007
218,9.873379172090527,100.95029862277566,1.4624273252325948,0.5509393574583383,1.0015333939950106,0.20411438995549322,3,0.4134384320287265,0.09622245254546336,2.0344597570875096,1.4397183334452757,0.4356770681066142,0.04762544085090069,0.27669043751998657,0.24210594310060118,0.20000000000000018
219,8.796024661660807,107.02139189398514,0.9047033233002207,0.8973472259276842,1.0269503802507507,0.09493690204418054,1,0.4122404761002645,0.11133497683498951,1.4480457204560817,1.3073463161715557,0.46042766275824776,0.02797185258835125,0.33218215677300855,0.3632662480615232,0.20000000000000007
220,9.72465458685502,74.14700907436453,1.0877733988781948,0.8209480403379328,1.0328552356153486,0.05678235461835269,2,0.5605545050272123,0.10407698151766975,1.6108954527739723,1.5243855868644078,0.3111961147285258,0.02864051468302491,0.28442748383923155,0.31455028744026126,0.20000000000000007
221,7.587858339718389,120.56566957785462,1.3610674895339143,0.5803352574911064,0.9015795667583439,0.23643058657276353,1,0.5461496691864107,0.10173378799090957,1.7280156304305454,1.106057452408294,0.36278765823971293,0.047640994692704636,0.262040963307988,0.2490402763284385,0.20000000000000007
222,6.652961235206114,107.41094546424563,0.848808380569581,0.8805277739666516,0.8126811821837245,0.05533609372457074,3,0.6520055100798101,0.09273805770648866,1.640307861799083,1.2221178579690393,0.41046355416360547,0.03364497822778966,0.22505307413710662,0.22893731805692785,0.20000000000000007
223,8.064991359381349,91.23908546706463,1.1912458498124876,0.5023298481783621,0.9524529269322858,0.10316125671867468,2,0.4051318988409157,0.10200689489212916,1.9504570960835514,1.54653731446359,0.338008149835459,0.031218396549318208,0.2732564679478694,0.32822244085229646,0.20000000000000007
224,7.380668104365686,103.76554603860933,1.5626737352963054,0.4068181755511796,0.9524666128434242,0.18008969379921175,1,0.5449718888207472,0.11991397931097246,1.5985847999662968,1.1822440186505707,0.43289406891273496,0.04692113165064661,0.34503297274985534,0.3289342481443944,0.20000000000000007
225,10.415025237850916,109.36525913099649,1.0714708860650606,0.4607970821381476,1.0726214458644905,0.1551117624505995,3,0.6809662689194426,0.09942709920950801,1.653598575423997,1.4116162003547872,0.33550445597785417,0.029690774769240064,0.2047958818504947,0.21116509541413175,0.20000000000000007
226,6.9368248239224695,75.75689016873666,1.1807759946255512,0.6954720576713911,0.7789921406900115,0.2263908190823919,1,0.4374915169125682,0.08988980522683808,1.7816028830808681,0.9889663884853334,0.3074695012877968,0.04663533586909961,0.24743896074826177,0.32192844643673124,0.20000000000000007
227,9.406376521374854,84.51842769552681,0.8970688419412267,0.8615753852842762,0.823359583843351,0.167763062950622,1,0.47660129713919375,0.12913439484680067,1.9095481593482608,1.1907773055118926,0.4084868237785848,0.04217146823625085,0.34581858293637946,0.37349607714620303,0.20000000000000007
228,11.148256700197429,88.55367637668243,1.054665062009403,0.9875435701719003,1.0399782222395981,0.22454785599581065,1,0.5977002531621327,0.10542862936975553,1.8023322299353821,1.3343583262788536,0.35471858988012217,0.034594548645286695,0.20425983746484877,0.333497676677443,0.20000000000000007
229,9.605494496423166,127.0150064648543,1.4580643369521191,0.5262556067376667,0.9075934999890393,0.20187573447842933,3,0.6279862825903886,0.11055643448401575,1.8811491005803909,1.2374041355488141,0.3443899390473619,0.05027927001095212,0.2721047671944099,0.22796037286427007,0.20000000000000007
230,7.362704160964553,147.0246936514697,1.2785121640626982,0.8160603359189322,0.800737391526528,0.10713385413819673,2,0.3212240028811705,0.0729944666425412,1.773867859810486,1.193573972867079,0.4422727295056581,0.04776049473901214,0.2272246694688329,0.2708787174981473,0.20000000000000007
231,5.919218902233238,74.14692771117797,1.0371228706095086,0.6784867813860624,0.9432244402740947,0.0480474863205845,1,0.38619431822234407,0.09024119000312844,1.3820701092117091,1.2224270438535654,0.31041205048634857,0.02737693457416512,0.33402630459287497,0.34044909001082746,0.20000000000000007
232,11.662464487986618,123.06753268001023,1.3274072915098931,0.9036612570210544,0.9240713705220186,0.20399518818736423,1,0.46625818189631785,0.12307551918580678,2.1969305911786536,1.4018589652522138,0.5455056858267071,0.05696250608004477,0.3445098689281627,0.4266225872338991,0.20000000000000018
233,5.798087296647497,107.42774095887984,1.733758434917601,0.6377488858090888,1.0999118634069698,0.16547767895229426,2,0.40292342747047666,0.1294525048269648,1.8634615219393007,1.5665729753827455,0.49241223586805005,0.04956063565748522,0.36245046831694405,0.3548974139472063,0.20000000000000007
234,5.237745191970987,76.40586550531712,1.1059089514821623,0.9526595447764263,0.7526538573672266,0.22659284933522023,1,0.5212652525593046,0.12405209321759209,1.9870741740921922,1.0312511846799697,0.5729174138906088,0.06276982783398619,0.35421045205724866,0.3351720616290348,0.20000000000000007
235,10.600076749691064,122.15082762516349,1.4583860725159368,0.42473588152587055,0.8621765921219288,0.1548279570705515,3,0.46253676426309454,0.09759488880676657,2.1987929741983123,1.4142784728381983,0.39540303529220333,0.04837413869618487,0.31319479735613087,0.29373456646646945,0.20000000000000007
236,6.378113714884686,130.5123074559595,0.8658492185585577,0.608545025923958,0.9177200749092944,0.1901482319332348,1,0.5435544465579871,0.09142789448299668,1.3765016180357217,1.0011918619285847,0.3926524054763818,0.030049763515647233,0.2096661164090099,0.22317514322770549,0.20000000000000007
237,8.663485333735023,75.23621966723726,1.4092794979852696,0.515209593691685,0.7921454757490239,0.07138142342132273,2,0.5624584352565833,0.09185325283298662,2.020695317709176,1.3989062631950766,0.4019477805560321,0.044456686830273595,0.21918853989335618,0.2615166979232173,0.20000000000000007
238,7.049449817764838,74.9359555934693,1.494280090516629,0.5619081064959531,0.8349621253805373,0.045833964953055084,2,0.6410599475682086,0.0891853575329439,1.6429491084341397,1.2757338563626694,0.32684700539944966,0.043367765512136995,0.1943712885659592,0.24067855776982316,0.20000000000000007
239,11.35219340334807,95.05571084255446,1.0947671475185632,0.7412258954198778,0.8984854882144863,0.11961430691682687,1,0.5574783889659786,0.07039754329487934,1.747294797355328,1.2985253334898643,0.2872577680318722,0.031365860815690705,0.18400714995051692,0.1725763138430525,0.20000000000000007
240,6.377057113229865,132.75803704035167,1.012583001634094,0.5460232040656918,1.0068406900950588,0.07374286096617676,2,0.6197246750219396,0.07449769787475402,1.2850208936690428,1.1818206759069363,0.2789388494515883,0.02355217443069084,0.16837003736268408,0.2308909851806722,0.20000000000000007
241,6.70497510626567,115.31660690571414,0.8254757574996079,0.7292742294294596,0.8341569816907031,0.15307768275108352,1,0.5222220833434447,0.10633509057805049,1.4513957100968904,0.9906032972838031,0.28231946638664485,0.0330958537605608,0.3335899242852117,0.2741196468620879,0.20000000000000007
242,5.140592771012501,127.5346839292794,1.4570947585185015,0.4284360334213182,0.951929374330912,0.1525977992082768,2,0.5876068523664073,0.08510183066014268,1.463672085466385,1.1389290697182872,0.4013532887611231,0.0393581190468429,0.2672829099856937,0.2063402184104718,0.20000000000000007
243,11.01212371217839,133.85948136049268,1.5080336721975516,0.7457155709857088,1.084575514168515,0.1233743377715514,3,0.4741991094454179,0.07991866609482733,1.6120121386406394,1.4583173776805707,0.2796132480644187,0.03540130048706072,0.23198171399142964,0.30073421125552446,0.20000000000000007
244,5.072004084139057,83.40083017954191,1.416303826020282,0.5056254142187442,0.7967414105945946,0.22358690989330973,3,0.3470985758440784,0.12723245361518817,1.8257976794776387,1.0329948517734873,0.4890084956026881,0.05893090741162849,0.42517290593944945,0.4597700934105662,0.20000000000000007
245,6.638751244476393,92.71454386990337,1.0576591058032543,0.9335953535635835,0.9834593662748616,0.059315218911575415,2,0.3991584048527921,0.08442859591707483,1.5948282314073408,1.4328998915284483,0.30992272059678916,0.030392756571351986,0.26776418739237795,0.2752655928515433,0.20000000000000007
246,9.596037741180844,114.18793726407894,1.3995644388911304,0.988584633432567,0.8679257698485205,0.049711299762241964,1,0.42628395013622705,0.11612026993621688,1.5526321993242005,1.2510121684704887,0.35530219492508386,0.0491603444410339,0.4082365930485319,0.3288412404161129,0.20000000000000007
247,5.4111041174607655,135.22068179967823,1.4882315649450244,0.8715887043918927,0.8175579580792824,0.125663195967496,2,0.4120316034066665,0.07474393634667728,1.8820058669834765,1.2443593022632857,0.39468606307626297,0.05515213273434986,0.21350102115184133,0.24577226114023243,0.20000000000000007
248,9.189833988858734,121.40477940532985,0.9338980624947217,0.5968000749172899,0.9228159220768806,0.08275491006192187,3,0.5961900508408637,0.12672332527176744,1.596405769857589,1.3012764848911478,0.275476433362555,0.028905201569194672,0.26549908989569837,0.3937055863049226,0.20000000000000007
249,7.611217665922168,77.3231099250643,1.6827578868986002,0.4614014353578907,0.9805032384746711,0.04319580204704504,1,0.6957532213619376,0.08403547352267415,1.4176140339347505,1.3097713359217857,0.2883123622057886,0.034424605171568465,0.1586150376418496,0.16933813456778624,0.20000000000000007
250,10.375546309023235,98.97481530082338,1.6091361138099707,0.5080659569506992,0.7759467683749157,0.09451574898783328,2,0.4485433277684514,0.08057243117155984,1.9334039857281642,1.2684294269236926,0.3309655847455546,0.05294543242642055,0.2747908901233196,0.21503655110087494,0.20000000000000007
251,8.588808023761382,122.87884020540277,1.581699143148475,0.8400773976395457,0.8155226776160065,0.13123313786638532,2,0.6084344561239574,0.08890975340478331,2.0284548876385293,1.3064684159325157,0.3488718969702802,0.05366198162245355,0.22251937208607464,0.190406434972491,0.20000000000000007
252,10.873446658172636,83.0453141056631,1.2752916056956893,0.59762694847752,0.7970416187419025,0.1286244986073624,2,0.6917169745877212,0.07888338472869745,1.6357943700854267,1.0771585531315544,0.2783734655495278,0.04182584036798386,0.19086380994696728,0.17857263174185378,0.20000000000000007
253,10.320423787007368,104.12486065386084,1.3266043981332782,0.8275613912267614,0.8685739761439836,0.16436226720948854,1,0.543129414647916,0.0826402357220893,1.8938798134327954,1.2544778645959649,0.2913063984459414,0.04436166262547874,0.2156913672035108,0.23656065620678812,0.20000000000000007
254,7.111329573847373,86.46969495267535,1.557359969197484,0.9433378185293985,1.030511399460909,0.048545318855862135,3,0.385351996940644,0.09189129016794977,1.6593816512895807,1.5825306191891495,0.3120239197378647,0.03965847457793597,0.3367371259584927,0.2700080813904746,0.20000000000000007
255,5.863640936053502,121.3641053954452,1.0196377045803915,0.7336925986914242,1.0322003328501195,0.23109080925021555,3,0.4425991487652594,0.07167545977755865,1.6340841661661862,1.2243579338126664,0.32889182064490585,0.030503213246313898,0.2820749874116686,0.2340297895138168,0.20000000000000007
256,7.866428329721085,109.33524359467495,1.161486070138512,0.6471641238100595,1.019214932626641,0.04543263922366779,3,0.33325512399167656,0.07340319082121567,1.5133235841814703,1.44317736767548,0.31358106522173945,0.025378337246369714,0.2014140585225871,0.20098588388969163,0.20000000000000007
257,5.693269376975826,97.55476726845512,1.0667816569579962,0.8741404704437297,0.8624889358610285,0.07623022178950623,3,0.6079055169465457,0.07936971794583672,1.9160646130574195,1.4419677864700253,0.37476239553161395,0.0392322299508113,0.2023078832651256,0.20426631966949715,0.20000000000000007
258,8.664607899691237,138.88796764552984,1.3916359210222669,0.9391451248062429,0.7813999522284604,0.1491159476872364,2,0.4078215271787381,0.07371076235792806,2.0731393386042014,1.2374179119538966,0.3451988652094182,0.05703855671827523,0.19879872038693525,0.20540133508345748,0.20000000000000018
259,10.506381744435334,76.0326907145339,1.4101815537384284,0.7319198750364266,0.822248684574844,0.15068635808019065,1,0.40752159305325225,0.09445661630477609,1.870420352479845,1.1997928592105418,0.37884090649005087,0.0508044968321278,0.3001661884966874,0.3485570665476754,0.20000000000000007
260,5.45782969920354,107.58363266396435,1.0748913808608198,0.5524177427389346,1.009716638945723,0.15129662223624052,2,0.61678193938255,0.11306348140415769,1.5960667310659367,1.2981085296848411,0.46148303120782086,0.033452596426256115,0.2475525098476824,0.30067468419491195,0.20000000000000007
261,11.91025757109838,101.22763438787428,1.38474990612105,0.685934568609885,0.9471231860714766,0.23655167514690603,1,0.5672541821009617,0.09618123665870403,1.701575400507385,1.1490833769830782,0.36975842522064095,0.04588728339015936,0.26748448352062704,0.3432702045009649,0.20000000000000007
262,11.930454109263373,116.88231541411444,1.256107498825079,0.6708797488524996,0.7538584709171183,0.06512391096513921,3,0.34475713478602443,0.11753426271244337,2.285501834889296,1.4997246716201942,0.4440983965486287,0.0506177989100177,0.42965357648533187,0.31384911487102407,0.20000000000000018
263,9.442787740027255,145.55989840875327,1.062753596034879,0.8414525785200726,1.0658551586650946,0.04017714752910527,2,0.5158135437309521,0.08322960114379249,1.637466103631465,1.6375681835402334,0.31037961716583773,0.027357704628100575,0.26880039900603947,0.26465857634875145,0.20000000000000007
264,10.766339757290506,121.80335799645357,1.6294456406505566,0.8108855988500985,1.0103560317751958,0.21543331858673556,3,0.47004315711158506,0.0853964231626969,1.7205516546901132,1.2682681886617615,0.31194166914533894,0.04727372454180787,0.2649467353277253,0.22449325421677846,0.20000000000000007
265,8.95857368938947,85.32651916513609,1.6400982288843722,0.6419559799779895,0.8518934380094388,0.17788872027796518,2,0.5859313771250252,0.12252151062723042,2.156867195979815,1.3279211208779977,0.4544567299642648,0.05979629857259872,0.3451732898658316,0.3877216627168518,0.20000000000000007
266,5.944162427429183,148.4323869115118,1.1033327007195268,0.40838813642304717,0.790687240228795,0.21241971708453058,2,0.35604009844896317,0.08861149686595723,1.6130994932557325,0.9499521510800193,0.31184492559827937,0.037809754907528415,0.2992917318404973,0.3079663623756218,0.20000000000000007
267,11.310720099927938,108.09451148157578,1.5718689409194244,0.8767668415026673,0.7523496936819057,0.060782663582519214,2,0.697401682830258,0.11397074670121735,2.2380458056365695,1.4821673517324376,0.4680030422461652,0.06230081286283071,0.24026913054902554,0.24713239995936043,0.20000000000000018
268,10.391860670046116,106.70514717915964,1.6873073600052235,0.559857368513524,1.0190087218337267,0.19548834083990316,3,0.43963784383023446,0.12359725547978098,2.141596704108113,1.5382896876035355,0.4301899118314325,0.04651444375155786,0.3898740448005963,0.39917410356407657,0.20000000000000007
269,6.968640644186235,144.27189416684763,1.0400723601618953,0.6906280886211689,0.9330299407650364,0.13654891067191274,3,0.3020047454631159,0.0923798668065333,1.8822359945879465,1.397102946712869,0.3509599817624416,0.03345374949712702,0.33718232872901077,0.3215287510736413,0.20000000000000007
270,10.750955479187821,88.70388719259768,1.4763027842936474,0.8111598986167134,0.8558349253296944,0.23399394174542937,3,0.5966772013298306,0.08820942313581157,2.358454241971006,1.3006600476660657,0.45010302490534837,0.052602195102280015,0.24190572966699175,0.23771133828638136,0.20000000000000018
271,6.716677387134499,142.2280973018768,1.081148728254964,0.7011964888063367,0.7826175982052034,0.2288403354792939,1,0.6933064923037717,0.09858028185149029,1.7994939341138754,0.9975342238447844,0.34664053035618614,0.04399560781764321,0.21982843212722358,0.2196624956182468,0.20000000000000007
272,6.767760437079838,93.44360701971713,0.894835654660179,0.9436199316817047,1.018659581901525,0.18205289505567657,3,0.48257142286508103,0.09520130772254282,1.714236692950057,1.3308802056309106,0.3372731524160104,0.031649134361219876,0.2596350243088006,0.3628475265768787,0.20000000000000007
273,10.613400784855113,125.57323284958545,1.6224210523882379,0.9476995747341697,1.023696897632417,0.06542203465016046,3,0.5215541092175614,0.08292501480046977,1.9232796288419514,1.748811425182778,0.3296748982960751,0.04156416612656564,0.2668869678274315,0.24212133710932848,0.20000000000000007
274,5.262179055061859,142.76640289374905,1.6688167094769644,0.48660436736704243,0.7937094994660525,0.15768767448289484,2,0.559850064351011,0.0865831436963682,1.9239455505101728,1.1716083806991573,0.3599264080328404,0.059647581025441335,0.25423642517435097,0.2582345885985271,0.20000000000000007
275,8.215832169953474,98.98931870686641,0.8416236531469392,0.6476031130211598,0.9624256481226783,0.10534024456028321,3,0.5521034208699266,0.09464752684229122,1.3196018293277978,1.115022511532711,0.27743018126884045,0.024215038316437412,0.19331571605168585,0.2738033746345968,0.20000000000000007
276,9.547946679931515,131.09012185764257,1.2439338007602214,0.7249609113131561,1.04653987009217,0.1276546601645424,2,0.6721026697495396,0.0888995327362653,1.590500883895102,1.3836029676572925,0.25622390212931756,0.03056312209470165,0.16841571305097547,0.2500933279010916,0.20000000000000007
277,10.571871669101508,141.0841425825625,1.3443094360060994,0.676250339101004,0.8436953157461059,0.15910797583884467,3,0.38038677397077936,0.0985048511063891,2.1173602382223278,1.3362418616562417,0.4047936439477753,0.04747437883882939,0.2881635693019621,0.25524475900921717,0.20000000000000018
278,5.019204424139027,119.67957541902211,1.3398746494532312,0.6045391527417426,1.0033324504763115,0.1417402587504349,3,0.6869073268788889,0.09847551747570722,1.6803214533211979,1.36162411780797,0.40787475764783787,0.03495635960551742,0.2203609662012187,0.27923689866341195,0.20000000000000007
279,5.738694098655831,139.6855503107326,1.2200998269876906,0.9573771475932493,0.8669999496026313,0.06601298116189179,3,0.6046420134480543,0.09025974599444445,1.8851167689364183,1.4535172870560429,0.5202252127599496,0.04802832466257977,0.23763549646205373,0.2912941287912898,0.20000000000000007
280,6.850855181118682,87.19684089124104,1.1978009138707648,0.5040128241090985,0.9384927528144539,0.04227794358714835,1,0.49788590898476814,0.09165060430442937,1.4248811889706314,1.2612609876335126,0.3829125410565677,0.0317456443600011,0.36544140785800494,0.318998515512785,0.20000000000000007
281,9.939356671649321,78.07515987970724,0.9079757499410462,0.7854733076480979,0.9823855062454818,0.08297280508963306,3,0.35650349993901287,0.07106849030133068,1.343015127508381,1.1870780573441375,0.2929788682755905,0.02517231265291229,0.25413506052162427,0.2379837914757561,0.20000000000000007
282,10.924877261674531,132.48316743446384,1.2130313829613155,0.8485362466113373,0.7723259752224781,0.07209224820885216,1,0.6334597093798654,0.07298200687644482,1.7223112217067786,1.18326522624044,0.29346219982554445,0.04364766656021138,0.18332750335337145,0.16242103742584524,0.20000000000000007
283,9.275080012927699,117.41789941122227,0.8233689453637117,0.4958269410867504,0.7655421572834278,0.18243411103546153,2,0.6461072346750665,0.07915664620571755,1.7151706951197492,1.0000988898280159,0.3377154177888382,0.03188020307986237,0.1675704715233377,0.18425534230173768,0.20000000000000007
284,5.177811114485681,133.20031813808293,1.0301661465473813,0.7530181649352947,1.0636217841404505,0.15010766355527225,2,0.5322544315596202,0.09470912992491848,1.3075369912044155,1.162549666578786,0.32147586174638487,0.027035946794730915,0.27942128373619823,0.2910844480748763,0.20000000000000007
285,11.796500860089076,99.31749300178697,1.2190570303749442,0.6561259573948094,0.8925876325807749,0.09924518180302513,1,0.56117904348153,0.0952282539149695,1.5299347355174426,1.1855834342985523,0.39321033545058315,0.03399904965404698,0.22342833456425093,0.25837182218454535,0.20000000000000007
286,11.553198240837649,101.07056675731874,1.5489941209787172,0.8054928158467418,1.037461868302052,0.17182763797246203,1,0.5794381649476728,0.0971617084355339,1.926783372723568,1.5017672367020325,0.3438350780660824,0.04441333235741706,0.2805066543449366,0.2613923360967687,0.20000000000000007
287,6.792492143137142,148.83354937124665,1.4303038239869064,0.967407940189433,0.8358924132660497,0.10420788397591618,2,0.6728988877982993,0.1081606126961013,1.8893752768765522,1.319517552296007,0.3818611889109824,0.05709104585308653,0.25189504303904564,0.2110853558307526,0.20000000000000007
288,8.733224728648914,141.7505432143278,1.2097753808042573,0.947388514381421,0.7766342406054155,0.10021222569049457,3,0.634007308610263,0.07773218817925161,1.807308110848659,1.188383953226492,0.3445581829029942,0.04991421118660648,0.16658468827661577,0.19122215528230768,0.20000000000000007
289,5.165901285022764,100.2211306007666,0.8921681091725694,0.8685703008988466,1.039133399426488,0.14275497022518827,2,0.5835932641232902,0.0810234602108797,1.446965796618601,1.2461780135567164,0.32990537231424155,0.027920763909853704,0.18276879688594594,0.24881693193384824,0.20000000000000007
290,8.096074619590679,86.08090324535453,1.421491310397673,0.9280520587967236,0.8187664874616033,0.1751602013270178,1,0.30826545029988855,0.08692633463003163,1.9753629585647943,1.2016010511616881,0.3734862639815868,0.052261587945570745,0.29173166429034614,0.2710178760680071,0.20000000000000007
291,9.47312425739224,77.39603147010736,1.3022295249810596,0.6420374720980068,0.9079686431841364,0.06713530156336261,3,0.3919634305057559,0.11036504702463086,1.7383511858578622,1.4134160299173246,0.4098164955575636,0.043900085282153875,0.3608739273592866,0.4107190524863159,0.20000000000000007
292,9.793097501584523,142.28213688643586,1.6446402736403662,0.9559252962610254,1.0614117573195587,0.053089397610958995,1,0.6158273000980925,0.11417742406180084,1.763238164491471,1.7113257914812108,0.37176580191826414,0.04220413980924417,0.3179951456593336,0.3231531685931581,0.20000000000000007
293,8.16324930870623,119.05722275840012,1.1464494216674892,0.7230542899403917,0.9837592551721113,0.07372433058523008,3,0.5449875323093097,0.10579112070113662,1.4023169084996814,1.2502819897603235,0.40223794626695475,0.03048074310017622,0.3053091465193849,0.2900472212060128,0.20000000000000007
294,6.844253389196361,95.12968849779116,0.95953797095243,0.5567412448563919,0.9974996423545482,0.06722902316950508,1,0.44059478079066383,0.07474254190855181,1.3629985534128357,1.2454648157191652,0.21076644798682698,0.021796981123478203,0.29931480143797096,0.24924253789793205,0.20000000000000007
295,8.98162665059353,79.26118854596848,1.0429372605763647,0.5651335755983783,1.0037042805245853,0.2102840922960332,1,0.6806530534877618,0.087753770787843,1.6710820935706636,1.241134964843813,0.2624478532636214,0.027843606271056042,0.23727862208638828,0.25837339391111047,0.20000000000000007
296,10.025445385851437,86.91072668972097,1.6242986850635766,0.7292476730043858,0.8959396841490201,0.0539187277471563,2,0.6271356112805696,0.08849067760995159,1.644950355465962,1.3537107784958404,0.34120287389814274,0.04404381243270515,0.225229482575105,0.20511154229381878,0.20000000000000007
297,11.645377024372046,78.87651154969932,1.7991671753436793,0.677927140916915,0.9052760936725129,0.04945326763532415,3,0.47091609881929763,0.11316106343623669,2.0500969199866934,1.6850651048361962,0.43537242326101033,0.05169723015664864,0.34480603661514464,0.389570415358131,0.20000000000000007
298,8.593786310032591,127.8403633418329,1.3408329567942938,0.9126060814757819,0.9094733799013077,0.08240104205673325,3,0.6214898390232555,0.12958555195912785,1.950449991527634,1.5282615131585395,0.3781769675510238,0.04562310841029416,0.3280476665959181,0.35278996352641157,0.20000000000000007
299,6.08195559208929,95.36909980194685,1.7458949347800143,0.46890409052673904,0.9882236344818521,0.1116973316800973,1,0.6353037834973677,0.10967218593396307,1.704993524438358,1.4153677042080326,0.34775058775120815,0.04667794651955759,0.24142314151923472,0.3496378253001453,0.20000000000000007
300,5.007132854358841,84.89345946750325,1.0499966179275133,0.4493991577497154,0.8735636715535922,0.0629614142283776,2,0.6327372556892839,0.07793034775538941,1.2981629643708958,1.0483425877158201,0.29141928094371705,0.02506839322645458,0.2561902931586142,0.1689539700110222,0.20000000000000007
301,11.803909244469938,120.46588082873393,0.8869255019930177,0.4111030372643501,0.9105822030962922,0.08666419208534448,1,0.49642491046833837,0.11376875225690489,1.2614676654645067,1.0354683818127854,0.3981340709467156,0.02841024453639595,0.32798287502507306,0.34367403211698333,0.20000000000000007
302,11.180045859682037,107.18669229952113,0.8825310173801453,0.8672979377983729,0.8444844289413704,0.23720303357967995,2,0.5424315592678723,0.07702971058235253,1.8709761511031122,1.094340554611697,0.339479331000204,0.03805213212244377,0.2974097434843235,0.20369034355723858,0.20000000000000007
303,9.006094825980533,137.94682447268679,0.9381676368750794,0.5665751654514557,0.8266365741682989,0.15722612544072587,2,0.33377374056360276,0.11684843516488583,1.9429107849410863,1.2302644424670113,0.38841007943133654,0.03773426672672514,0.3366007261609173,0.3702007975553341,0.20000000000000007
304,5.920671608557732,143.06471390241808,1.7640378292481789,0.9843665670900151,0.9373488896568597,0.19999852589358125,3,0.48624287147507445,0.08593799709448843,2.083134859479374,1.3783645369644273,0.3673508984207756,0.06150417526635396,0.265681951465228,0.23639761612617094,0.20000000000000007
305,9.307831858719233,124.62335308785995,1.2580388644356086,0.8772141355050047,0.9849441828802277,0.14716082327496832,3,0.4265537689964587,0.11677789001373548,2.227166797654298,1.6521424769837494,0.4150948930970708,0.04375117724599001,0.33779503119283416,0.284640694295785,0.20000000000000018
306,9.887092070056214,107.68480527264636,1.7533979142263831,0.6892068330306078,0.888031180069,0.2321540568343983,2,0.6345780383924262,0.11203053944617875,2.4555342237389692,1.3888563843706352,0.4742853749315503,0.06943988656064959,0.2566134352163383,0.34260627913709074,0.20000000000000018
307,7.366572506783366,101.58167396065353,1.2561387308501897,0.8525186107376824,0.7644420339691133,0.08897722468727438,3,0.44092899366352206,0.08007225183659149,1.7876387772125009,1.1790133730593675,0.3928383292223452,0.04610797241677499,0.20869777294353586,0.27687289098240864,0.20000000000000007
308,11.728059936120996,77.07228488681895,0.9194824468863532,0.880063901694581,0.9321728014219288,0.15317793911958208,3,0.304394101555338,0.09357966838211304,1.5621509835337661,1.1750261064366827,0.2755091080993044,0.0303894997782241,0.29879619132081436,0.31666866192652554,0.20000000000000007
309,6.397190455799344,120.39627571428758,1.393893047783011,0.5854873578549283,1.0311347600308376,0.21035532481398841,1,0.6460443048935044,0.08850584595960163,1.5688085571886643,1.216273862473747,0.35737447689451085,0.03717782462999514,0.2429384728447892,0.22490981979403202,0.20000000000000007
310,7.78768736352869,127.85926931923821,1.2086143396182631,0.6596391927964111,0.9147449329832789,0.19680435378660086,2,0.6165801112600919,0.10296811126415045,1.9228204339283779,1.276019625762481,0.3839239028958894,0.040148407662668154,0.24906591211035034,0.24393204329778306,0.20000000000000007
311,9.194103968697686,135.21567436399698,0.8686909719114859,0.6581429176519582,0.8184071585957576,0.11023161868045694,1,0.6364479331575057,0.11194321767132256,1.6995890733084558,1.1714807551467115,0.4817404895231998,0.039414244704243026,0.2497515758905503,0.31702952352641045,0.20000000000000007
312,8.31491237637202,148.58629964187745,1.7016561489513706,0.8221476630568898,1.0286574699784572,0.19874404699926937,2,0.4730783443311351,0.08962409452807592,1.8218064818763553,1.3758547308536784,0.3309732617799974,0.04965060277663304,0.24120967012347716,0.25679999369493967,0.20000000000000007
313,5.065315020924507,110.86030901428296,1.0522811864612847,0.53539967779966,1.0861466065809426,0.21369314929137034,3,0.4048433049211277,0.1218988310256716,1.4911060409244505,1.2282054355397427,0.44521628394313084,0.035219903908859436,0.39490099569663495,0.4258267797504395,0.20000000000000007
314,9.041915108453338,146.87618008555785,0.8480858720291675,0.7068329813179686,1.0901140199375539,0.21909047030020107,1,0.5859646378922136,0.10951088801698275,1.4161317878943702,1.1781966648735596,0.3714219298019139,0.02559771616026501,0.29892265807207286,0.26276377420938035,0.20000000000000007
315,10.233203402525618,100.96545599851588,1.4269590385271484,0.5207403797951125,0.935400849569087,0.08298185845542616,2,0.4895178500381514,0.10596864589063484,1.9146059273490919,1.5453953686259652,0.6033048276427848,0.04348644537669188,0.3082515959480816,0.2945083271493092,0.20000000000000007
316,6.340074575784573,95.95130470310897,1.3224979723826322,0.9248875586010538,0.8007724867253154,0.07308267854557102,1,0.4160769029105178,0.08233571392871611,1.5915135268212626,1.1416523005418728,0.30147128359056063,0.045579561373276685,0.26567063354423404,0.24374447120616183,0.20000000000000007
317,6.906098580425224,144.42831081347057,1.0436643183138905,0.7985900597517732,1.0402772883374323,0.21427832936092506,1,0.6998058450541369,0.10112807666833562,1.5618022121915567,1.2173189585705142,0.29851412456266324,0.03222386633760253,0.22118919208338994,0.2432202568334605,0.20000000000000007
318,11.032630664952253,148.0092199476109,0.9857926634397137,0.5059103369340114,0.9534909375674535,0.04854278671707069,2,0.5416730848953276,0.11516475255503165,1.6401873270467096,1.4485696995137887,0.4137227834739807,0.029903727658046712,0.31842975346225977,0.31039567484526853,0.20000000000000007
319,8.55820718265024,122.20604369304016,1.4168996790827584,0.6385609641723815,1.0620896462783838,0.12729739126451717,1,0.49186413266658474,0.08102688002621354,1.4213485714941778,1.2783099190852005,0.30850173326776287,0.03475600823159198,0.2301730571971604,0.22839227858377842,0.20000000000000007
320,9.778262617808773,80.45724276691912,1.1571791430272953,0.5148983817501158,0.9533878997972187,0.07795256582433366,1,0.5914149648896422,0.09839088689078328,1.400772309111185,1.204009051563448,0.2953269563702767,0.028584192059541352,0.24275831913767987,0.21480346851786225,0.20000000000000007
321,8.92775999247242,121.76759369712113,1.4232751266154924,0.9187348430894064,0.9270751237271434,0.17540956665781213,2,0.34997407699938865,0.11090928359399298,1.8563980895559382,1.298266114052561,0.4754460026442171,0.0568132410516222,0.3739462666995963,0.3602278394858642,0.20000000000000007
322,9.018528947329692,132.44625912837824,1.5947626709372869,0.5975037541312842,0.7939962259076382,0.12605420064625844,3,0.5383394251279311,0.0907944238341274,1.925221682653941,1.2300961994291875,0.3188808803488197,0.05112299572782278,0.26892403146746346,0.2988751980045609,0.20000000000000007
323,5.1709039334285585,118.9144166336491,0.9569177814461682,0.7735798459423695,0.9294286049297995,0.10436698563099386,2,0.6459382618571883,0.11655552110400608,1.5334989459873398,1.2286383230538729,0.342953232061765,0.034069057223857696,0.29148793069190826,0.31387965672081586,0.20000000000000007
324,7.244883693799649,145.89133319141803,1.2303653003816426,0.9161808519958154,1.0898865687097596,0.16682463230925995,1,0.3020137211871882,0.12467609554027853,1.4250877446763321,1.2548550742927809,0.3648591284508045,0.04127050542371385,0.3553780886735699,0.43883426698031247,0.20000000000000007
325,8.558981900610737,139.3269399990164,1.4761456343288129,0.43172080414621855,0.894864002193511,0.04696589900379541,1,0.32440134616679633,0.10968623220933288,1.6608366680718831,1.3786820435679148,0.34297180426807294,0.0405320420741532,0.3864954361966142,0.34320866244826587,0.20000000000000007
326,5.089738408313585,117.37211485195675,1.375581557570766,0.5652102485737993,1.0443095878454205,0.20346190722728924,2,0.3788030927588706,0.11118977743503217,1.5683967499461602,1.2416652232099314,0.4942085961028815,0.0413830574414394,0.32035553733154354,0.34894617039774034,0.20000000000000007
327,10.088499299349337,131.20764615108226,0.8165004380335978,0.41992631841430084,0.795299802309163,0.0813145779757107,1,0.4692671466905314,0.07312079171170283,1.4390080572422042,1.0245570167493476,0.3259405978694121,0.02589954563630898,0.21960267027337133,0.2860375058915696,0.20000000000000007
328,6.261583920019222,110.61842886229282,0.9924589019067689,0.786281310283151,1.0381818811788015,0.07587210825765334,1,0.4194842853812825,0.09714802369619864,1.2396457932314207,1.1763378833179643,0.32528145482020654,0.029377796071089604,0.2504828319754675,0.42966005945173524,0.20000000000000007
329,11.847024103573613,136.1828686768655,0.8266985613291663,0.5477049160309649,0.811925339222515,0.12510461019435007,3,0.3607185969010143,0.07569758078722917,1.5834982778337023,1.0730984284015677,0.27190831979945296,0.02930623744452454,0.23368982503359792,0.23082339259642726,0.20000000000000007
330,10.944823380241115,93.2849752742744,1.270409632029995,0.7843962515650356,0.8993616335413213,0.06371282358187201,2,0.5263322956783454,0.10370714267021221,1.6293128000447568,1.3275327443145237,0.37946367163538564,0.04015659877306641,0.3584961418243211,0.2572650738410106,0.20000000000000007
331,7.888822372607599,95.28931554449272,1.6113460976735328,0.6077365246137253,0.8675815361216344,0.05782363636675583,1,0.4740008619103788,0.07377097504805048,1.5077811228336109,1.2032198720503373,0.290902396639523,0.0445188827829145,0.2284004412987557,0.21127800605560187,0.20000000000000007
332,9.812715428103864,118.49096300732921,1.2626468125904067,0.5770784594711583,0.919946785378589,0.2020733819750597,2,0.6368653257314302,0.10381525599705721,1.8625423982410516,1.2448975139459009,0.37425318023434406,0.043995796670264146,0.23467229022701663,0.256743071865168,0.20000000000000007
333,7.457023909520761,90.80671652273125,1.793024724672628,0.6082523354141559,1.093622816071208,0.17056163932432758,3,0.3879506504510093,0.09596619663799984,1.9352703213147198,1.5912209778835436,0.374748863392248,0.04531647186615779,0.2677202427126373,0.2641838699499155,0.20000000000000007
334,5.473259284775588,74.85845252870882,0.8321752880028053,0.5845769437281334,0.8003489771167365,0.12865896517318615,3,0.5322061710641027,0.12388568152841448,1.6519735341285748,1.0904003281551087,0.4320758318380884,0.03871555989202178,0.3143421975952594,0.3410961165255694,0.20000000000000007
335,9.821935243819766,149.41429640625813,1.2390723368926875,0.794173907803738,0.9891722471676387,0.0737006970612008,3,0.47468417281549724,0.12403298926661654,1.733520884843446,1.5204903241948016,0.48204476103510663,0.04519018225023322,0.3261463938826962,0.36023550788337255,0.20000000000000007
336,8.94688022688119,107.34804260055915,0.8330691211935759,0.8772327422610584,1.06878641000169,0.1019312760809753,1,0.4323687404684919,0.0907567362179715,1.4086376451109317,1.3165036108921706,0.26403088484832304,0.023845403791862067,0.25905231459292866,0.2774127226790094,0.20000000000000007
337,10.083262974844338,105.47716524606379,1.5656266082256363,0.48838045823060516,0.9002450311443908,0.17341902797896888,3,0.6773216911187768,0.11162309812332621,1.7975216837709975,1.2336508234950656,0.34784553117960026,0.05145768263989102,0.3053021958414317,0.26447193774452993,0.20000000000000007
338,5.786865015934543,139.635040243743,1.239795363402921,0.9490110832119052,1.0087221790213572,0.096718159558222,3,0.466009831746585,0.09328730158675133,1.665283602397172,1.4467847697656933,0.35079738633045654,0.04029646656798591,0.24569371133075868,0.28783448816888746,0.20000000000000007
339,8.402823938796542,128.75705069029738,1.3425142049844316,0.4333761394287689,0.8704860451190266,0.12171834574195148,1,0.3427953391394842,0.11334289609570612,1.5773924466711162,1.1519302668319662,0.39317005621280465,0.04590548635710288,0.4480426003854434,0.3322029885886988,0.20000000000000007
340,9.185334330928391,140.10513525342685,1.1412883449955982,0.8311165874240509,0.7894413529866658,0.08343489182204195,2,0.6463662653337148,0.08320539046822555,1.6460976101581255,1.1425741350416063,0.24726874838206192,0.044279961383889545,0.1951940919206172,0.23702616400491816,0.20000000000000007
341,8.83059481029489,142.8161564516069,1.7878633903243069,0.5973707080933144,0.8884092944550166,0.1815670147902792,3,0.6536458453048887,0.10909900764286248,2.3520840472511417,1.464277635014809,0.4675241275848323,0.0703930233998361,0.339156541382456,0.24543248418061492,0.20000000000000018
342,11.6250838205692,111.51043558392246,1.3631299091401385,0.45447368369705077,0.796189465300181,0.22765157343399917,2,0.43583403887939404,0.09856123935402553,1.9156234988495668,1.0620464273147365,0.38943642643393983,0.051447989172845265,0.2837585775475764,0.26784400027937094,0.20000000000000007
343,10.337556252604516,115.27527320596906,1.358978243315208,0.9796232736407977,1.0319857975702382,0.2008853098479285,2,0.47518503440687887,0.09536907175407502,1.8120262574692907,1.3709475063052592,0.3994069095338393,0.046457754493245185,0.27472227043030806,0.23568977868618846,0.20000000000000007
344,8.210711537614626,142.32321122798376,1.260062356596662,0.6166152475855882,0.79004152475851,0.11383508972820541,3,0.684413648036553,0.1267243884676496,2.1011609034654137,1.339592747415838,0.4348932351005228,0.056086990372369395,0.2768170730748526,0.34938337514739204,0.20000000000000018
345,6.15644971468706,112.68238695113297,1.2328792668813464,0.4342057673868084,0.9856693706578766,0.053391090071000034,3,0.4781240505629246,0.08127594142833115,1.6194952131040283,1.469246091642421,0.3607467402043911,0.02797762987483789,0.22038250783032654,0.267244832277469,0.20000000000000007
346,9.388455329328078,124.40935129151592,1.50963645291773,0.9886089942990025,0.9079845023513483,0.16456471741316908,1,0.6338394776985212,0.12609385487475297,2.0894997306816436,1.4117812061383184,0.3790000209012758,0.06280659260659907,0.3330503886735596,0.3661879109987829,0.20000000000000018
347,7.375580079330595,72.87987218126995,0.932239443243033,0.9588548357720843,1.0789885058781448,0.16350902731183736,1,0.43698966605442674,0.08437805787387813,1.3618478946428565,1.2018066261221123,0.3255305095849992,0.02331815169113525,0.299130194804041,0.24962524285613819,0.20000000000000007
348,9.35588527648562,84.60546126477772,1.6190070330077275,0.4610635074395311,0.8997502789010791,0.22335734165813906,3,0.6035476922762884,0.08872274792849648,2.233929419180896,1.3409113884838795,0.4253860966110712,0.052532018257522524,0.25690622446871014,0.24318203958530693,0.20000000000000018
349,7.994251153651463,144.07697956114075,1.0290159138707387,0.9635762510316773,1.0720327833251557,0.18727828419144218,3,0.5742343527516117,0.09624126025142996,1.6326652189441333,1.3404201116553547,0.3448085231049689,0.03161594767362194,0.2547504719668312,0.24821767735309996,0.20000000000000007
350,5.398250646152401,86.71975456447188,1.5197880835553734,0.9682073237320066,0.7993658203631505,0.16245211843715587,2,0.6842086429879027,0.10274850898207838,2.3173427719031188,1.3457770781461584,0.40825153266143954,0.06707219320142438,0.19945230183224494,0.2733310019392583,0.20000000000000018
351,10.061588505896115,124.45122817398587,1.500547146318071,0.9825776236049355,1.0889961783968993,0.04380314911697912,3,0.4002658880973096,0.11727350383116393,1.9765912123379523,1.980984791493438,0.41121221957492926,0.04103455095947968,0.34365198464310875,0.37738438495666093,0.20000000000000007
352,6.332476063827741,116.99480388606338,1.7157434688758708,0.7199260131253086,0.9070168058878538,0.16618353113808598,2,0.513360587602528,0.07475986889054176,1.9630205880697018,1.34253019163463,0.37159176429964,0.051929122750659286,0.24459701435444758,0.23364311937349425,0.20000000000000007
353,11.100451425810848,139.74985995696358,0.8351732725241997,0.9014887536372237,0.7756672375620907,0.08709301387409325,3,0.48303892712182483,0.09709982830597952,1.8366206669435787,1.228154741005527,0.4098383995594259,0.03546557116020166,0.28372274560361244,0.2786033336189663,0.20000000000000007
354,9.662424633821232,71.16521650123565,1.3954520529828391,0.6067011829910016,1.072525654005713,0.08262913402416372,1,0.6286282639425408,0.09436469697940114,1.5870466529612663,1.5048126946018276,0.22934736041185877,0.02859181840856506,0.23915985227604641,0.22624615316978391,0.20000000000000007
355,7.079564310528119,144.03470019742247,0.8557174514633492,0.7041183358228509,1.058915599960131,0.08399263330310439,1,0.38245444500162384,0.09378265382390083,1.2548751222987413,1.202104689033906,0.3032424095808912,0.024609036196418813,0.28442254757118746,0.4385924563133473,0.20000000000000007
356,7.570078264133752,126.85002756208691,1.3037073658310252,0.5549654743074302,1.088547264412169,0.16412863043750575,1,0.5377915453012656,0.11407398108365462,1.4492568435497752,1.2744403934134085,0.3688196767844454,0.036616505566916945,0.39803735284019215,0.3195483892030462,0.20000000000000007
357,5.930296480733707,87.19501870753166,1.2581524954753864,0.5397505656775115,0.8860945835746717,0.07354721098729909,1,0.5301714428207576,0.08450724143861624,1.7882974652546617,1.4004124439987697,0.31489632171751847,0.03754707991491956,0.2336385478984806,0.26147206857298977,0.20000000000000007
358,8.143580195786306,82.05903509986474,1.7789932836170557,0.783266757603483,0.8766609990503877,0.19457320667815822,2,0.446724525231308,0.08005111595534184,1.9830949627098655,1.2544597516320304,0.3393877304592712,0.05602415448482931,0.2314669133143542,0.22286812188662375,0.20000000000000007
359,7.3509163547067065,145.4044884661462,1.6569073172916498,0.48170389848107764,0.9082647414246682,0.12209010972383172,1,0.6705019040336667,0.12817667107590214,1.881795079377283,1.3898516868006257,0.4702215459004906,0.0538994776650367,0.250125298681269,0.3298025110663566,0.20000000000000007
360,10.659712402387779,108.94871228946764,1.2930709577960289,0.42037131462014593,0.9869670073519008,0.18088957070207431,1,0.360864363350742,0.09518504348949139,1.3974491774337758,1.1009369952305414,0.268470140057848,0.03296960774160454,0.40433273974520634,0.28608817863192915,0.20000000000000007
361,10.786506167098402,91.9588956846967,1.3711227679034563,0.4576394835179035,0.7870064358806996,0.05798803090669787,1,0.32361077987412623,0.08462586769050595,1.7174246587546258,1.2292074031075304,0.29458020718939326,0.04107324129534857,0.2347560814063816,0.29983974657381607,0.20000000000000007
362,8.152399738132656,135.7424483549031,1.6174899083493957,0.8978042929614218,1.0194791146843634,0.20097595249245676,2,0.5172871607540978,0.07223771880296409,1.7659765631975783,1.3287705463563297,0.3023752715408794,0.04886048064502105,0.22371712703091828,0.1829366383480755,0.20000000000000007
363,11.509863292068347,107.1332298445946,1.1318893029419024,0.9411374515887739,1.095536020994115,0.09656103967463125,1,0.6128354571184598,0.12467540553998854,1.5868819896247925,1.5074919237786673,0.384539381164833,0.031669658303149335,0.28779967392855454,0.2820665386633855,0.20000000000000007
364,10.9840486664894,133.98504386288087,1.7545371515462156,0.89738896133834,0.9944107821413695,0.11817879098346415,3,0.691717817842248,0.08065583062155567,1.8211489318488256,1.4902391145417186,0.32977132401193665,0.04654459561389377,0.15834129818017617,0.20593979478833346,0.20000000000000007
365,9.74600696653592,82.51563583093281,1.2452077317154604,0.8390368063874598,0.7975883612901601,0.17742128751125655,1,0.40047156951352886,0.11757342039472775,2.0614270765741933,1.2038667569490364,0.3954631945732576,0.051841924131171405,0.328878863940286,0.28940373245779694,0.20000000000000007
366,7.648061696882519,82.99186961783248,1.2633030618527177,0.6705041191120202,0.7861914859557454,0.0529558342205613,1,0.5910086173093674,0.07780768451142583,1.6436920994461972,1.1887815215150546,0.3455401913326006,0.03971160056309654,0.18065383712602345,0.24445890961131356,0.20000000000000007
367,11.05009281871082,98.42781000811593,1.2852521279695486,0.7399456904625141,0.8606966307057475,0.18120472878880597,3,0.5219415050891363,0.07851167540219219,1.7009840355802157,1.1190962690566106,0.39341583026956606,0.042967168183262745,0.22613158469693762,0.2707900296401853,0.20000000000000007
368,11.121543050121993,102.27901025415386,1.2889621106097582,0.7002157831350722,0.9400043051637436,0.2169162880822377,1,0.48365632839166284,0.07267716821824961,1.7265837270449538,1.1807694732486353,0.36245686987719905,0.040988152802509094,0.22832068298018637,0.19417101257813307,0.20000000000000007
369,9.485197076217187,107.60594566125448,1.1655270581745052,0.7210778428644886,1.066933438825654,0.060549990749565914,3,0.3283221145695739,0.07652489458532756,1.5410527692852811,1.5038732210691237,0.38344507602928934,0.02822364307794994,0.2192799679341748,0.2608352924698001,0.20000000000000007
370,8.959909556737268,101.12994806685373,1.121402211794769,0.815701087755933,0.8906218031893657,0.20937904967518206,1,0.5269081267830048,0.0985422289629062,1.886665513491034,1.2044956530426205,0.3902188988220572,0.04041154494554471,0.3421056519287624,0.3095553295617961,0.20000000000000007
371,9.875556565568658,92.91257571794891,1.7297096963290768,0.5102759458079399,0.9492395954024998,0.1795337851408038,1,0.6581042625785393,0.07752003179681777,1.8733746188465443,1.3307162108539146,0.3366803388099642,0.04548554377826736,0.21221577005110337,0.18859304654931675,0.20000000000000007
372,11.469964240264924,115.31595181425746,1.6153915165790942,0.628695971210712,0.9286503352313964,0.16614019972927846,1,0.5429289739661248,0.10899045300818172,1.8230147010806228,1.2993893346684307,0.4433815777584196,0.053861142157325514,0.28247649916505435,0.2998282518267381,0.20000000000000007
373,8.910273884169916,119.40143911320006,1.2552404473809888,0.6125830652506339,0.7622289234960552,0.14767903903477927,3,0.3579133987632186,0.08171560511571363,1.957410690525897,1.157421043970136,0.39055515355397397,0.048851435242115444,0.24566768238928915,0.25621784557826044,0.20000000000000007
374,6.639342272723984,137.96478044347037,0.9463003269568746,0.9182693298359855,0.7530931156960309,0.23083450437306216,1,0.534014746225712,0.1198783855914026,1.8027355726343135,0.9586862253725743,0.38723083761205745,0.05460038743907861,0.3852375464383577,0.36389886705950225,0.20000000000000007
375,7.205282831233472,79.79293101737966,1.4303095761228715,0.6111951346369605,0.760226783103534,0.2357602411687194,1,0.31736766844992564,0.12136851476924686,2.069312305150419,1.0573205671098902,0.5401424301580233,0.060525344553228284,0.42859584568848685,0.3853972874470445,0.20000000000000018
376,6.536317027488625,93.93455363505996,1.0548752840545133,0.9337085636725486,1.0883407132007061,0.15721114093274377,2,0.5142971273379484,0.12832770659609835,1.8287923010757434,1.545894393439764,0.39125101408791907,0.03887833299154931,0.37110791384437847,0.32413721399347084,0.20000000000000007
377,7.200066864027251,118.26930961941642,1.1904272088346153,0.9752617180410683,0.759330352043214,0.15420584381914607,2,0.3793370332333068,0.07520754445341356,2.047194580504842,1.181507595653518,0.31432138022345835,0.05013696489920645,0.2185467169153129,0.2545117662565335,0.20000000000000007
378,8.046848536288527,85.25743378860962,0.8208203477726159,0.7871737222309212,0.9418501170444628,0.07942590951777109,2,0.5671614079513199,0.09372271939025761,1.555702800413417,1.3041001896506796,0.29375622168106785,0.02416328435821438,0.2632837604622439,0.1848331481333675,0.20000000000000007
379,5.563523704073526,145.6955658586603,1.2660424194215851,0.7168980240819354,1.0068148661839786,0.12023197572301747,1,0.6340824423920365,0.12702357745121573,1.431956054160252,1.2299567887785066,0.28072144562823187,0.03351322981290275,0.26124512067325567,0.2688586694819036,0.20000000000000007
380,5.877566532863209,133.62890714095016,1.399066921409761,0.4518929953904343,0.859472463363002,0.14994452614766762,1,0.415795150215101,0.1238721476164657,1.7642118220278546,1.1990912017177828,0.3735883670270803,0.053374251248849515,0.3305430175142132,0.3653204373470511,0.20000000000000007
381,5.673220430928248,130.1943836624184,1.5988157766301552,0.7634256734999496,0.9010475144795054,0.11372616944045438,3,0.6543951112805484,0.11650485062405,1.889331321759691,1.4012876410469048,0.45814395405690056,0.05502140223638172,0.2884764023863703,0.2850711924456786,0.20000000000000007
382,11.1402475166216,71.96869403095104,1.6477841056075355,0.5401786786125153,0.8027361326767621,0.10972408994002913,1,0.6926708425758199,0.10803415592239352,2.5082315185187083,1.5789106641331072,0.41732723116002,0.06184464012497761,0.2820560002477722,0.26978623557836345,0.20000000000000018
383,5.338438715897972,90.34430575842528,1.499010734143646,0.7721413183291039,1.0419323464682002,0.13973777037715243,3,0.45852497509260665,0.12889446090664003,1.8800295323467162,1.551315679118282,0.5436251489035997,0.045023222239429936,0.47061551968297843,0.34182221199799356,0.20000000000000007
384,9.554613597226112,148.89006104648195,1.759428087406127,0.8912723310520245,0.8442696378519975,0.22064632880794233,2,0.5002297209443005,0.07537744731498525,2.1850514543043844,1.2446820378914785,0.4038417731110049,0.07103055903257133,0.23567418722317957,0.21547590681871265,0.20000000000000018
385,11.62848960687478,113.02367078242709,1.3667429700809808,0.4193866193458658,0.8858789227622764,0.2176775769338602,3,0.41868942705531703,0.09785922474279794,1.9752868170413416,1.223702627365019,0.39673640625338535,0.039701629946978706,0.30834976064066943,0.32984229120631636,0.20000000000000007
386,8.420951777962973,92.76583111456594,1.797470851077899,0.40656845012268267,0.8890411660869546,0.1587014828457312,3,0.31867224560510804,0.09124489702240679,1.9320252246969962,1.3145797394754062,0.3387254186526054,0.05562844376671631,0.3107823287941802,0.27650226192214866,0.20000000000000007
387,8.727518475444075,135.83414740244677,1.6912586604163011,0.8482563677476698,1.0172764001334884,0.10154769586968326,2,0.47562191846412494,0.0799714056619469,1.8572754089942611,1.5895668870761444,0.3576974051418482,0.04358943235628783,0.2701668439096039,0.25142828228515657,0.20000000000000007
388,6.8654961356949045,136.12548329838017,1.1681198298324906,0.605475570011972,0.9775430118859009,0.11068105661689884,1,0.435961812407075,0.10868427104421038,1.5717344058030358,1.3087638267213657,0.28786815319014947,0.03305935382053041,0.35626939487546305,0.33249909289037693,0.20000000000000007
389,10.967558643588694,99.34044893478121,1.7993736970033685,0.9155887332409666,1.0590375198161246,0.06445075986467148,1,0.5720827253216507,0.08949227515136543,1.686695015925155,1.6111294019916187,0.34747537620537194,0.044806413595324515,0.21415197265641095,0.23026695682825737,0.20000000000000007
390,8.987187468766788,73.20057981176586,1.0648597199086995,0.4783909900882127,0.7748587071598245,0.05949872604574974,3,0.3671828717209975,0.10689781324864217,1.7396178282871726,1.2215241135396364,0.3537228999611324,0.03498634464409748,0.3350239420362622,0.27369110407904285,0.20000000000000007
391,8.509788602121876,129.77936939200833,0.8315550265172232,0.6537875815677598,0.7971865999028906,0.1576105037689634,3,0.507460166450214,0.07917880248724816,1.70068075928819,1.0691732157258929,0.28099058259184995,0.031306416179340865,0.1948129803259635,0.23907252624628594,0.20000000000000007
392,11.545812104259362,113.21157553616338,1.26882842983286,0.4160735220299265,0.9962901298134378,0.2359458036678871,2,0.6395864434735363,0.08776931579281,1.5987211070468692,1.1565326147274433,0.2980291057219624,0.03602671720918595,0.22003286788899012,0.23877535609048084,0.20000000000000007
393,6.737225980399963,130.71397641974357,1.6771099881852716,0.5544182113637928,0.8901323048554667,0.15671093559683374,1,0.652920742812373,0.09416974080646676,1.7382484002307508,1.2160232431628561,0.34847482173499555,0.057330510994773015,0.3091978587154317,0.22823149451222569,0.20000000000000007
394,11.36178894372044,115.57529322146208,1.4582056028163404,0.9638544683468371,0.8287815501944932,0.2036122116904878,3,0.4293586757931418,0.1086343598968985,2.094895600647498,1.217072864117673,0.5222675062275344,0.06304650899485456,0.3598789666818244,0.31330197627174217,0.20000000000000018
395,10.196847490499326,148.19535616193832,1.4403237103010038,0.45362108445663396,0.9480307306220558,0.12663275510332078,1,0.4659256799469303,0.09148130252046172,1.6897285027496385,1.3195614235109085,0.33031555880789476,0.04040839542790306,0.2601937434090894,0.3881057940024546,0.20000000000000007
396,11.973396419742762,85.23226443190595,1.1679120728803796,0.4240326153187436,1.0908373853995512,0.09680854936679298,1,0.36366707435622625,0.1076781764532113,1.5176880495929665,1.4434689332351751,0.3553089023296936,0.029097489406126702,0.34288998462473974,0.3158147167620686,0.20000000000000007
397,10.428062767327077,75.1250328993846,1.1914612179237718,0.6021575823951612,0.7993219805059033,0.08536219574297058,3,0.3521093339870134,0.11380817756606192,1.8464808785659208,1.2749720836868932,0.5064354201395529,0.04660404622520679,0.34185434598642384,0.335744769958688,0.20000000000000007
398,7.159746828242004,126.07002264193497,1.738015607792324,0.8346869047652377,0.8180328652485942,0.057116070008635486,2,0.651391972188738,0.10751034099800374,2.156394379762277,1.5705633906013843,0.39148968300599973,0.06399860461386998,0.2572235827218914,0.23795778331885964,0.20000000000000007
399,6.266840811021766,146.17857559876393,1.7289077219528273,0.7432239359852657,0.9280689297097011,0.11193122341748052,2,0.558213696494331,0.07098146764002,1.7280608528110804,1.3438305519621445,0.3038669629820734,0.049415102357225224,0.17849541006846859,0.23953267838204306,0.20000000000000007
400,11.789927642903741,88.96958329539382,1.3609571246985417,0.7111575230294621,0.9003479147867326,0.11722128755174821,1,0.6925954505477987,0.09292864109008218,1.7699478518588034,1.31975246741997,0.2608475171327391,0.0388173565579036,0.15838534238991964,0.26977226609934546,0.20000000000000007
401,8.559801520409135,145.68914897020238,1.723796376050689,0.8982241927431008,0.9975545078887531,0.20306901663368945,2,0.4592356789905294,0.07753577130277657,1.9471623788407078,1.3919944002798137,0.3786468759911321,0.05568958245083424,0.2091237677131741,0.20399549026837627,0.20000000000000007
402,5.691020570802678,145.41066080089792,1.550405274752169,0.9154888187455364,0.9947055308446592,0.16422625343649883,3,0.3161914414293873,0.11537964589538785,2.1553044916825836,1.5834272266230736,0.5255322644625484,0.05549132550502816,0.3511107187197773,0.3805399856484052,0.20000000000000007
403,5.948785226815181,77.63082479404406,1.6257496811855967,0.9384570401693022,0.9813679378555111,0.14204613135507987,2,0.40351238273334833,0.12939578655002765,1.9861959683247548,1.5202723842568646,0.4537280058230795,0.05332215034946718,0.5936057726456614,0.4402069067533738,0.20000000000000007
404,11.247656674640291,77.66810623411563,1.5193528509932963,0.8958533209134111,0.7687453412657396,0.12569770351960227,3,0.329128461665895,0.07100112959875234,2.069104623382815,1.2623106425931114,0.3566810024340725,0.05688641224993469,0.2208047538818343,0.2412343909938126,0.20000000000000007
405,5.424468004979971,95.59381706019775,1.7749243198753155,0.5956390347580313,0.8517593147936102,0.22937667178170132,1,0.6474351717796926,0.12327965431796131,2.2652103586959913,1.2696968112685483,0.43259634786503964,0.06419182012036151,0.3017409736168395,0.30074257893283574,0.20000000000000018
406,9.025644787114318,107.29887216265399,1.1630190391194795,0.7162320139785034,1.0467123151201623,0.21996753061118718,2,0.4847652239018323,0.09552799487266367,1.434377839272127,1.1412862479414025,0.3277543817239752,0.03346015835618659,0.31126225883124814,0.29399056113533395,0.20000000000000007
407,9.278640144687959,73.75500708750587,1.2683270885942481,0.4036144756712601,1.032784936541015,0.17511894520484322,2,0.44619805763082365,0.11716258157133266,1.6701462545775696,1.3345735073342,0.46815954478612287,0.035297505967671415,0.35240180416561384,0.2993880499562742,0.20000000000000007
408,8.546636087443837,91.81629479229571,1.726802823360578,0.5927701541833272,0.9897357073274978,0.20652550837603972,3,0.6118584995084677,0.07815222644418908,1.810594404023859,1.3042911994107516,0.3310912752921096,0.04721607328204802,0.2101957346668959,0.30821740876119386,0.20000000000000007
409,7.447973702086157,99.83225469680117,1.167772603230024,0.7219105894984084,0.9136905019853566,0.06998254027190486,1,0.6136884194582524,0.1072955482932772,1.5960849563315538,1.3118019105609893,0.32430845059350544,0.03546883986682053,0.2914634372180678,0.34448916714874644,0.20000000000000007
410,5.206659258917591,132.47465946620605,1.3171849854237836,0.8777018735464635,0.9031429501710014,0.15162250398161034,1,0.43701682438420186,0.1175504573140028,1.8046325938476102,1.2796889790528472,0.3915707191780553,0.047628315339226186,0.3525189496060751,0.3052910730269246,0.20000000000000007
411,7.863402068733372,79.32196071021234,1.4103980470111916,0.7553835523566196,0.8921873451021604,0.09366892258995221,1,0.6129098902141212,0.12288212972926019,1.9083283807871256,1.444398638980695,0.35811371798725444,0.0408985170645474,0.24186899721189292,0.37478621193371475,0.20000000000000007
412,11.576267389641153,130.66873418442373,1.5540124660546404,0.5893155241941855,1.0069531722696974,0.20886015370161964,3,0.48329386023443577,0.11728701597629562,1.9332686529957157,1.3867608433506862,0.43441581710254806,0.05288428700645788,0.31373509144954836,0.35047953668930154,0.20000000000000007
413,9.663481085614876,129.45688175300404,1.6342768762879967,0.8303195716119749,1.0313085053733766,0.09466242971916938,1,0.35298446282951385,0.10396362138702131,1.6277042626631881,1.4545453527408767,0.36011017461756745,0.04421764681770315,0.3369335672429008,0.34737725430556554,0.20000000000000007
414,10.736966610164536,110.03902563835828,1.47922647059975,0.6360978928027521,0.7695619783148037,0.1296314859445774,2,0.6956517544920588,0.12559891551104582,1.802085945157231,1.1241965523724156,0.3586027110209664,0.061052386507560806,0.26045012014098723,0.3483904346252138,0.20000000000000007
415,9.367556296344567,147.74651771449564,1.1939782190723365,0.6592885151224483,1.0139112038960647,0.2097855932264881,2,0.3456253996630139,0.0984502503484315,1.7672208345309004,1.3071832073042615,0.3795481286353113,0.03887216150963839,0.3269903121028035,0.43265022427832833,0.20000000000000007
416,9.399566815790415,95.89550816899515,1.1975040084424022,0.9465190637817337,1.0420351955907603,0.20829868511149427,1,0.565518104483608,0.10189526656689168,1.9743275394939048,1.45779913618272,0.41850200015675565,0.040388155688591144,0.2978920393126243,0.311220902373621,0.20000000000000007
417,11.122168938247073,77.30716500931032,0.9915353408672758,0.46903266765265283,1.0756962323645602,0.16417954159568335,1,0.3909201914899867,0.08787862705210907,1.32848037228239,1.173163469769943,0.33911701697546026,0.022042182460717725,0.1933203869782436,0.23556629884200575,0.20000000000000007
418,5.233352023396017,109.07737171436388,0.8335276808021633,0.580633538732894,1.0189825948009053,0.16401634433004303,1,0.517764552661394,0.09436233141610981,1.2975626491146226,1.0901800260512657,0.3353938797352931,0.024202974461537203,0.2545624639566283,0.3618405094395891,0.20000000000000007
419,7.398966258856007,136.38986815298063,1.4923725312957963,0.8413672838259512,0.9401124146632395,0.04219099508049083,1,0.6238132201067418,0.08449085733226826,1.5141550095313525,1.3379995514641694,0.33020676780236613,0.040309022069461665,0.22146412934845527,0.1911406685012369,0.20000000000000007
420,11.708621729371986,95.8804128579951,1.0577380867048207,0.9509723085328943,0.909906236682415,0.16754895717229387,2,0.5709361901078363,0.1003915521059139,1.8184140872467633,1.2681996422366815,0.41239867898727756,0.03983734211306377,0.26266151729463694,0.3133128533171035,0.20000000000000007
421,7.57791904327381,135.4873784047806,1.6521383085367105,0.9649730811265671,1.0089166800089033,0.044193243158902946,3,0.5798261427200758,0.112175486004919,2.0925683011880873,1.932513297061027,0.44414756979513004,0.04941441488343317,0.30853896201471165,0.28377757883742893,0.20000000000000007
422,6.95654963601023,133.69267025342975,1.4341556284338934,0.8028172615278923,0.8443360234724131,0.08429707390938329,3,0.4441671952161994,0.0876599126859484,1.9264371320754106,1.3993204096627525,0.3528073551650426,0.0451547761800017,0.28237074241292603,0.25383216351242743,0.20000000000000007
423,7.9725185079214445,118.30458676361076,1.5680272933455648,0.8365865640127182,0.8154687011347923,0.2177012230344752,2,0.5389446054236398,0.08959233557036292,2.058395002039963,1.1591320937146279,0.4650788621435731,0.05816977402629783,0.19876525709944248,0.20706999401016946,0.20000000000000007
424,10.480574759894282,135.83142592956588,1.5054541406215918,0.5307138838540026,0.8074059830399071,0.09330293841380904,2,0.6305326327187218,0.08815154641392059,1.8577652591206024,1.2783824223716418,0.328454075921196,0.047989163292441836,0.22890864332764504,0.2139215790180773,0.20000000000000007
425,8.14289157279984,78.96123882250939,0.9553856167823093,0.7383106141864805,1.0729301990446403,0.1386108075169428,3,0.6224042484517789,0.07687484274384729,1.5461194094180837,1.366108953441218,0.36535645058651856,0.02278507526600662,0.23640036400287634,0.22420145441850425,0.20000000000000007
426,7.341380960810272,103.11401514959032,0.9449355412664039,0.857824680254259,1.0720497598351026,0.2242949010100316,2,0.34538185384288494,0.10852914971769838,1.5828950391036205,1.252323289228128,0.3984985497844138,0.031939264378324596,0.3512979299729385,0.3497716763034443,0.20000000000000007
427,11.674968252675237,101.83059055137412,1.565014288634504,0.4288069372800562,0.9145079981872908,0.06586647498320292,3,0.4711264596648901,0.10977689785496211,1.9079260732491714,1.550024597144617,0.4085832560857141,0.04525411615175337,0.34256603253706697,0.408284024211404,0.20000000000000007
428,5.453954743658692,112.9882196416983,1.5975618800905034,0.4342252687814062,0.8838528853644028,0.11159733073917036,1,0.485797840526616,0.09574238723820121,1.6800974677985816,1.2504976896108657,0.298201633108675,0.044721885563013264,0.324299626975612,0.34343257041276054,0.20000000000000007
429,6.64603957958456,136.65030189542415,1.5217892907669675,0.6014349285207485,0.872925760166108,0.08947268225319636,2,0.31977045972620416,0.0753643260239807,1.6806407204623868,1.27530511987858,0.40876664949572006,0.04647837603842356,0.21539527740626452,0.23860744920734833,0.20000000000000007
430,5.596851648252125,82.75205321213943,1.4295856843671995,0.5190552813839907,0.7632909966807621,0.09405583501730377,2,0.5438639094851198,0.10243159271215645,1.760539624814714,1.1528969616930962,0.4305025437274641,0.04645608674461778,0.286746718210659,0.27934025038663146,0.20000000000000007
431,9.720020392496856,138.09088261072407,0.9678727746795938,0.6821849287062627,0.9982840247698263,0.08278275167034635,1,0.6740667119110515,0.0748919010054692,1.303484753733379,1.1745111426126222,0.23910405876823337,0.02426503945919473,0.2070841692864408,0.16431117325368838,0.20000000000000007
432,11.27254857640187,148.06464646799935,1.0620313452551087,0.6363967083939356,0.9720557967556501,0.20758647507473998,1,0.5132571421943919,0.08838038468696964,1.595285240394809,1.1649288477875128,0.378018040024936,0.035798260219746046,0.2189416113925391,0.26271643582489823,0.20000000000000007
433,5.355474937470346,83.31153365532442,1.4974684836304422,0.7076501916911624,1.0223341462555728,0.21104400478577295,3,0.3023930684249737,0.12492318677214842,1.735341473382376,1.298532758162416,0.42777918748933175,0.045220403949145865,0.3677554103320586,0.5133738237378901,0.20000000000000007
434,8.524059134901137,117.80446004462966,1.2718965155196842,0.5714235543623823,1.0104741103143278,0.07070032368197897,2,0.4056979190485421,0.12843611635506005,1.469891519254058,1.345464250140003,0.54143796073827,0.0416344676204923,0.4142646563517238,0.463868111991105,0.20000000000000007
435,8.555864597191054,134.02152556347772,1.2985606164776953,0.5296461900988492,1.0451903833832983,0.10709523694691611,2,0.38755635135296357,0.1055884798028484,1.4775076854304974,1.33330292206802,0.31026392329538965,0.035396316425209066,0.40302222586813374,0.29860755039448617,0.20000000000000007
436,11.795473881461962,147.71828370954722,1.1950738650735935,0.9452623646071742,0.8452284677095033,0.09728366034925831,2,0.4834479693700476,0.09877317371870153,1.6278535720621181,1.1878034107814812,0.2989033564861423,0.04324160603918251,0.2705233665322936,0.30427144602595724,0.20000000000000007
437,6.499341741302648,119.73339509756929,1.1118952065674446,0.4249579071989118,0.820499179400041,0.07762509035119552,1,0.37462022173183523,0.12403573330452258,1.4928889417539981,1.0977058121793548,0.36477019180673964,0.04070498138579042,0.3950849916139283,0.44582052094582636,0.20000000000000007
438,7.383145232810676,142.44850548796646,1.6742178439015194,0.4979945997527288,1.0138696298354062,0.12650307864584603,3,0.3578650099706202,0.11901906795658398,1.7874617716782735,1.4780397239884315,0.45773949417671034,0.05076363813847717,0.3357471652829406,0.33101209910871165,0.20000000000000007
439,6.8374030787829,103.35718461588222,0.9841756356763982,0.964508563113385,1.026472264708636,0.21791210297889022,1,0.5838018346252583,0.10960599560361507,1.6494315399370885,1.2454443140051183,0.48032849385126153,0.032558446567500766,0.268037240045636,0.3273952819246063,0.20000000000000007
440,10.796034086410037,128.37779207462773,1.4696026074982411,0.9505961197005031,0.8818839273987618,0.12971537970222072,3,0.6775434499161215,0.08488219104215185,2.067167627610742,1.4375360527444738,0.4506544434841089,0.04982410326111519,0.16960788844547747,0.18696720828224178,0.20000000000000007
441,5.6239113531390865,97.5953134840231,1.1664374173298668,0.5857706805621006,0.8483404023811005,0.0646181611860079,2,0.47107784625558824,0.10133558972745703,1.672757052631079,1.280642159204604,0.3725771256184376,0.034368190757681646,0.2970713017850075,0.2853413573162893,0.20000000000000007
442,7.196407507843481,118.16355379049739,0.8298369607582816,0.5760146786720634,0.8620168086109888,0.2235462300299736,3,0.4268318489216356,0.12262955897787664,1.6911271002330581,1.0578608775925635,0.5836347346483768,0.0393637428678702,0.44140610751910336,0.4228307858528777,0.20000000000000007
443,10.565456939827301,116.85439382392445,1.1424239380874899,0.5194880388384021,0.990914335026823,0.2162792598899018,2,0.556699437143524,0.1018685317229023,1.893162092066985,1.3309866955480836,0.41116026589572874,0.03407246337734181,0.32073699751756757,0.2899625962404667,0.20000000000000007
444,5.541875516494516,97.19395804752405,1.6602316662975731,0.8775866848376398,1.0308633625479664,0.1802389296211026,2,0.4511591096219441,0.09787125143270081,1.9400693116439744,1.4817973723239428,0.41700586738255474,0.048446507128259216,0.3265894312831997,0.3426399361376158,0.20000000000000007
445,7.234108532853883,99.64718491061231,1.3762037232018223,0.5400055879539191,1.0423528537672948,0.19974076685149156,1,0.4349199383069211,0.0965934374900975,1.6786917146495683,1.310405860002312,0.3571541563284262,0.03938055905440629,0.28782260364559975,0.35276887368089094,0.20000000000000007
446,5.932485045666834,91.813804462339,1.7541106296012994,0.7410098893696373,0.8743732813682149,0.07096728930722725,2,0.3364976356113308,0.12709265862719965,1.9875607588822009,1.5230421823002493,0.46492967049823397,0.05812135673964874,0.4542758501952804,0.4566945076124329,0.20000000000000007
447,7.619797134831535,109.70441421751508,1.2690989230808487,0.9819668284461038,0.9857094237274887,0.14997614018933497,1,0.49315892413588036,0.10948710258381687,1.644113489504315,1.3000537684341475,0.31603498752256654,0.04070219312817713,0.29256287602959163,0.3030049117515049,0.20000000000000007
448,10.237810478889449,86.78442199905948,1.105555725435691,0.8994861054248446,1.0722605218122498,0.16419142798950084,2,0.45473073030871003,0.08265501746735958,1.399158048029648,1.219993196922791,0.3076051858426645,0.03003319840429914,0.21796450329512118,0.22636990232038312,0.20000000000000007
449,7.042032665397028,140.20654077091766,0.9298848834378657,0.854144946946384,0.8199533562122008,0.22990581794098056,1,0.6797441790009361,0.09941355347142379,1.9558888768680658,1.1062775612847264,0.35808572881490086,0.04496238529251219,0.29177500194963324,0.2672929998816278,0.20000000000000007
450,11.476029008616162,141.51336986095575,1.3805442265077261,0.4437880311658584,0.7525048142440633,0.12457777170271311,3,0.6958335345626674,0.11700718898060877,1.9338795209196817,1.172723079898407,0.4257475148315124,0.05741294233555225,0.29279111983945505,0.2655631204906592,0.20000000000000007
451,5.210194349785648,89.97554419551791,1.2869036921336285,0.9463792361862757,1.0759395309537836,0.16444609933799714,3,0.5646921099343536,0.11489668528018845,1.6274554857045287,1.381353769443111,0.41555784458396205,0.041291316901573845,0.24131334900749013,0.3756297719505376,0.20000000000000007
452,5.702298964592737,114.19022234551724,1.3123440925865488,0.8048769790801487,1.0614165226403032,0.12331731929129999,2,0.3409932932220287,0.12061008965440137,1.7170932746341976,1.504068639598904,0.3852535267615329,0.03813906558149606,0.4010280870685373,0.43142120966086783,0.20000000000000007
453,9.816847438025384,73.36218800393888,1.0265208350603443,0.5099706392239802,0.9354194888216862,0.13838808437579325,3,0.5019154128136232,0.1141499708057189,2.008634187599835,1.4702332916460346,0.5087101125765185,0.0347580042054676,0.32747143827914327,0.3604267903169287,0.20000000000000007
454,7.70447909926914,121.65253285621684,1.1007105846000231,0.6110032330282696,0.9162952898093659,0.05113792218747889,1,0.5708748605973405,0.07127811443844655,1.400193686752483,1.1972632448956944,0.3196188997844496,0.028402948035148437,0.1857546992927004,0.18445973214702438,0.20000000000000007
455,7.833564331762712,78.05658267230135,1.5538944716088494,0.5593511365237773,0.9439387200202924,0.15471894074576595,3,0.33048805768400286,0.10323832834068318,1.9318400797364355,1.4039183396384247,0.4181038588497523,0.046395060023124,0.33697313295279974,0.34193498470804407,0.20000000000000007
456,11.930338753194563,81.4545684310976,1.4605900974919623,0.9010018256119868,0.7637369128807505,0.054412298604380155,3,0.5391400372723774,0.11215746750114719,2.255405173072487,1.534250261502503,0.41480913209386094,0.05855630776184728,0.3185966684135526,0.3424462181254889,0.20000000000000018
457,11.622089600981216,81.01065725996645,1.7424040348802623,0.47703103230421273,0.8711569265770435,0.043891959905532706,2,0.3956361204763037,0.07384834148506648,1.796945810505071,1.4509807961409817,0.35734834141687255,0.04458340341013635,0.24195215624952326,0.23159971317768635,0.20000000000000007
458,5.1889331696207694,87.619575805717,1.7211717597028842,0.42856880902050243,0.9147796715635119,0.20091505268401177,3,0.5607071740828089,0.09914682136422936,1.995236286072453,1.3029029682643711,0.44299409063395556,0.05571984877600135,0.3418841452781538,0.2613211516705045,0.20000000000000007
459,7.308372951400977,148.0473954122554,1.736927912707174,0.8587558108982958,0.8563028409217224,0.20521114944633076,1,0.3720298394827335,0.1092046814381174,2.181610194305765,1.2904130427906764,0.4271594160127652,0.06702779131740311,0.3627208172600136,0.3796036384555923,0.20000000000000007
460,8.616897984635562,96.84513777484261,1.3724403094778423,0.6260589949639047,0.8297651716389022,0.23174202224142643,2,0.697006172488536,0.09332834041461402,2.1539398552794005,1.1921784249909166,0.4501310198762667,0.05513316787009288,0.1728592180650652,0.19097832741406529,0.20000000000000007
461,8.640224639139936,95.92941303966315,1.7718563671487768,0.7136692378448113,0.8015380061441988,0.22487437170673938,1,0.6411575044084333,0.08638180478121522,2.056330645927708,1.1270576197232114,0.41480710071335736,0.0703297336361744,0.20046654010791898,0.24583563992620383,0.20000000000000007
462,7.753327442316262,130.16632761268596,1.022324857260149,0.8173490946175603,0.9771428121086965,0.1110050630493068,2,0.5019341854877667,0.12096604072987727,1.5678982533234294,1.3049422912284807,0.3412788480693072,0.03514859879831286,0.4286481229015512,0.3858443969340617,0.20000000000000007
463,6.717973179350609,105.44701911454999,0.8371283491292668,0.9016104698265558,0.766902464410147,0.12878418062576003,1,0.5821502757451824,0.11916988265201911,1.6530015499361497,1.0451903665608422,0.2896939351421808,0.04070858355570025,0.3470388754668294,0.36912738476115625,0.20000000000000007
464,5.163104335675868,130.8864161247232,1.7164915810852817,0.8653077457421213,0.904243591825284,0.10541347918024874,3,0.6311153542292611,0.10409343940285169,2.1266759809375335,1.5708740822595728,0.38598657350486354,0.05744979668935669,0.22470217186024222,0.21118650321438803,0.20000000000000007
465,8.44737739595651,77.33118681513676,1.5274194627239726,0.5781044114670617,0.9535813634606449,0.2165648978256381,1,0.5946563138596499,0.11363041018215901,1.746107508015626,1.2081855396206342,0.4032158252630462,0.04780216066752346,0.23135824180240305,0.38860925347291664,0.20000000000000007
466,6.596297213332611,129.7700300308481,1.058578094692781,0.9925881346367634,0.8249980646382431,0.13498390868005736,1,0.4342188049009828,0.08796077692286292,1.6538556673468736,1.1154175566355518,0.2804057625825327,0.043705973203441745,0.22646060558526127,0.24630611055431118,0.20000000000000007
467,10.2274517078094,104.36454624438873,0.9103354803708533,0.47548563345426353,1.031581333475592,0.23674007701109204,2,0.3799112156629056,0.10363915152291839,1.7351662464873978,1.2687738755644917,0.300518841420919,0.026487564769742622,0.3065489658239058,0.4069381444302662,0.20000000000000007
468,6.663348047316012,149.07067660929445,1.4527181497124233,0.9981774810893785,1.0940195953444394,0.05263250042077739,1,0.5862855847601245,0.07748208962327276,1.4661878272875448,1.489123821594026,0.2396669890342551,0.03342086682457001,0.24546366783110618,0.1902992355587224,0.20000000000000007
469,6.367272599058145,83.97244866566729,1.1384143185212667,0.7081972755850106,0.9283163687880677,0.0929298158993882,3,0.34987385811693916,0.10514463213733147,1.5370977146237628,1.2485651644415428,0.4022922240177891,0.032519279710574736,0.36012233022308204,0.46860086119893163,0.20000000000000007
470,11.237639063712095,137.54026520048217,0.904291144951912,0.928888598794454,0.8646426056696416,0.1619171020307063,2,0.3747915592656139,0.07437455459210049,1.729662101219017,1.168333793409392,0.3289233708423702,0.037844394337296326,0.30738114543487227,0.26490041463237657,0.20000000000000007
471,10.27679921275864,87.23091024942804,1.5493898482785147,0.5060678832656242,0.7865691656762289,0.0724637512001225,1,0.486203475300397,0.1217452772014643,1.9912973649148031,1.3687821217266871,0.4116797858988832,0.05741128037654328,0.37848313379026666,0.36944689904876304,0.20000000000000007
472,10.845127031208435,120.15796546722214,1.3306856621382597,0.9223898585085404,1.0543763365895469,0.14429463232178194,1,0.4480219095080465,0.12842329854880827,1.7677373180344587,1.4850589709903594,0.3756821012003899,0.043825000006729974,0.4633380420383434,0.4877227882950048,0.20000000000000007
473,6.975471742487674,83.73348214261503,1.3263087063104417,0.5904229123316997,0.9845576487737489,0.08952031469260038,1,0.3663848302071213,0.1138516916694054,1.8126225529098883,1.5354751559190976,0.4413058568281414,0.037151340957650006,0.386681599141541,0.363014757218053,0.20000000000000007
474,10.641667034974983,129.4657312831245,1.263391202854646,0.8151827221956396,1.0875680822546907,0.07927405656670136,3,0.4217177437842513,0.10345490447973588,1.8574780144567287,1.7608490947175877,0.36502661127945757,0.03806675046023913,0.34558625745436033,0.28781474081522174,0.20000000000000007
475,11.66890236527626,70.53479659293963,1.5038977308299448,0.9056375078799666,1.0890225296293432,0.20949710358503998,2,0.6572640615490949,0.10259083559196149,1.833848038291912,1.4427989031241624,0.3103386263112011,0.04041187179864052,0.2549204448310062,0.2532853233072896,0.20000000000000007
476,7.734641345522084,138.2060222990499,1.0821756700437777,0.5752498384333692,0.7997759398970216,0.1384699863791295,2,0.6070780988963691,0.12398003571442974,1.6654071540644833,1.0823524561906224,0.46155956585776314,0.045934831382202244,0.3191578386912013,0.30701397347780346,0.20000000000000007
477,7.052933859894989,95.04759933250537,1.5619335296417538,0.9116906769235275,0.9122681743261821,0.1421899675245875,3,0.3805704040879709,0.07165567754843384,1.879222262056216,1.3528612670873132,0.37404513364574865,0.05382393504387539,0.2388153543647913,0.21517451794604148,0.20000000000000007
478,5.686910336873929,129.17710640472353,1.3625519138585211,0.6556871557683428,0.8442595668534721,0.05508340984203558,3,0.6348516769578667,0.07563767726376976,1.5958715644276278,1.238461573873604,0.39089950063194334,0.04051283932720309,0.1734795184440734,0.18150116873456468,0.20000000000000007
479,5.804175910239045,88.56425465877741,0.8305511074698392,0.7157055603339049,0.7748119612754953,0.17407227289568605,2,0.3890153422826014,0.11168102318151332,1.6017061288907226,0.970447930779726,0.30189599263935984,0.03726084449243457,0.36882298915757206,0.4056838734339303,0.20000000000000007
480,5.567476100260327,113.11457401019324,1.2954457988592245,0.4731795381779615,0.7591466426907333,0.20764798258319878,1,0.4650485176240087,0.11471816101524404,1.7104173546426538,0.9581548131063933,0.37201757401303626,0.04825967661939634,0.29566570638320067,0.30370622118750545,0.20000000000000007
481,8.611341334571257,133.47199346034284,1.311304137986531,0.5887030416641059,0.8354555550129812,0.2063444891047998,2,0.46301043557955435,0.0932217834946768,1.9357281551285208,1.1556265731009427,0.34925313358812016,0.05036340319048231,0.2210988650799166,0.2559012088198268,0.20000000000000007
482,9.052280780418679,99.57475168062771,0.8304729015501283,0.8982927520851458,0.9952214652924088,0.2399286219751928,1,0.543964046597502,0.07169572965191032,1.5283828065188296,1.1129554997633608,0.2686929961527331,0.02932470948636152,0.17801538892792967,0.22431349910167997,0.20000000000000007
483,6.122697717825819,122.19134315374717,1.1604964215456413,0.8045838321896356,0.9992131430390941,0.20022633214101865,1,0.37900785945395654,0.12363699201398778,1.5986856850083757,1.210081806890962,0.39067410489583865,0.03605262990419435,0.403040273851238,0.4338840195877284,0.20000000000000007
484,5.17311560984342,100.19630093089918,1.349740218582812,0.9634916421143606,0.9177538839768433,0.11980889894988428,3,0.4442557651838235,0.0784864351469862,1.7408719431824486,1.3219667942839533,0.3783432146291974,0.03965555133475439,0.22946493741405094,0.26251730385914185,0.20000000000000007
485,9.870208672481276,133.1506416692017,1.3029434884620033,0.6691795536784997,1.0842085306730485,0.0886775795803948,2,0.4641615428509322,0.07889720946511355,1.432949219168606,1.3784548623878923,0.3571813773401833,0.03242423147568739,0.24077277084652426,0.22764844209898105,0.20000000000000007
486,11.580123671815791,116.09802698149858,1.459217421023247,0.8980651762944208,0.993821301947591,0.13690018737130688,2,0.32202881006215917,0.07364228214016975,1.7424884432723358,1.3981884750312332,0.33022380638791304,0.04097968328435724,0.2549899010692632,0.31353890822550856,0.20000000000000007
487,11.96198902865845,108.81705317242807,1.750203209934136,0.8791775432236627,0.8745602838823686,0.08321664049848726,2,0.41893894519397956,0.11701739585092095,2.276867176546347,1.6740667564860425,0.46304636157042833,0.06648903355343165,0.33270384123524477,0.4720099141464126,0.20000000000000018
488,7.1194689162812,148.28735717411516,1.3137614068956187,0.4292319533707659,1.0475766292314879,0.187745661465888,2,0.5818844327246508,0.0836384519606709,1.5755732370453588,1.2737496018775119,0.32306822400217694,0.03385286070135301,0.20007088638696602,0.25088536420487695,0.20000000000000007
489,5.769972408950716,72.13969991190541,1.0948578458057594,0.9623921732917086,0.9773611299024247,0.23692872271392293,1,0.3481732857591243,0.1097636254592001,1.5529572335610833,1.109551474237836,0.39038020800382167,0.03782041494935344,0.4537817382678231,0.4109145445434145,0.20000000000000007
490,6.765037537509196,130.320750741445,1.369280178959303,0.4173075320541811,0.7947484277296456,0.10812672101506543,1,0.6808651249273746,0.12223010643994994,1.684611297668163,1.1325470423309005,0.37662009872253766,0.04261212015026356,0.281801446193789,0.3007112835062469,0.20000000000000007
491,11.048563123729355,85.59831094570734,1.1693902256893467,0.6505960093616979,0.8698350304680917,0.13544064971767084,2,0.3038855671449941,0.10467125903074365,1.6132230309104492,1.151614722182544,0.4000604434058359,0.04212557142910144,0.31190279732091264,0.4036498727428841,0.20000000000000007
492,5.364164930725071,149.7419578380813,1.529860939536554,0.4240153601836637,0.7704074435809842,0.09392439520398904,3,0.6889092686670218,0.11974757807193875,2.2933003209521248,1.453661529505822,0.4600712417777102,0.05569159694344671,0.25031487175585587,0.23821616102533416,0.20000000000000018
493,11.96894749226058,98.45015742532476,1.3995051628324608,0.6813044104467672,1.0985793521049905,0.12285733072337976,2,0.3018164275713238,0.11713552452809484,1.6984527872929716,1.543754055080863,0.3595954844899343,0.04098998272380263,0.36977745608391377,0.35724277214384503,0.20000000000000007
494,7.941151623098833,75.63039290996716,1.5429228387528053,0.5216850103945857,1.0259095897123327,0.13022777914972322,2,0.3852630103557092,0.10036196859143842,1.5928421743889187,1.3533777944183734,0.3864480061362745,0.0410611247012884,0.30446623769093095,0.4465944964967724,0.20000000000000007
495,7.292972174883596,113.05900829854455,1.35079887601717,0.9917077119780774,1.0154101618465448,0.1295106158647365,3,0.313689126173816,0.11350035133184505,2.071722526638176,1.6586228966239476,0.41079828731736057,0.04726257538397609,0.376057533556974,0.40454057022688494,0.20000000000000018
496,8.904569278831879,123.68603044052463,1.7401249382998558,0.5743635724489343,0.7935684641866495,0.1315668045144,3,0.5985197938254025,0.123490896198997,2.189141470160981,1.3487646641452045,0.4272083162339577,0.05531513196219118,0.33112331568316045,0.3373693837422672,0.20000000000000018
497,7.681840680560795,118.45288954424669,1.1066196558444032,0.5426865354004825,0.9491964283815418,0.17369671431143133,2,0.5999869487575427,0.11417907289622035,1.5953721498063658,1.1857400527336188,0.44896943498444286,0.0360302680963655,0.28945780402408805,0.2836993123352124,0.20000000000000007
498,10.636842753677612,148.43918013878306,1.353082167810109,0.6461114941181574,0.9629139949770192,0.15174143925419858,2,0.3669479147635908,0.11598075228621381,1.6827453795586425,1.2907548782181708,0.3756441109388702,0.04495215558644155,0.34978915882942174,0.37436581289977866,0.20000000000000007
499,11.614433194156877,139.94261606836375,1.0286828069620113,0.4041903045573438,0.8200109138465527,0.23742714759935835,2,0.5825880089274228,0.122427202336371,1.7541161255342563,1.0154747398475497,0.3667365230325301,0.037575950350208935,0.2958469861931121,0.34776629187935815,0.20000000000000007
