tau_years,year,co2_ppm,baseline_temperature_c,temperature_cap_c,controlled_temperature_c,sai_command_magnitude_wm2,aerosol_reservoir_magnitude_wm2,sai_realized_forcing_wm2
0.67,2026,424.954328466289,1.418041717312451,,1.418041717312451,0.0,0.0,-0.0
0.67,2027,427.2904353896449,1.4388117390799384,,1.4388117390799384,0.0,0.0,-0.0
0.67,2028,429.4160328675757,1.461399447368212,,1.461399447368212,0.0,0.0,-0.0
0.67,2029,431.3201831115328,1.4823276602293245,,1.4823276602293245,0.0,0.0,-0.0
0.67,2030,432.86418875476886,1.4994159994856238,,1.4994159994856238,0.0,0.0,-0.0
0.67,2031,434.10814080086806,1.520312932066729,,1.520312932066729,0.0,0.0,-0.0
0.67,2032,434.9978544833465,1.5258914700314634,,1.5258914700314634,0.0,0.0,-0.0
0.67,2033,435.49192537517297,1.53270616963478,,1.53270616963478,0.0,0.0,-0.0
0.67,2034,435.5730564640198,1.5608361203059384,,1.5608361203059384,0.0,0.0,-0.0
0.67,2035,435.3780330932249,1.582357815583918,1.582357815583918,1.582357815583918,0.0,0.0,-0.0
0.67,2036,434.842405141618,1.596301730923325,1.5590635029605613,1.596301730923325,0.19065972716934992,0.0,-0.0
0.67,2037,434.00094666893256,1.6164329265295925,1.5357691903372046,1.5957910348206494,0.3117804311107692,0.14449324196260105,-0.14449324196260105
0.67,2038,432.8301457453754,1.6315844440663705,1.512474877713848,1.5786228431899374,0.3503487919311231,0.26545755841942165,-0.26545755841942165
0.67,2039,431.34475655586846,1.638721735889319,1.489180565090491,1.5543627425825126,0.35334171330982633,0.3203076434084614,-0.3203076434084614
0.67,2040,429.65532755681954,1.63718039154189,1.4658862524671343,1.5278425661338395,0.34464715182324884,0.3347739628948596,-0.3347739628948596
0.67,2041,427.77932192916313,1.6342795072483456,1.4425919398437776,1.5071065569612274,0.3651804231310658,0.33181695390846017,-0.33181695390846017
0.67,2042,425.7985784969926,1.6274670825461526,1.419297627220421,1.485227238758224,0.3801669486173681,0.3457957117060324,-0.3457957117060324
0.67,2043,423.7098143103413,1.6138510680695322,1.3960033145970645,1.4585766731208485,0.3708944865701273,0.35958237355919226,-0.35958237355919226
0.67,2044,421.5911651990637,1.626630481761692,1.3727090019737076,1.4622592900037343,0.5165251686649442,0.3561001713840415,-0.3561001713840415
0.67,2045,419.5242997546436,1.627749280735828,1.3494146893503507,1.442217020009467,0.5439216614894864,0.45709133719710315,-0.45709133719710315
0.67,2046,417.53831947187575,1.6452627316272816,1.326120376726994,1.438276284240621,0.6541482546636743,0.498567163110182,-0.498567163110182
0.67,2047,415.6373187856733,1.643732255875141,1.302826064103637,1.4090323449157967,0.6371448748537967,0.5822648121461245,-0.5822648121461245
0.67,2048,413.7778641844761,1.6621235635717289,1.2795317514802806,1.4060265565471848,0.7537668727355481,0.5897266125699228,-0.5897266125699228
0.67,2049,411.979850399778,1.6650059387085867,1.2562374388569235,1.3819191656521337,0.7647832885925034,0.6684216355320306,-0.6684216355320306
0.67,2050,410.23648256218377,1.664820952843025,1.2329431262335673,1.3583460336126405,0.7784375403973076,0.6932856139326592,-0.6932856139326592
0.67,2051,408.5386340414906,1.6695039495554145,1.2096488136102104,1.343734059119173,0.8379394605078305,0.7077418156452777,-0.7077418156452777
0.67,2052,406.88430793220033,1.6529015792525132,1.1863545009868537,1.306928920694268,0.7848542618649783,0.749322489550537,-0.749322489550537
0.67,2053,405.3032435615028,1.6516036507530931,1.163060188363497,1.2942413970745719,0.8536299519286099,0.7244966832610401,-0.7244966832610401
0.67,2054,403.75459919260106,1.6441477356402894,1.1397658757401403,1.2727409819064164,0.8785564519445691,0.7631140322450493,-0.7631140322450493
0.67,2055,402.2464798368389,1.6413975488637036,1.1164715631167836,1.2560170996698152,0.9281540682647105,0.7876511753907607,-0.7876511753907607
0.67,2056,400.7803925175034,1.634200194916776,1.093177250493427,1.2331359809050717,0.9470150852071737,0.824462651850563,-0.824462651850563
0.67,2057,399.3432294167048,1.6593339665020026,1.0698829378700705,1.2437209960153126,1.1372722908525894,0.84455120829095,-0.84455120829095
0.67,2058,397.9360424111924,1.6479353680632047,1.0465886252467134,1.2041684293689443,1.0748905972322014,0.9656002977284511,-0.9656002977284511
0.67,2059,396.5494862075801,1.6383776145437985,1.023294312623357,1.1753255169598313,1.0653913428237958,0.9551226634079479,-0.9551226634079479
0.67,2060,395.1944846615793,1.640600579495743,1.0,1.1643729061606878,1.1468246006841452,0.9469841397548342,-0.9469841397548342
0.67,2061,393.88413474850427,1.6349396693185456,1.0,1.142046306235792,1.052237157807961,0.9943548835113978,-0.9943548835113978
0.67,2062,392.61469815942473,1.6284659034259523,1.0,1.1297782962960878,1.0064705036649708,0.9477760211969836,-0.9477760211969836
0.67,2063,391.3446889834331,1.6322210001412716,1.0,1.1345071474843245,1.046255617304273,0.9091988853061206,-0.9091988853061206
0.67,2064,390.11180502822367,1.621348774743478,1.0,1.1217730467833171,0.9971978794132343,0.9249750299740728,-0.9249750299740728
0.67,2065,388.8763099925097,1.6312175655417591,1.0,1.1337749175662029,1.0732602234356072,0.8983451090778057,-0.8983451090778057
0.67,2066,387.6671914423072,1.608671469366462,1.0,1.1066596017293366,0.9504827964587966,0.9390118540623499,-0.9390118540623499
0.67,2067,386.471679704188,1.6162239745688676,1.0,1.1200791636276075,1.031990105585464,0.8724687639452628,-0.8724687639452628
0.67,2068,385.2990773095997,1.6054374454579314,1.0,1.1081836707525539,0.9854946817005021,0.9079756320054377,-0.9079756320054377
0.67,2069,384.1513233445322,1.6038459742724485,1.0,1.1084362339241536,0.9997698456293991,0.8872778025211702,-0.8872778025211702
0.67,2070,383.005141989489,1.618897378797833,1.0,1.1239301161196464,1.092110870541221,0.8914606634579109,-0.8914606634579109
0.67,2071,381.88758935964506,1.6167009818494489,1.0,1.113548992371988,1.0538311308875667,0.9489099229392732,-0.9489099229392732
0.67,2072,380.79312032615286,1.6097038448177765,1.0,1.101773333933488,1.0071656387670864,0.9385338732698485,-0.9385338732698485
0.67,2073,379.6927647632014,1.611090264224374,1.0,1.1038031976194076,1.029771340911013,0.9075501912874337,-0.9075501912874337
0.67,2074,378.6113306762912,1.5981683025349305,1.0,1.090054683613547,0.9718353329153352,0.9144998595096229,-0.9144998595096229
0.67,2075,377.5376584582351,1.5972885054118042,1.0,1.0931634833164041,0.9985589494275895,0.8802644783204316,-0.8802644783204316
0.67,2076,376.5064825939023,1.600223092769705,1.0,1.0974382955889523,1.031625606261005,0.889135609536637,-0.889135609536637
0.67,2077,375.4632157099621,1.5848700940207447,1.0,1.0795734609814778,0.9518502485414094,0.9114986375089686,-0.9114986375089686
0.67,2078,374.4357568950009,1.5776007646238084,1.0,1.0765207787605657,0.9457693308881171,0.8671377261891965,-0.8671377261891965
0.67,2079,373.43703329766106,1.5803209789754984,1.0,1.0839902336835994,0.9931954335453173,0.8533658547100954,-0.8533658547100954
0.67,2080,372.3991638632354,1.5807998849049425,1.0,1.0838717848740163,1.0026678036822836,0.879771262907423,-0.879771262907423
0.67,2081,371.40526603606384,1.5866632847653874,1.0,1.0873353560463308,1.030465902269416,0.8915636043576105,-0.8915636043576105
0.67,2082,370.4218177199178,1.5840908702702956,1.0,1.0799119129434755,0.9995595647173777,0.9113325207179643,-0.9113325207179643
0.67,2083,369.4439618392154,1.5799391744121785,1.0,1.0740326114430665,0.9701630572153325,0.8967382416724076,-0.8967382416724076
0.67,2084,368.4625182049772,1.575386492528476,1.0,1.0710139714016047,0.9550698570080235,0.8752317482273444,-0.8752317482273444
0.67,2085,367.4917176069188,1.5643946140600498,1.0,1.0628947580647434,0.9144737903237171,0.8609945305428974,-0.8609945305428974
0.67,2086,366.53040513345206,1.557822587543178,1.0,1.0622316373470788,0.9111581867353941,0.8323517889916483,-0.8323517889916483
0.67,2087,365.58099573094046,1.552475855364848,1.0,1.062136157030218,0.9106807851510895,0.823825045420578,-0.823825045420578
0.67,2088,364.6353045137353,1.5562644142877171,1.0,1.0698015483115917,0.9490077415579584,0.8216074807270296,-0.8216074807270296
0.67,2089,363.7002816304295,1.5569321342639957,1.0,1.0696696022659704,0.948348011329852,0.845154624224057,-0.845154624224057
0.67,2090,362.77216868852986,1.5454286131764363,1.0,1.0566303500212224,0.883151750106112,0.8500358349523921,-0.8500358349523921
0.67,2091,361.84675838354826,1.547215704318033,1.0,1.0627483762892258,0.913741881446129,0.8101050654167028,-0.8101050654167028
0.67,2092,360.9310576440207,1.5590443820853013,1.0,1.0760005938649084,0.9800029693245421,0.8204510100338683,-0.8204510100338683
0.67,2093,360.0260321339677,1.56559601844547,1.0,1.0770910750369598,0.9854553751847989,0.8641957644081967,-0.8641957644081967
0.67,2094,359.12832422499355,1.567876830753401,1.0,1.0732587463003411,0.9662937315017056,0.8774116543350572,-0.8774116543350572
0.67,2095,358.2262956841787,1.5657364371386708,1.0,1.0676920926537634,0.938460463268817,0.8684795590862542,-0.8684795590862542
0.67,2096,357.3286250314057,1.566750310849376,1.0,1.0687280756670048,0.9436403783350239,0.8490941895434432,-0.8490941895434432
0.67,2097,356.43715435255547,1.5592072305200937,1.0,1.0611089272246712,0.905544636123356,0.847978253588779,-0.847978253588779
0.67,2098,355.5446643612121,1.5460522067652935,1.0,1.0511027465633342,0.8555137328166712,0.8237996708959274,-0.8237996708959274
0.67,2099,354.66863836261075,1.5243613224660029,1.0,1.0367665935327264,0.7838329676636319,0.7866387865316398,-0.7866387865316398
0.67,2100,353.79757260164183,1.538508412530982,1.0,1.0638014759087255,0.9190073795436277,0.7322240919525909,-0.7322240919525909
0.67,2101,352.921426913506,1.536351122898738,1.0,1.0602205028311618,0.9011025141558088,0.8062563421121631,-0.8062563421121631
0.67,2102,352.0679851778796,1.531933358476127,1.0,1.0537729475108448,0.8688647375542241,0.8116175971866355,-0.8116175971866355
0.67,2103,351.1946385594372,1.5333716665399073,1.0,1.0562517127235367,0.8812585636176834,0.7924000973482042,-0.7924000973482042
0.67,2104,350.3355384096521,1.5411993223240286,1.0,1.0641046240333636,0.9205231201668179,0.7959484044980875,-0.7959484044980875
0.67,2105,349.48378952677666,1.542589162161556,1.0,1.0616341003947225,0.9081705019736125,0.8215346832721773,-0.8215346832721773
0.67,2106,348.6552659245392,1.5303498132773157,1.0,1.0466493376421768,0.8332466882108841,0.8195107371149248,-0.8195107371149248
0.67,2107,347.83320827956925,1.5285622022835097,1.0,1.0495051228325831,0.8475256141629156,0.771443325735664,-0.771443325735664
0.67,2108,347.0208914164592,1.5082734527584991,1.0,1.032614733722589,0.7630736686129452,0.7697715776721915,-0.7697715776721915
0.67,2109,346.1939509380624,1.50331163340197,1.0,1.0377407998827597,0.7887039994137984,0.7149571759352229,-0.7149571759352229
0.67,2110,345.36222769420567,1.5053301740022125,1.0,1.0462791968433405,0.8313959842167024,0.7192629241660597,-0.7192629241660597
0.67,2111,344.5359334938229,1.5070920748429102,1.0,1.048519546793049,0.8425977339652452,0.7477215294114532,-0.7477215294114532
0.67,2112,343.7200931959244,1.499418822064934,1.0,1.039056337466639,0.7952816873331953,0.7612898492023583,-0.7612898492023583
0.67,2113,342.92032016491413,1.4995923543872445,1.0,1.0416357053264267,0.8081785266321334,0.73393091020508,-0.73393091020508
0.67,2114,342.111342955904,1.4913531251082404,1.0,1.03464104401526,0.7732052200763001,0.7361003382292048,-0.7361003382292048
0.67,2115,341.2949734558657,1.496089972358969,1.0,1.0432505702641626,0.8162528513208128,0.7139720315320411,-0.7139720315320411
0.67,2116,340.50201088711805,1.480334145900421,1.0,1.0268606216960905,0.7343031084804524,0.7368103651789427,-0.7368103651789427
0.67,2117,339.72150961948483,1.471446881923218,1.0,1.0241852887653131,0.7209264438265656,0.6887700755001034,-0.6887700755001034
0.67,2118,338.9234936751794,1.4720376711831138,1.0,1.0319096243159307,0.7595481215796535,0.6691995022553605,-0.6691995022553605
0.67,2119,338.13814810374447,1.4485023504820884,1.0,1.0104099920506096,0.6520499602530477,0.690053826386605,-0.690053826386605
0.67,2120,337.3559786540178,1.4384565944217984,1.0,1.0111199839154519,0.6555999195772594,0.6239125520083995,-0.6239125520083995
0.67,2121,336.5758836900945,1.459685157408357,1.0,1.0417974687873175,0.8089873439365874,0.6114099695278586,-0.6114099695278586
0.67,2122,335.8141633999215,1.4408164233724186,1.0,1.0156955637758904,0.6784778188794521,0.7090784285405239,-0.7090784285405239
0.67,2123,335.0321679386846,1.4445371479015807,1.0,1.0230350603092384,0.715175301546192,0.6457589854986626,-0.6457589854986626
0.67,2124,334.26597808027714,1.4422618938312246,1.0,1.0218078836612856,0.709039418306428,0.6557515632571029,-0.6557515632571029
0.67,2125,333.5089023615733,1.4478871070256676,1.0,1.0282952305092345,0.7414761525461727,0.6539608233360954,-0.6539608233360954
0.67,2126,332.7493794235512,1.4220007688727447,1.0,0.999899104179768,0.599996973125393,0.6748380655778357,-0.6748380655778357
0.67,2127,331.9961437209261,1.4150957512961462,1.0,1.003762586779447,0.6188129338972354,0.5855823295678622,-0.5855823295678622
0.67,2128,331.24172736522786,1.411818421022885,1.0,1.0092334269795908,0.6461671348979542,0.5781834083208534,-0.5781834083208534
0.67,2129,330.490961165181,1.4029449725458862,1.0,1.0042084776243996,0.6210423881219979,0.5948388382530625,-0.5948388382530625
0.67,2130,329.74220366136643,1.3976592862654664,1.0,1.003456211442371,0.6172810572118553,0.5817615087107653,-0.5817615087107653
0.67,2131,328.99506609094794,1.3906528930354027,1.0,1.0003986145685873,0.6019930728429362,0.5762952951301453,-0.5762952951301453
0.67,2132,328.25666767408546,1.3920512795622937,1.0,1.006188707317607,0.630943536588035,0.5647759607334175,-0.5647759607334175
0.67,2133,327.5360921759892,1.4073095485349112,1.0,1.0221097735146663,0.7105488675733312,0.5816435925042839,-0.5816435925042839
0.67,2134,326.8225786129552,1.3977660158486147,1.0,1.0048328463211695,0.6241642316058477,0.6382948832946675,-0.6382948832946675
0.67,2135,326.08065099936607,1.4003069669295494,1.0,1.0079988487324354,0.6399942436621769,0.5936257622535869,-0.5936257622535869
0.67,2136,325.37731756317453,1.3844035359245612,1.0,0.9923442735857018,0.599770328207571,0.5941861638035645,-0.5941861638035645
0.67,2137,324.6538632860047,1.3802280036443932,1.0,0.9920659487963546,0.5995323066714616,0.567298767354093,-0.567298767354093
0.67,2138,323.9428422026162,1.364745412987865,1.0,0.9801850585592573,0.5989378584282394,0.5610938658863789,-0.5610938658863789
0.67,2139,323.23800539570215,1.3649788162362868,1.0,0.9831786084707268,0.5984332166823612,0.5592979322631106,-0.5592979322631106
0.67,2140,322.53232577448034,1.3396661549662416,1.0,0.9598660849689844,0.5972291992314307,0.5585536901314039,-0.5585536901314039
0.67,2141,321.8386978781396,1.3305548464821126,1.0,0.9522376093721769,0.5957963275125959,0.5575738017021608,-0.5575738017021608
0.67,2142,321.1399807413744,1.3377212484765155,1.0,0.9605418245728896,0.5946125822497826,0.556386202147916,-0.556386202147916
0.67,2143,320.45198606793633,1.3166991753626025,1.0,0.9403906943652383,0.5928243030807397,0.5553198576858422,-0.5553198576858422
0.67,2144,319.7635784409158,1.3178432538674425,1.0,0.9422673334608429,0.591092323084565,0.5538721343270078,-0.5538721343270078
0.67,2145,319.0638488247669,1.325747485042977,1.0,0.9508115558350149,0.5896166697596155,0.552376245780585,-0.552376245780585
0.67,2146,318.38381900747527,1.32454802160015,1.0,0.9501627572000071,0.5881215524756157,0.551042391681121,-0.551042391681121
0.67,2147,317.70910934547896,1.305765971119425,1.0,0.9318642061722027,0.5860774786607819,0.5497314685185499,-0.5497314685185499
0.67,2148,317.03256645606484,1.2955224761157094,1.0,0.9221087710845284,0.5837407417933177,0.5480539207842952,-0.5480539207842952
0.67,2149,316.3604132387955,1.2976693290970491,1.0,0.924788241440015,0.5814843890365181,0.5460951871812573,-0.5460951871812573
0.67,2150,315.680385445181,1.280067516810807,1.0,0.907753940971253,0.5787170072656558,0.5441268636277076,-0.5441268636277076
0.67,2151,315.0209026776864,1.256280785757974,1.0,0.8846111268941557,0.5752553410724806,0.541809260078573,-0.541809260078573
0.67,2152,314.35940488110043,1.2639546180938477,1.0,0.8930643005291812,0.572047270088356,0.5389410648454539,-0.5389410648454539
0.67,2153,313.7197960089384,1.2748310299977506,1.0,0.9048132178262107,0.5691916666231422,0.536119417676121,-0.536119417676121
0.67,2154,313.06230356889847,1.2634828642879434,1.0,0.8943711949167878,0.5660228024706458,0.5335460855579237,-0.5335460855579237
0.67,2155,312.6155514674147,1.2752497862894046,1.0,0.9070926787433437,0.5632355828329462,0.5308144070903376,-0.5308144070903376
0.67,2156,312.1742286704877,1.2793991435488614,1.0,0.9122014004108467,0.5606016248452715,0.5283051851856525,-0.5283051851856525
0.67,2157,311.84633188836415,1.2661154455278436,1.0,0.8998600209018655,0.5575974254723275,0.525949088633526,-0.525949088633526
0.67,2158,311.8932269365416,1.2719811517053463,1.0,0.9066882031816439,0.5547980715677768,0.5233742241438177,-0.5233742241438177
0.67,2159,311.9273476001471,1.260027630875699,1.0,0.8957004288576349,0.5516690844335058,0.5208883913947948,-0.5208883913947948
0.67,2160,311.95454737836326,1.2394744373652378,1.0,0.8761460958677374,0.5479534673095381,0.5181965953786637,-0.5181965953786637
0.67,2161,312.00719763098823,1.2296278807267764,1.0,0.8673878479931354,0.5439751027493321,0.5150566508503167,-0.5150566508503167
0.67,2162,312.0825532910606,1.225769052162351,1.0,0.8647241478348533,0.5399168271843777,0.5116343610861929,-0.5116343610861929
0.67,2163,312.19141695562496,1.2211355241761173,1.0,0.8613821632282328,0.5357582920812246,0.50809152675569,-0.50809152675569
0.67,2164,312.2620316414223,1.2375879235703315,1.0,0.879211820796906,0.5321346467051319,0.5044504416539658,-0.5044504416539658
0.67,2165,312.2564786882802,1.2382628942697895,1.0,0.8812791860930864,0.5285730222879245,0.5011509856564849,-0.5011509856564849
0.67,2166,312.19521639926955,1.2474273672481997,1.0,0.8918318675139578,0.5253279783133431,0.49796881403100224,-0.49796881403100224
0.67,2167,312.16429303601217,1.254278606959493,1.0,0.9000352948899555,0.5223290371600419,0.49502822267141,-0.49502822267141
0.67,2168,312.1350135535085,1.2479490481653652,1.0,0.8950015471525246,0.5191790835746176,0.49230924980802326,-0.49230924980802326
0.67,2169,312.1034401230786,1.2412332700427888,1.0,0.8895498978942913,0.5158655805114464,0.4895349684777239,-0.4895349684777239
0.67,2170,312.07250060847025,1.2303023685238434,1.0,0.8798795412520893,0.512261966749009,0.4866342834634815,-0.4866342834634815
0.67,2171,312.02636463111736,1.2101701714394657,1.0,0.8610395030747242,0.5080931518412508,0.4835038836286268,-0.4835038836286268
0.67,2172,311.98638423894323,1.211615536447789,1.0,0.8638647233283616,0.5040090935411017,0.4799306161144316,-0.4799306161144316
0.67,2173,311.952239523276,1.2186313804356477,1.0,0.8723319874857218,0.5001790531656733,0.4763135070734653,-0.4763135070734653
0.67,2174,311.923320406924,1.210505260365846,1.0,0.8656876318770659,0.4961496821219853,0.4728591914022854,-0.4728591914022854
0.67,2175,311.88076305002346,1.2096888326537976,1.0,0.8663913389503263,0.49214142229049507,0.46930154075933517,-0.46930154075933517
0.67,2176,311.8477396452747,1.221222236482537,1.0,0.8794759409204164,0.4885257005181075,0.46573271186446485,-0.46573271186446485
0.67,2177,311.80222716808737,1.2170855258328228,1.0,0.8768765147757169,0.48483199596137905,0.462430392105383,-0.462430392105383
0.67,2178,311.75502713775063,1.2228592328263157,1.0,0.8841783539683716,0.4813573465804302,0.4591319468840631,-0.4591319468840631
0.67,2179,311.7312013602398,1.2138433874399,1.0,0.876663989890185,0.4776572662771358,0.45598400552911666,-0.45598400552911666
0.67,2180,311.6882537147985,1.216832029400247,1.0,0.8811539654470918,0.4740918852405485,0.45271168378476717,-0.45271168378476717
0.67,2181,311.6519648984156,1.1974790597905471,1.0,0.8632946411927349,0.46999072447633056,0.44950272744651376,-0.44950272744651376
0.67,2182,311.5981521548988,1.1877756637547283,1.0,0.8551321656352902,0.4656446894453892,0.4459338634328135,-0.4459338634328135
0.67,2183,311.55294460175446,1.186669547480903,1.0,0.8556391192560457,0.4613138630230706,0.4421111755792064,-0.4421111755792064
0.67,2184,311.28326131456,1.1776909741462955,1.0,0.8483347160498735,0.4567639045045668,0.43823902787283625,-0.43823902787283625
0.67,2185,311.0135780273655,1.1899009438041892,1.0,0.8622887031888414,0.4526325656002321,0.4342001212260224,-0.4342001212260224
0.67,2186,310.743894740171,1.1735375865428586,1.0,0.8476859099297903,0.44806314289812577,0.43041239722639957,-0.43041239722639957
0.67,2187,310.47421145297653,1.164713436333028,1.0,0.8406719664462488,0.44328330189151327,0.42637261495847434,-0.42637261495847434
0.67,2188,310.20452816578205,1.178164803461181,1.0,0.8560008645091943,0.4389633278267891,0.4221257983682516,-0.4221257983682516
0.67,2189,309.9348448785876,1.1719575146149068,1.0,0.8516829689138002,0.43451381689420315,0.4181505221222014,-0.4181505221222014
0.67,2190,309.6651615913931,1.174047168533159,1.0,0.8556769611182016,0.43018412572774917,0.414142602861693,-0.414142602861693
0.67,2191,309.3954783041986,1.172254473516678,1.0,0.8557906304608084,0.4258578446415734,0.4102081729952751,-0.4102081729952751
0.67,2192,309.1257950170041,1.171969208407866,1.0,0.8574125674136795,0.42158022166398373,0.40628965747256335,-0.40628965747256335
0.67,2193,308.85611172980964,1.1503895843674403,1.0,0.8377374159694391,0.4167123441430669,0.4024058955921918,-0.4024058955921918
0.67,2194,308.5864284426152,1.1570216161510054,1.0,0.8463321338549985,0.4121023081587169,0.39811201847676697,-0.39811201847676697
0.67,2195,308.3167451554207,1.1454866132129011,1.0,0.8367916182468736,0.4072060567061231,0.3939036287532913,-0.3939036287532913
0.67,2196,308.0470618682262,1.1442510765019351,1.0,0.8376019229738465,0.4023341143953385,0.38950936044145834,-0.38950936044145834
0.67,2197,307.7773785810317,1.1448924744869218,1.0,0.840332290732609,0.39754408311731676,0.3850865895626812,-0.3850865895626812
0.67,2198,307.50769529383723,1.1376389130139313,1.0,0.8351939860973445,0.3925999027002371,0.3807114247886386,-0.3807114247886386
0.67,2199,307.23801200664275,1.1546192142450702,1.0,0.8543249510179309,0.388229651230775,0.37623426681987554,-0.37623426681987554
0.67,2200,306.96832871944827,1.1440303852865124,1.0,0.8458600848118079,0.3836054537751293,0.37213642736659136,-0.37213642736659136
0.67,2201,306.6986454322538,1.1446513733916197,1.0,0.8486012484382341,0.37906349122827626,0.367940851399449,-0.367940851399449
0.67,2202,306.4289621450593,1.155834223191824,1.0,0.8618984913605598,0.3749204459690931,0.363778150666972,-0.363778150666972
0.67,2203,306.1592788578648,1.13649159486928,1.0,0.8446266693261797,0.37025924604887844,0.35990268030460093,-0.35990268030460093
0.67,2204,305.88959557067034,1.1238496715490505,1.0,0.8340692153765678,0.3652813225101755,0.35572077865704277,-0.35572077865704277
0.67,2205,305.61991228347586,1.107047000651718,1.0,0.8194051071085386,0.35986347572343164,0.3512411149668716,-0.3512411149668716
0.67,2206,305.3502289962814,1.0980634619721226,1.0,0.8126560490553512,0.3542431571950922,0.3463770984497086,-0.3463770984497086
0.67,2207,305.0805457090869,1.1018068686006872,1.0,0.8187391067439396,0.34880533039741035,0.3412774548901426,-0.3412774548901426
0.67,2208,304.8108624218924,1.101054492728847,1.0,0.8203943774269618,0.3434171617202192,0.3362499865945565,-0.3362499865945565
0.67,2209,304.5411791346979,1.0995737160439234,1.0,0.8213658352631825,0.3380581367781147,0.3312693869885901,-0.3312693869885901
0.67,2210,304.27149584750345,1.101347797853131,1.0,0.8256226141197838,0.33282681520170815,0.32631540348275095,-0.32631540348275095
0.67,2211,304.00181256030896,1.0784366566049362,1.0,0.8052049078260709,0.3269829624364903,0.3214541999619413,-0.3214541999619413
0.67,2212,303.7321292731145,1.0875369298647073,1.0,0.8168687166082014,0.32148902393473633,0.3161697034041413,-0.3161697034041413
0.67,2213,303.46244598592,1.091566659942663,1.0,0.8234933331536975,0.31619382392934725,0.3110358748207076,-0.3110358748207076
0.67,2214,303.1927626987255,1.085957401421504,1.0,0.8204790885197863,0.31080819658494085,0.3060739110251304,-0.3060739110251304
0.67,2215,302.92307941153103,1.0816042375763113,1.0,0.818727332579694,0.30537001656233165,0.3010807694017673,-0.3010807694017673
0.67,2216,302.6533961243365,1.0815300229378273,1.0,0.8212681262834761,0.30000806035083594,0.2960378747771285,-0.2960378747771285
0.67,2217,302.38371283714207,1.0652853188288494,1.0,0.8076446039537108,0.2942373984694473,0.2910339103379582,-0.2910339103379582
0.67,2218,302.1140295499476,1.0655477859706848,1.0,0.8105762349819547,0.28855468551890595,0.28573831485943235,-0.28573831485943235
0.67,2219,301.8443462627531,1.0453399180197072,1.0,0.7930753679996065,0.28234694655889414,0.28043526867021074,-0.28043526867021074
0.67,2220,301.5746629755586,1.0419268196192302,1.0,0.7924540780907303,0.276120568901616,0.2747443852691671,-0.2747443852691671
0.67,2221,301.30497968836414,1.0377633273316658,1.0,0.7911613472703731,0.2698554093197272,0.26894629121307617,-0.26894629121307617
0.67,2222,301.03529640116966,1.0436477206815689,1.0,0.7999843272168059,0.26385493913623137,0.2630893481985799,-0.2630893481985799
0.67,2223,300.7656131139752,1.0482313151730138,1.0,0.8075331574304782,0.2580809338591457,0.25740533023718565,-0.25740533023718565
0.67,2224,300.4959298267807,1.050067444825334,1.0,0.8123276320590317,0.2524507628209167,0.25191925622996536,-0.25191925622996536
0.67,2225,300.2262465395862,1.0523183198135777,1.0,0.8175132534958299,0.2469761604257916,0.24657706129646617,-0.24657706129646617
0.67,2226,299.95656325239173,1.0439647981117632,1.0,0.8120591412789436,0.24133793466415993,0.24137557421177924,-0.24137557421177924
0.67,2227,299.68687996519725,1.02203024309224,1.0,0.7930135025024132,0.2351283397392323,0.23608081135678988,-0.23608081135678988
0.67,2228,299.4171966780028,1.0224682355048484,1.0,0.7963982719827676,0.22902028789871534,0.2303407296638208,-0.2303407296638208
0.67,2229,299.1475133908083,0.9998138210269912,1.0,0.7767392508615021,0.2223224654245604,0.22456850265017259,-0.22456850265017259
0.67,2230,298.8778301036138,0.9938588530133337,1.0,0.7738808971114326,0.21553889233790338,0.2183489428242354,-0.2183489428242354
0.67,2231,298.6081468164193,1.0009817691877734,1.0,0.7842005817370143,0.20906490979001383,0.21195794610124458,-0.21195794610124458
0.67,2232,298.33846352922484,1.013499000133379,1.0,0.7999635346279712,0.20306381582885297,0.20574887913737155,-0.20574887913737155
0.67,2233,298.0687802420304,1.0011024600127223,1.0,0.7907956945885342,0.19678768666650898,0.19992283993542762,-0.19992283993542762
0.67,2234,297.7990969548359,1.0118543790715029,1.0,0.8047836202084088,0.19093119527276126,0.1939731961487075,-0.1939731961487075
0.67,2235,297.5294136676414,0.992683547293275,1.0,0.7888166724642505,0.18459569544668875,0.18829984150682877,-0.18829984150682877
0.67,2236,297.2597303804469,0.9957223177170348,1.0,0.7950806867038874,0.17844811604780536,0.1823272485356761,-0.1823272485356761
0.67,2237,296.99004709325243,0.982994944853032,1.0,0.7855867592331662,0.17201571882480035,0.1764200283055144,-0.1764200283055144
0.67,2238,296.72036380605795,0.9715642949985442,1.0,0.7774266304632199,0.16533851773869696,0.17030896289756178,-0.17030896289756178
0.67,2239,296.45068051886346,0.9740319072443075,1.0,0.7832273930804191,0.1588353395311095,0.1639623783144532,-0.1639623783144532
0.67,2240,296.180997231669,0.9585347964288888,1.0,0.7711011688824557,0.1519683745975832,0.1576849342522841,-0.1576849342522841
0.67,2241,295.9113139444745,0.9598054824862452,1.0,0.7758099452553786,0.14524267295524454,0.15114361372729596,-0.15114361372729596
0.67,2242,295.64163065728,0.9521178459703368,1.0,0.7716059362696581,0.1383908510433343,0.14464045237520576,-0.14464045237520576
0.67,2243,295.37194737008554,0.9625618709427868,1.0,0.7855822547514771,0.13195831868587862,0.13804327981071512,-0.13804327981071512
0.67,2244,295.102264082891,0.9603191365841994,1.0,0.786868554325141,0.12556437531563286,0.13173165388359023,-0.13173165388359023
0.67,2245,294.8325807956965,0.9551032221504928,1.0,0.7851691260638481,0.1191194490975483,0.12550590826731614,-0.12550590826731614
0.67,2246,294.56289750850203,0.96038546853153,1.0,0.7939645642528315,0.11293838602513324,0.11925378080165994,-0.11925378080165994
0.67,2247,294.29321422130755,0.9458522556310264,1.0,0.7829176580218445,0.10642591576578858,0.11318743587849622,-0.11318743587849622
0.67,2248,294.02353093411307,0.9323618821607736,1.0,0.7729268308539786,0.09961372069140793,0.10690557029430832,-0.10690557029430832
0.67,2249,293.7538476469186,0.9217739435468936,1.0,0.76589050828694,0.09259043594001613,0.10034077796763041,-0.10034077796763041
0.67,2250,293.4841643597241,0.9151076136284788,1.0,0.7628488731583078,0.08547590213476537,0.09354399607695313,-0.09354399607695313
0.67,2251,293.2144810725296,0.9179949210417414,1.0,0.7694347611344148,0.07855894496879781,0.086616878403879,-0.086616878403879
0.67,2252,292.94479778533514,0.8985214769318757,1.0,0.7536998054503784,0.07116993913230917,0.07980164511712275,-0.07980164511712275
0.67,2253,292.67511449814066,0.9075168461737148,1.0,0.7665138710633813,0.0641653552642106,0.0726431693852417,-0.0726431693852417
0.67,2254,292.4054312109462,0.909960645906582,1.0,0.7728074271080951,0.057349578077453466,0.06569111042781167,-0.06569111042781167
0.67,2255,292.1357479237517,0.8972586248935395,1.0,0.7639539648300707,0.05026819702235558,0.05892090563175431,-0.05892090563175431
0.67,2256,291.8660646365572,0.9004605228001994,1.0,0.7710301382987743,0.04339910117131881,0.05197968756651013,-0.05197968756651013
0.67,2257,291.5963813493628,0.8988273474269766,1.0,0.7732756522827198,0.036597370739800406,0.045153729261782564,-0.045153729261782564
0.67,2258,291.32669806216825,0.9043949579064168,1.0,0.7827174518080651,0.030078894294042355,0.0383968050084829,-0.0383968050084829
0.67,2259,291.05701477497377,0.8911350086428469,1.0,0.7732983992193199,0.023277846270621953,0.03186491375972908,-0.03186491375972908
0.67,2260,290.7873314877793,0.8775954614959186,1.0,0.7636026167239388,0.016185924772340116,0.025157966958346552,-0.025157966958346552
0.67,2261,290.5176482005848,0.8580775431482127,1.0,0.7479715574932905,0.008625071497138832,0.01817853014435735,-0.01817853014435735
0.67,2262,290.2479649133903,0.8607712996669254,1.0,0.7546475361665951,0.0012644975821366844,0.010765790647546764,-0.010765790647546764
0.67,2263,289.97828162619584,0.8578564140310707,1.0,0.7557796891485603,0.0,0.0034002541706183056,-0.0034002541706183056
0.67,2264,289.70859833900136,0.8537015828627892,1.0,0.7550455867933885,0.0,0.0007643823716681168,-0.0007643823716681168
0.67,2265,289.4389150518069,0.8477667382585411,1.0,0.7517854197727559,0.0,0.00017183433378767946,-0.00017183433378767946
0.67,2266,289.1692317646124,0.8439376304480752,1.0,0.7500235276355087,0.0,3.8628622745208764e-05,-3.8628622745208764e-05
0.67,2267,288.8995484774179,0.8578082031153491,1.0,0.7655051608583882,0.0,8.683773855319295e-06,-8.683773855319295e-06
0.67,2268,288.6298651902234,0.8560982930226491,1.0,0.7650713959359307,0.0,1.9521257298690524e-06,-1.9521257298690524e-06
0.67,2269,288.36018190302894,0.8521632076770196,1.0,0.7621681183659919,0.0,4.388408690401877e-07,-4.388408690401877e-07
0.67,2270,288.09049861583446,0.845063026599254,1.0,0.7559217407350007,0.0,9.865210288113226e-08,-9.865210288113226e-08
0.67,2271,287.82081532864,0.8295144738910788,1.0,0.7410972731331491,0.0,2.2177144585816268e-08,-2.2177144585816268e-08
0.67,2272,287.5511320414455,0.823533179459407,1.0,0.7357454298028698,0.0,4.98545624083462e-09,-4.98545624083462e-09
0.67,2273,287.281448754251,0.8075274633223359,1.0,0.720300008784273,0.0,1.1207382372017861e-09,-1.1207382372017861e-09
0.67,2274,287.01176546705653,0.8139924808277745,1.0,0.7272746646613514,0.0,2.519436809089091e-10,-2.519436809089091e-10
0.67,2275,286.74208217986205,0.8069910358390258,1.0,0.7207456331335762,0.0,5.663732729277942e-11,-5.663732729277942e-11
0.67,2276,286.4723988926676,0.8187702593807165,1.0,0.7329697981167932,0.0,1.2732158358951658e-11,-1.2732158358951658e-11
0.67,2277,286.2027156054731,0.8075386404371049,1.0,0.7221627306894182,0.0,2.8622087980851697e-12,-2.8622087980851697e-12
0.67,2278,285.9330323182786,0.82056514235986,1.0,0.7355985374100771,0.0,6.434289436933052e-13,-6.434289436933052e-13
0.67,2279,285.6633490310841,0.8052629379873021,1.0,0.7206941267770316,0.0,1.4464381699170617e-13,-1.4464381699170617e-13
0.67,2280,285.39366574388964,0.7864904178982429,1.0,0.7023106032108247,0.0,3.2516152714296796e-14,-3.2516152714296796e-14
0.67,2281,285.1239824566952,0.7788808353910754,1.0,0.6950831920538171,0.0,7.309681183262026e-15,-7.309681183262026e-15
0.67,2282,284.8542991695007,0.7933768092765676,1.0,0.7099559456440288,0.0,1.6432275820085583e-15,-1.6432275820085583e-15
0.67,2283,284.5846158823062,0.7806847626717031,1.0,0.6976363296809603,0.0,3.6940008990497454e-16,-3.6940008990497454e-16
0.67,2284,284.3149325951117,0.7774426686238839,1.0,0.6947630759797448,0.0,8.304170883926447e-17,-8.304170883926447e-17
0.67,2285,284.04524930791723,0.7730114114376958,1.0,0.6906976215689593,0.0,1.8667903975657127e-17,-1.8667903975657127e-17
0.67,2286,283.77556602072275,0.7688110310886682,1.0,0.6868604095623272,0.0,4.196573549791631e-18,-4.196573549791631e-18
0.67,2287,283.50588273352827,0.7823458390850164,1.0,0.7007560460061522,0.0,9.433961939045598e-19,-9.433961939045598e-19
0.67,2288,283.2361994463338,0.7650485788827011,1.0,0.6838174900479834,0.0,2.1207691658777193e-19,-2.1207691658777193e-19
0.67,2289,282.9665161591393,0.7653395679112966,1.0,0.6844652175621572,0.0,4.7675217305282985e-20,-4.7675217305282985e-20
0.67,2290,282.6968328719448,0.7569483626451737,1.0,0.676428901901301,0.0,1.0717462238118036e-20,-1.0717462238118036e-20
0.67,2291,282.42714958475034,0.7456664053015896,1.0,0.6655000719775932,0.0,2.4093020088396695e-21,-2.4093020088396695e-21
0.67,2292,282.15746629755586,0.7446613962350541,1.0,0.6648464929207784,0.0,5.416148002979264e-22,-5.416148002979264e-22
0.67,2293,281.8877830103614,0.7369062933821078,1.0,0.6574411715219778,0.0,1.2175584083086356e-22,-1.2175584083086356e-22
0.67,2294,281.6180997231669,0.7309553340855097,1.0,0.6518383824129126,0.0,2.7370900441191916e-23,-2.7370900441191916e-23
0.67,2295,281.3484164359724,0.7258898939011693,1.0,0.6471195300344085,0.0,6.153020552027066e-24,-6.153020552027066e-24
0.67,2296,281.0787331487779,0.7336647028385561,1.0,0.655239367171985,0.0,1.3832084916245744e-24,-1.3832084916245744e-24
0.67,2297,280.80904986158345,0.7441214499199655,1.0,0.666039601181343,0.0,3.1094739813147856e-25,-3.1094739813147856e-25
0.67,2298,280.53936657438896,0.7305120587293599,1.0,0.6527721707468326,0.0,6.990145375060279e-26,-6.990145375060279e-26
0.67,2299,280.2696832871945,0.7401221760619758,1.0,0.662722735409226,0.0,1.5713954404537623e-26,-1.5713954404537623e-26
0.67,2300,280.0,0.7254579069638252,1.0,0.6483974112427552,0.0,3.532521139100887e-27,-3.532521139100887e-27
1.0,2026,424.954328466289,1.418041717312451,,1.418041717312451,0.0,0.0,-0.0
1.0,2027,427.2904353896449,1.4388117390799384,,1.4388117390799384,0.0,0.0,-0.0
1.0,2028,429.4160328675757,1.461399447368212,,1.461399447368212,0.0,0.0,-0.0
1.0,2029,431.3201831115328,1.4823276602293245,,1.4823276602293245,0.0,0.0,-0.0
1.0,2030,432.86418875476886,1.4994159994856238,,1.4994159994856238,0.0,0.0,-0.0
1.0,2031,434.10814080086806,1.520312932066729,,1.520312932066729,0.0,0.0,-0.0
1.0,2032,434.9978544833465,1.5258914700314634,,1.5258914700314634,0.0,0.0,-0.0
1.0,2033,435.49192537517297,1.53270616963478,,1.53270616963478,0.0,0.0,-0.0
1.0,2034,435.5730564640198,1.5608361203059384,,1.5608361203059384,0.0,0.0,-0.0
1.0,2035,435.3780330932249,1.582357815583918,1.582357815583918,1.582357815583918,0.0,0.0,-0.0
1.0,2036,434.842405141618,1.596301730923325,1.5590635029605613,1.596301730923325,0.19065972716934992,0.0,-0.0
1.0,2037,434.00094666893256,1.6164329265295925,1.5357691903372046,1.5996008960440604,0.3312869205746334,0.11782421339872454,-0.11782421339872454
1.0,2038,432.8301457453754,1.6315844440663705,1.512474877713848,1.5843565962136725,0.38016279075945636,0.24475157949267184,-0.24475157949267184
1.0,2039,431.34475655586846,1.638721735889319,1.489180565090491,1.5586063335953497,0.3762141330052099,0.3198633150596455,-0.3198633150596455
1.0,2040,429.65532755681954,1.63718039154189,1.4658862524671343,1.5294499299009245,0.3545313189419222,0.3452113637223043,-0.3452113637223043
1.0,2041,427.77932192916313,1.6342795072483456,1.4425919398437776,1.5068385813629035,0.3656557363508955,0.341957438505175,-0.341957438505175
1.0,2042,425.7985784969926,1.6274670825461526,1.419297627220421,1.4848389049829183,0.3799938708992524,0.34722187915911695,-0.34722187915911695
1.0,2043,423.7098143103413,1.6138510680695322,1.3960033145970645,1.4586069841536224,0.37281827021634256,0.3574623660266407,-0.3574623660266407
1.0,2044,421.5911651990637,1.626630481761692,1.3727090019737076,1.4621518122941033,0.5177471112739789,0.357077362030373,-0.357077362030373
1.0,2045,419.5242997546436,1.627749280735828,1.3494146893503507,1.4446623603618556,0.5582011352509054,0.43949573552421145,-0.43949573552421145
1.0,2046,417.53831947187575,1.6452627316272816,1.326120376726994,1.440951572356484,0.6698985018163701,0.49238028314870186,-0.49238028314870186
1.0,2047,415.6373187856733,1.643732255875141,1.302826064103637,1.4123043286820773,0.6562712383105338,0.5730852960857996,-0.5730852960857996
1.0,2048,413.7778641844761,1.6621235635717289,1.2795317514802806,1.4076155181496248,0.7646688007653748,0.5953839455789905,-0.5953839455789905
1.0,2049,411.979850399778,1.6650059387085867,1.2562374388569235,1.384043017659831,0.7786145308895406,0.6617667047600385,-0.6617667047600385
1.0,2050,410.23648256218377,1.664820952843025,1.2329431262335673,1.3598689697928863,0.7894469558987162,0.6935720626277267,-0.6935720626277267
1.0,2051,408.5386340414906,1.6695039495554145,1.2096488136102104,1.344397026130306,0.8447285862050107,0.710992977181947,-0.710992977181947
1.0,2052,406.88430793220033,1.6529015792525132,1.1863545009868537,1.3078504363854329,0.7930467128452579,0.7463845552591244,-0.7463845552591244
1.0,2053,405.3032435615028,1.6516036507530931,1.163060188363497,1.2938143580813788,0.8550283848079168,0.7323195577601191,-0.7323195577601191
1.0,2054,403.75459919260106,1.6441477356402894,1.1397658757401403,1.272952700658115,0.8831740797985379,0.7595915519658962,-0.7595915519658962
1.0,2055,402.2464798368389,1.6413975488637036,1.1164715631167836,1.2566815748198021,0.9351152151281196,0.7842140101825319,-0.7842140101825319
1.0,2056,400.7803925175034,1.634200194916776,1.093177250493427,1.2342820108198822,0.9565215294844779,0.8199637575752681,-0.8199637575752681
1.0,2057,399.3432294167048,1.6593339665020026,1.0698829378700705,1.2446501289015615,1.1458057459334354,0.8440288370013767,-0.8440288370013767
1.0,2058,397.9360424111924,1.6479353680632047,1.0465886252467134,1.2074886410304786,1.0957778715888586,0.9472388580683585,-0.9472388580683585
1.0,2059,396.5494862075801,1.6383776145437985,1.023294312623357,1.1769774213256463,1.0781353092257542,0.9606374390732353,-0.9606374390732353
1.0,2060,395.1944846615793,1.640600579495743,1.0,1.1641914419672288,1.1503799485865187,0.9568393819767449,-0.9568393819767449
1.0,2061,393.88413474850427,1.6349396693185456,1.0,1.142421096264588,1.0586187516250651,0.990973138892405,-0.990973138892405
1.0,2062,392.61469815942473,1.6284659034259523,1.0,1.1285705381261506,1.0047944255080163,0.9583069505572912,-0.9583069505572912
1.0,2063,391.3446889834331,1.6322210001412716,1.0,1.1322008090746831,1.0388098773396408,0.9193495606507924,-0.9193495606507924
1.0,2064,390.11180502822367,1.621348774743478,1.0,1.1205290681381475,0.9949146608335402,0.9220793486179111,-0.9220793486179111
1.0,2065,388.8763099925097,1.6312175655417591,1.0,1.1325040350467515,1.0706899795821705,0.9010433770240969,-0.9010433770240969
1.0,2066,387.6671914423072,1.608671469366462,1.0,1.1068662325433758,0.9553249149704972,0.9312231987502055,-0.9312231987502055
1.0,2067,386.471679704188,1.6162239745688676,1.0,1.1185512320905193,1.0279760605570771,0.8843501609388198,-0.8843501609388198
1.0,2068,385.2990773095997,1.6054374454579314,1.0,1.107688255011733,0.9865837657645539,0.9037832385117848,-0.9037832385117848
1.0,2069,384.1513233445322,1.6038459742724485,1.0,1.1076889146527025,0.9995097337277252,0.8901061524082421,-0.8901061524082421
1.0,2070,383.005141989489,1.618897378797833,1.0,1.1233832212594463,1.092787253312578,0.8915980407760289,-0.8915980407760289
1.0,2071,381.88758935964506,1.6167009818494489,1.0,1.1146269091778316,1.062760922005844,0.9386912781369638,-0.9386912781369638
1.0,2072,380.79312032615286,1.6097038448177765,1.0,1.1022032932331203,1.012907237470262,0.9411339791666518,-0.9411339791666518
1.0,2073,379.6927647632014,1.611090264224374,1.0,1.102767120263031,1.0280584270513788,0.9171124651699749,-0.9171124651699749
1.0,2074,378.6113306762912,1.5981683025349305,1.0,1.0891199719309093,0.9705170820224798,0.9158770749511964,-0.9158770749511964
1.0,2075,377.5376584582351,1.5972885054118042,1.0,1.0916189490856905,0.9940062416866686,0.8864215121582951,-0.8864215121582951
1.0,2076,376.5064825939023,1.600223092769705,1.0,1.0965666051880296,1.030332514820928,0.8874672752169039,-0.8874672752169039
1.0,2077,375.4632157099621,1.5848700940207447,1.0,1.0797222623357148,0.9556774720396395,0.906110047515164,-0.906110047515164
1.0,2078,374.4357568950009,1.5776007646238084,1.0,1.075477832360245,0.9435126620455198,0.8752909166619327,-0.8752909166619327
1.0,2079,373.43703329766106,1.5803209789754984,1.0,1.082616557407626,0.9891202741713405,0.8577563141394446,-0.8577563141394446
1.0,2080,372.3991638632354,1.5807998849049425,1.0,1.083642951768447,1.0042894001876586,0.8744553310757818,-0.8744553310757818
1.0,2081,371.40526603606384,1.5866632847653874,1.0,1.0876538084024094,1.03486214036576,0.8882480275516819,-0.8882480275516819
1.0,2082,370.4218177199178,1.5840908702702956,1.0,1.0805364258399917,1.0026821291999584,0.9086639902314858,-0.9086639902314858
1.0,2083,369.4439618392154,1.5799391744121785,1.0,1.0740297348142573,0.9701486740712867,0.9000233543665701,-0.9000233543665701
1.0,2084,368.4625182049772,1.575386492528476,1.0,1.070284988403811,0.9514249420190551,0.8804024193147912,-0.8804024193147912
1.0,2085,367.4917176069188,1.5643946140600498,1.0,1.0619932457850338,0.9099662289251692,0.8636691728000849,-0.8636691728000849
1.0,2086,366.53040513345206,1.557822587543178,1.0,1.0610208218894732,0.9051041094473661,0.8363075090525296,-0.8363075090525296
1.0,2087,365.58099573094046,1.552475855364848,1.0,1.0612762061851804,0.9063810309259018,0.8237423055046555,-0.8237423055046555
1.0,2088,364.6353045137353,1.5562644142877171,1.0,1.0694460569705249,0.9472302848526243,0.8197764914706485,-0.8197764914706485
1.0,2089,363.7002816304295,1.5569321342639957,1.0,1.070265894270814,0.9513294713540704,0.8392292170127513,-0.8392292170127513
1.0,2090,362.77216868852986,1.5454286131764363,1.0,1.0572964372105638,0.8864821860528188,0.8484737831075402,-0.8484737831075402
1.0,2091,361.84675838354826,1.547215704318033,1.0,1.0620259739280196,0.9101298696400978,0.8186209014126548,-0.8186209014126548
1.0,2092,360.9310576440207,1.5590443820853013,1.0,1.0755737812385335,0.9778689061926676,0.8198192511818245,-0.8198192511818245
1.0,2093,360.0260321339677,1.56559601844547,1.0,1.0781297455705434,0.9906487278527171,0.8548091376788731,-0.8548091376788731
1.0,2094,359.12832422499355,1.567876830753401,1.0,1.0744907674821262,0.9724538374106312,0.874143020122441,-0.874143020122441
1.0,2095,358.2262956841787,1.5657364371386708,1.0,1.0680885877523414,0.9404429387617069,0.8720503771871619,-0.8720503771871619
1.0,2096,357.3286250314057,1.566750310849376,1.0,1.0681833638382228,0.9409168191911138,0.8549978691849562,-0.8549978691849562
1.0,2097,356.43715435255547,1.5592072305200937,1.0,1.0605808975254027,0.9029044876270137,0.8489664658172849,-0.8489664658172849
1.0,2098,355.5446643612121,1.5460522067652935,1.0,1.050232163189295,0.8511608159464751,0.8272676783777607,-0.8272676783777607
1.0,2099,354.66863836261075,1.5243613224660029,1.0,1.0353027943014712,0.776513971507356,0.7925092257998202,-0.7925092257998202
1.0,2100,353.79757260164183,1.538508412530982,1.0,1.061552777512545,0.9077638875627253,0.740558711905916,-0.740558711905916
1.0,2101,352.921426913506,1.536351122898738,1.0,1.0609281606001564,0.9046408030007819,0.7898858968010943,-0.7898858968010943
1.0,2102,352.0679851778796,1.531933358476127,1.0,1.0550358544030896,0.8751792720154478,0.8064264451868204,-0.8064264451868204
1.0,2103,351.1946385594372,1.5333716665399073,1.0,1.0564768241683413,0.8823841208417066,0.7973084705407445,-0.7973084705407445
1.0,2104,350.3355384096521,1.5411993223240286,1.0,1.0640281477298346,0.9201407386491728,0.7976810200937015,-0.7976810200937015
1.0,2105,349.48378952677666,1.542589162161556,1.0,1.0621971025971986,0.9109855129859928,0.8172536103636158,-0.8172536103636158
1.0,2106,348.6552659245392,1.5303498132773157,1.0,1.047031549088187,0.8351577454409348,0.8197558153467677,-0.8197558153467677
1.0,2107,347.83320827956925,1.5285622022835097,1.0,1.048368099194607,0.8418404959730347,0.7814034306783773,-0.7814034306783773
1.0,2108,347.0208914164592,1.5082734527584991,1.0,1.031649637050079,0.7582481852503947,0.7707816061366806,-0.7707816061366806
1.0,2109,346.1939509380624,1.50331163340197,1.0,1.035911936541456,0.7795596827072798,0.7228844549831465,-0.7228844549831465
1.0,2110,345.36222769420567,1.5053301740022125,1.0,1.0453395121808575,0.8266975609042876,0.716555682876874,-0.716555682876874
1.0,2111,344.5359334938229,1.5070920748429102,1.0,1.0490832417005884,0.8454162085029421,0.739016185779926,-0.739016185779926
1.0,2112,343.7200931959244,1.499418822064934,1.0,1.0400764443677504,0.8003822218387519,0.7570520225805948,-0.7570520225805948
1.0,2113,342.92032016491413,1.4995923543872445,1.0,1.0415010233538728,0.8075051167693642,0.7401068724276343,-0.7401068724276343
1.0,2114,342.111342955904,1.4913531251082404,1.0,1.034331145870944,0.7716557293547205,0.7376181744196851,-0.7376181744196851
1.0,2115,341.2949734558657,1.496089972358969,1.0,1.0424836830727569,0.8124184153637842,0.7177942806438129,-0.7177942806438129
1.0,2116,340.50201088711805,1.480334145900421,1.0,1.0269952296370342,0.7349761481851708,0.7319897440880512,-0.7319897440880512
1.0,2117,339.72150961948483,1.471446881923218,1.0,1.0232228049055494,0.716114024527747,0.6962227351277019,-0.6962227351277019
1.0,2118,338.9234936751794,1.4720376711831138,1.0,1.0306731969929128,0.7533659849645641,0.6729750561162677,-0.6729750561162677
1.0,2119,338.13814810374447,1.4485023504820884,1.0,1.01033329836636,0.6516664918317999,0.6843092123306345,-0.6843092123306345
1.0,2120,337.3559786540178,1.4384565944217984,1.0,1.009654429237596,0.6482721461879798,0.6337983778049978,-0.6337983778049978
1.0,2121,336.5758836900945,1.459685157408357,1.0,1.0404522002758316,0.8022610013791581,0.6133700987275309,-0.6133700987275309
1.0,2122,335.8141633999215,1.4408164233724186,1.0,1.01769416311454,0.6884708155726998,0.6882376379704802,-0.6882376379704802
1.0,2123,335.0321679386846,1.4445371479015807,1.0,1.0231466438401955,0.7157332192009774,0.6551743678829887,-0.6551743678829887
1.0,2124,334.26597808027714,1.4422618938312246,1.0,1.0216170187380706,0.7080850936903532,0.6576700720648408,-0.6576700720648408
1.0,2125,333.5089023615733,1.4478871070256676,1.0,1.0280833063755277,0.7404165318776385,0.654484712611942,-0.654484712611942
1.0,2126,332.7493794235512,1.4220007688727447,1.0,1.000350168103994,0.6017508405199695,0.6706126044163809,-0.6706126044163809
1.0,2127,331.9961437209261,1.4150957512961462,1.0,1.0018237492521613,0.6091187462608066,0.6014662896384615,-0.6014662896384615
1.0,2128,331.24172736522786,1.411818421022885,1.0,1.0075523538362854,0.6377617691814269,0.5800766488145461,-0.5800766488145461
1.0,2129,330.490961165181,1.4029449725458862,1.0,1.0039782853711399,0.6198914268556993,0.5878809139716943,-0.5878809139716943
1.0,2130,329.74220366136643,1.3976592862654664,1.0,1.0033988065295958,0.6169940326479789,0.5809852989060003,-0.5809852989060003
1.0,2131,328.99506609094794,1.3906528930354027,1.0,1.0002751866437782,0.6013759332188912,0.576861362349964,-0.576861362349964
1.0,2132,328.25666767408546,1.3920512795622937,1.0,1.0058130050834118,0.6290650254170588,0.5667709856158847,-0.5667709856158847
1.0,2133,327.5360921759892,1.4073095485349112,1.0,1.022321723714609,0.7116086185730447,0.5782378844314697,-0.5782378844314697
1.0,2134,326.8225786129552,1.3977660158486147,1.0,1.006577626162128,0.6328881308106399,0.6271545960348469,-0.6271545960348469
1.0,2135,326.08065099936607,1.4003069669295494,1.0,1.0079955993642171,0.6399779968210856,0.6025402036039154,-0.6025402036039154
1.0,2136,325.37731756317453,1.3844035359245612,1.0,0.9918897298053704,0.5997566918941611,0.5973533132630165,-0.5973533132630165
1.0,2137,324.6538632860047,1.3802280036443932,1.0,0.9908607336545525,0.5994825139037977,0.5734189855167331,-0.5734189855167331
1.0,2138,323.9428422026162,1.364745412987865,1.0,0.9788255874931193,0.5988472815285913,0.5644632111131984,-0.5644632111131984
1.0,2139,323.23800539570215,1.3649788162362868,1.0,0.9819699352416784,0.5983063795858418,0.5608190843470866,-0.5608190843470866
1.0,2140,322.53232577448034,1.3396661549662416,1.0,0.958894044895676,0.597073200932712,0.5591808614927057,-0.5591808614927057
1.0,2141,321.8386978781396,1.3305548464821126,1.0,0.951480205079888,0.5956176070851087,0.5578995193215655,-0.5578995193215655
1.0,2142,321.1399807413744,1.3377212484765155,1.0,0.9599522931812966,0.5944161758805475,0.5566268199056568,-0.5566268199056568
1.0,2143,320.45198606793633,1.3166991753626025,1.0,0.9399320282515283,0.5926141367280934,0.5554970223915687,-0.5554970223915687
1.0,2144,319.7635784409158,1.3178432538674425,1.0,0.9418979943930549,0.5908710765598851,0.5540887221406167,-0.5540887221406167
1.0,2145,319.0638488247669,1.325747485042977,1.0,0.9505045434815427,0.5893862128643313,0.5526100741835953,-0.5526100741835953
1.0,2146,318.38381900747527,1.32454802160015,1.0,0.949905024942985,0.587883363612621,0.5512475372923382,-0.5512475372923382
1.0,2147,317.70910934547896,1.305765971119425,1.0,0.9316449236306559,0.5858327113215407,0.549917522773101,-0.549917522773101
1.0,2148,317.03256645606484,1.2955224761157094,1.0,0.921909219687566,0.5834899879121677,0.5482969291107962,-0.5482969291107962
1.0,2149,316.3604132387955,1.2976693290970491,1.0,0.9245930226645922,0.5812277785921054,0.5464076700833427,-0.5464076700833427
1.0,2150,315.680385445181,1.280067516810807,1.0,0.9075583435920481,0.5784545288998668,0.5444633696790817,-0.5444633696790817
1.0,2151,315.0209026776864,1.256280785757974,1.0,0.884405157990516,0.5749866836395824,0.5422157387686428,-0.5422157387686428
1.0,2152,314.35940488110043,1.2639546180938477,1.0,0.8928329856217785,0.5717716732082357,0.5394713766590986,-0.5394713766590986
1.0,2153,313.7197960089384,1.2748310299977506,1.0,0.9045586142638675,0.5689084316361518,0.5366827453654371,-0.5366827453654371
1.0,2154,313.06230356889847,1.2634828642879434,1.0,0.8941049317755777,0.565731579589419,0.5340713990546023,-0.5340713990546023
1.0,2155,312.6155514674147,1.2752497862894046,1.0,0.9068162537685213,0.5629360672024747,0.5313504223648914,-0.5313504223648914
1.0,2156,312.1742286704877,1.2793991435488614,1.0,0.9119234010854145,0.560293769235037,0.5287993779963638,-0.5287993779963638
1.0,2157,311.84633188836415,1.2661154455278436,1.0,0.8995876337770394,0.5572813982483482,0.5263949066151767,-0.5263949066151767
1.0,2158,311.8932269365416,1.2719811517053463,1.0,0.9064171922839748,0.5544739140168675,0.5238379702290943,-0.5238379702290943
1.0,2159,311.9273476001471,1.260027630875699,1.0,0.8954323406706088,0.5513368842369858,0.5213376716581917,-0.5213376716581917
1.0,2160,311.95454737836326,1.2394744373652378,1.0,0.8758759792140745,0.5476131636134081,0.5186739690496724,-0.5186739690496724
1.0,2161,312.00719763098823,1.2296278807267764,1.0,0.8671034855987051,0.5436262681813692,0.5156224092467887,-0.5156224092467887
1.0,2162,312.0825532910606,1.225769052162351,1.0,0.8644178780547456,0.5395588045230115,0.5122798246169076,-0.5122798246169076
1.0,2163,312.19141695562496,1.2211355241761173,1.0,0.861053171499258,0.5353903996679893,0.5087832601228142,-0.5087832601228142
1.0,2164,312.2620316414223,1.2375879235703315,1.0,0.8788619007460341,0.5317562566903703,0.5051716352432253,-0.5051716352432253
1.0,2165,312.2564786882802,1.2382628942697895,1.0,0.8809221594868373,0.5281839214749754,0.501813931354882,-0.501813931354882
1.0,2166,312.19521639926955,1.2474273672481997,1.0,0.8914765032191858,0.524928216571551,0.4985825270463865,-0.4985825270463865
1.0,2167,312.16429303601217,1.254278606959493,1.0,0.8996907766986283,0.5219189398725097,0.49557311233033763,-0.49557311233033763
1.0,2168,312.1350135535085,1.2479490481653652,1.0,0.8946750453247061,0.5187591912322509,0.4927819794233528,-0.4927819794233528
1.0,2169,312.1034401230786,1.2412332700427888,1.0,0.8892394780751538,0.5154363755745056,0.489985709529869,-0.489985709529869
1.0,2170,312.07250060847025,1.2303023685238434,1.0,0.8795792605167683,0.5118237533900086,0.48709486858274764,-0.48709486858274764
1.0,2171,312.02636463111736,1.2101701714394657,1.0,0.8607406261591843,0.5076459721747841,0.4840052379524269,-0.4840052379524269
1.0,2172,311.98638423894323,1.211615536447789,1.0,0.8635536511416071,0.5035525817090324,0.48052344090835974,-0.48052344090835974
1.0,2173,311.952239523276,1.2186313804356477,1.0,0.872006700820491,0.4997127827336471,0.4769425956943546,-0.4769425956943546
1.0,2174,311.923320406924,1.210505260365846,1.0,0.8653550353515189,0.4956734337941927,0.47346586110062666,-0.47346586110062666
1.0,2175,311.88076305002346,1.2096888326537976,1.0,0.8660525419959866,0.49165501005407236,0.46991317707486846,-0.46991317707486846
1.0,2176,311.8477396452747,1.221222236482537,1.0,0.8791327548583143,0.4880289926998218,0.4663422659251084,-0.4663422659251084
1.0,2177,311.80222716808737,1.2170855258328228,1.0,0.8765379569596021,0.48432513140860983,0.46298395807680004,-0.46298395807680004
1.0,2178,311.75502713775063,1.2228592328263157,1.0,0.8838468913226247,0.48084053814828853,0.459658231734508,-0.459658231734508
1.0,2179,311.7312013602398,1.2138433874399,1.0,0.8763437638776272,0.4771308510646174,0.4564666315444683,-0.4564666315444683
1.0,2180,311.6882537147985,1.216832029400247,1.0,0.8808415886536674,0.4735560987242274,0.4531955274045407,-0.4531955274045407
1.0,2181,311.6519648984156,1.1974790597905471,1.0,0.862990227499614,0.4694458055492158,0.4499697787631719,-0.4499697787631719
1.0,2182,311.5981521548988,1.1877756637547283,1.0,0.8548255779285492,0.4650905728870723,0.4464557090702931,-0.4464557090702931
1.0,2183,311.55294460175446,1.186669547480903,1.0,0.8553220226916417,0.4607502335678215,0.4426945064330935,-0.4426945064330935
1.0,2184,311.28326131456,1.1776909741462955,1.0,0.8480061013536235,0.45619041660843024,0.4388483974303481,-0.4388483974303481
1.0,2185,311.0135780273655,1.1899009438041892,1.0,0.8619466306569141,0.4520488155281377,0.4348439155735595,-0.4348439155735595
1.0,2186,310.743894740171,1.1735375865428586,1.0,0.8473395685088982,0.44746900258340466,0.4310163520716994,-0.4310163520716994
1.0,2187,310.47421145297653,1.164713436333028,1.0,0.8403186933961686,0.4426785633852897,0.42700217477528196,-0.42700217477528196
1.0,2188,310.20452816578205,1.178164803461181,1.0,0.8556364868882137,0.43834765799193615,0.42279658087155053,-0.42279658087155053
1.0,2189,309.9348448785876,1.1719575146149068,1.0,0.8513162644324694,0.4338871459249102,0.4187797754764305,-0.4187797754764305
1.0,2190,309.6651615913931,1.174047168533159,1.0,0.8553106559500183,0.42954646560341075,0.4147559640507974,-0.4147559640507974
1.0,2191,309.3954783041986,1.172254473516678,1.0,0.8554281609877512,0.4252093104330433,0.410795488038525,-0.410795488038525
1.0,2192,309.1257950170041,1.171969208407866,1.0,0.857055446751812,0.4209209738355976,0.40685787069167756,-0.40685787069167756
1.0,2193,308.85611172980964,1.1503895843674403,1.0,0.8373868703285272,0.41604257994545346,0.4029541677609738,-0.4029541677609738
1.0,2194,308.5864284426152,1.1570216161510054,1.0,0.8459773688160108,0.4114219010099338,0.39872219877130677,-0.39872219877130677
1.0,2195,308.3167451554207,1.1454866132129011,1.0,0.8364335502425343,0.4065149075172098,0.3945142909469331,-0.3945142909469331
1.0,2196,308.0470618682262,1.1442510765019351,1.0,0.8372373047279331,0.4016320266590478,0.3901478964390991,-0.3901478964390991
1.0,2197,307.7773785810317,1.1448924744869218,1.0,0.8399614830905393,0.39683087115176396,0.38573390408247854,-0.38573390408247854
1.0,2198,307.50769529383723,1.1376389130139313,1.0,0.8348202751083414,0.3918754794050142,0.38134633168861054,-0.38134633168861054
1.0,2199,307.23801200664275,1.1546192142450702,1.0,0.8539479079639056,0.3874939166439314,0.3768765038055367,-0.3768765038055367
1.0,2200,306.96832871944827,1.1440303852865124,1.0,0.8454910524381196,0.38285864821707505,0.37270440284287365,-0.37270440284287365
1.0,2201,306.6986454322538,1.1446513733916197,1.0,0.8482401847701735,0.3783058537601802,0.36849269921604105,-0.36849269921604105
1.0,2202,306.4289621450593,1.155834223191824,1.0,0.8615457424038662,0.3741522260322962,0.3643112823733424,-0.3643112823733424
1.0,2203,306.1592788578648,1.13649159486928,1.0,0.8442893120485726,0.36948090539375344,0.3603693688773466,-0.3603693688773466
1.0,2204,305.88959557067034,1.1238496715490505,1.0,0.8337392391266885,0.364493082567554,0.3562132396779881,-0.3562132396779881
1.0,2205,305.61991228347586,1.107047000651718,1.0,0.8190720579645472,0.35906524430649045,0.35179175439164,-0.35179175439164
1.0,2206,305.3502289962814,1.0980634619721226,1.0,0.8123083468807386,0.35343449471291266,0.3470137052251895,-0.3470137052251895
1.0,2207,305.0805457090869,1.1018068686006872,1.0,0.8183708162841706,0.3479856192014378,0.3419825085694337,-0.3419825085694337
1.0,2208,304.8108624218924,1.101054492728847,1.0,0.8200102526649274,0.34258592678138555,0.33695987428389107,-0.33695987428389107
1.0,2209,304.5411791346979,1.0995737160439234,1.0,0.8209720435241608,0.3372150880871104,0.3319650888821309,-0.3319650888821309
1.0,2210,304.27149584750345,1.101347797853131,1.0,0.8252241305926069,0.3319718120048886,0.32699347672736084,-0.32699347672736084
1.0,2211,304.00181256030896,1.0784366566049362,1.0,0.8048072894283763,0.3261160306877399,0.32210108041609853,-0.32210108041609853
1.0,2212,303.7321292731145,1.0875369298647073,1.0,0.8164631260567858,0.3206099244694435,0.31687557780180947,-0.31687557780180947
1.0,2213,303.46244598592,1.091566659942663,1.0,0.823083744624258,0.3153024368081712,0.3117278665898561,-0.3117278665898561
1.0,2214,303.1927626987255,1.085957401421504,1.0,0.8200727913710772,0.3099046205493035,0.30672123236041604,-0.30672123236041604
1.0,2215,302.92307941153103,1.0816042375763113,1.0,0.8183258964578655,0.30445439744303954,0.30170959760725696,-0.30170959760725696
1.0,2216,302.6533961243365,1.0815300229378273,1.0,0.8208708242529299,0.2990805221706274,0.2966613284890277,-0.2966613284890277
1.0,2217,302.38371283714207,1.0652853188288494,1.0,0.8072525508141126,0.2932980986950508,0.2916405109957274,-0.2916405109957274
1.0,2218,302.1140295499476,1.0655477859706848,1.0,0.8101821312595505,0.2876035626328373,0.28638487287747383,-0.28638487287747383
1.0,2219,301.8443462627531,1.0453399180197072,1.0,0.7926784141394877,0.2813839150570219,0.28109018749874887,-0.28109018749874887
1.0,2220,301.5746629755586,1.0419268196192302,1.0,0.7920453420996685,0.27514527532001193,0.27546610900817686,-0.27546610900817686
1.0,2221,301.30497968836414,1.0377633273316658,1.0,0.790738681930033,0.26886743577791294,0.2697042911998933,-0.2697042911998933
1.0,2222,301.03529640116966,1.0436477206815689,1.0,0.7995490800155114,0.2628539081783783,0.26386319145129106,-0.26386319145129106
1.0,2223,300.7656131139752,1.0482313151730138,1.0,0.8070935167903333,0.2570667136820883,0.2581445100682577,-0.2581445100682577
1.0,2224,300.4959298267807,1.050067444825334,1.0,0.8118928802899092,0.25142350009078557,0.2526005045219216,-0.2526005045219216
1.0,2225,300.2262465395862,1.0523183198135777,1.0,0.8170899367981778,0.2459361981947309,0.24720188201899748,-0.24720188201899748
1.0,2226,299.95656325239173,1.0439647981117632,1.0,0.8116518418074872,0.2402857534489555,0.2419453110667404,-0.2419453110667404
1.0,2227,299.68687996519725,1.02203024309224,1.0,0.7926192933092858,0.23406433224823409,0.23663938697523662,-0.23663938697523662
1.0,2228,299.4171966780028,1.0224682355048484,1.0,0.7960034239012759,0.22794443496527234,0.23096940778289066,-0.23096940778289066
1.0,2229,299.1475133908083,0.9998138210269912,1.0,0.7763403975992798,0.22123464689325076,0.22522090061961644,-0.22522090061961644
1.0,2230,298.8778301036138,0.9938588530133337,1.0,0.7734671033475785,0.21443865999367812,0.21908444407532857,-0.21908444407532857
1.0,2231,298.6081468164193,1.0009817691877734,1.0,0.7837680761931629,0.207951702279473,0.21274716719722292,-0.21274716719722292
1.0,2232,298.33846352922484,1.013499000133379,1.0,0.7995204667905715,0.20193731628319014,0.20651547440736584,-0.20651547440736584
1.0,2233,298.0687802420304,1.0011024600127223,1.0,0.7903573248724381,0.19564803602936331,0.2006014650912623,-0.2006014650912623
1.0,2234,297.7990969548359,1.0118543790715029,1.0,0.804351134146297,0.18977857005375223,0.1946333373311007,-0.1946333373311007
1.0,2235,297.5294136676414,0.992683547293275,1.0,0.7883978092037784,0.18343050432986557,0.1888934027313569,-0.1888934027313569
1.0,2236,297.2597303804469,0.9957223177170348,1.0,0.7946684221573571,0.17727055699458627,0.18294290548804398,-0.18294290548804398
1.0,2237,296.99004709325243,0.982994944853032,1.0,0.7851809219445529,0.17082598465292287,0.17702323340930476,-0.17702323340930476
1.0,2238,296.72036380605795,0.9715642949985442,1.0,0.7770218119912271,0.16413663901265968,0.1709367409512115,-0.1709367409512115
1.0,2239,296.45068051886346,0.9740319072443075,1.0,0.7828168845133195,0.15762114554805928,0.16463414766344925,-0.16463414766344925
1.0,2240,296.180997231669,0.9585347964288888,1.0,0.7706871107356197,0.15074175887012786,0.15835150807877363,-0.15835150807877363
1.0,2241,295.9113139444745,0.9598054824862452,1.0,0.7753877204793258,0.1440033904845076,0.1518482072862313,-0.1518482072862313
1.0,2242,295.64163065728,0.9521178459703368,1.0,0.771177893922993,0.13713872730219742,0.14534306521777524,-0.14534306521777524
1.0,2243,295.37194737008554,0.9625618709427868,1.0,0.7851487413076137,0.13069318954142584,0.1387534341827291,-0.1387534341827291
1.0,2244,295.102264082891,0.9603191365841994,1.0,0.7864393340804939,0.12428636956384063,0.13238274582424983,-0.13238274582424983
1.0,2245,294.8325807956965,0.9551032221504928,1.0,0.7847495375231137,0.11782885568953405,0.12611034709917301,-0.12611034709917301
1.0,2246,294.56289750850203,0.96038546853153,1.0,0.7935548686429306,0.11163550174882196,0.11983699323237741,-0.11983699323237741
1.0,2247,294.29321422130755,0.9458522556310264,1.0,0.782522281888365,0.10511117020547292,0.11371982322462963,-0.11371982322462963
1.0,2248,294.02353093411307,0.9323618821607736,1.0,0.7725399563690888,0.09828736889654559,0.10745048850741984,-0.10745048850741984
1.0,2249,293.7538476469186,0.9217739435468936,1.0,0.7655027902970816,0.09125245260545804,0.1009340492745787,-0.1009340492745787
1.0,2250,293.4841643597241,0.9151076136284788,1.0,0.7624529822953092,0.08412604207431731,0.09418931379880918,-0.09418931379880918
1.0,2251,293.2144810725296,0.9179949210417414,1.0,0.769027872125279,0.07719687823807568,0.0872966415735266,-0.0872966415735266
1.0,2252,292.94479778533514,0.8985214769318757,1.0,0.7532871943066776,0.06979549406727602,0.08046447873364856,-0.08046447873364856
1.0,2253,292.67511449814066,0.9075168461737148,1.0,0.7660901075558668,0.06277819729395202,0.0733539450791357,-0.0733539450791357
1.0,2254,292.4054312109462,0.909960645906582,1.0,0.7723796583842011,0.05594958704547806,0.06637208255049006,-0.06637208255049006
1.0,2255,292.1357479237517,0.8972586248935395,1.0,0.7635308388562262,0.048855512211164846,0.05954794096475773,-0.05954794096475773
1.0,2256,291.8660646365572,0.9004605228001994,1.0,0.7706099179416135,0.041973809749413254,0.0526090381231772,-0.0526090381231772
1.0,2257,291.5963813493628,0.8988273474269766,1.0,0.7728616582071921,0.03515965949562902,0.045753320921169835,-0.045753320921169835
1.0,2258,291.32669806216825,0.9043949579064168,1.0,0.7823125585937454,0.02862903625344138,0.038963472297328175,-0.038963472297328175
1.0,2259,291.05701477497377,0.8911350086428469,1.0,0.7729089569588045,0.02181630496220551,0.03236890370111943,-0.03236890370111943
1.0,2260,290.7873314877793,0.8775954614959186,1.0,0.7632242448211423,0.014713032306839782,0.025662380336779186,-0.025662380336779186
1.0,2261,290.5176482005848,0.8580775431482127,1.0,0.7475951740915924,0.007140887529587553,0.0187246808132797,-0.0187246808132797
1.0,2262,290.2479649133903,0.8607712996669254,1.0,0.7542601353728301,0.0,0.011398462249284994,-0.011398462249284994
1.0,2263,289.97828162619584,0.8578564140310707,1.0,0.7553612526293538,0.0,0.004193259922480745,-0.004193259922480745
1.0,2264,289.70859833900136,0.8537015828627892,1.0,0.7546065382290049,0.0,0.001542614116968822,-0.001542614116968822
1.0,2265,289.4389150518069,0.8477667382585411,1.0,0.7513858749032509,0.0,0.0005674960192936682,-0.0005674960192936682
1.0,2266,289.1692317646124,0.8439376304480752,1.0,0.7496848358701153,0.0,0.00020877011844477273,-0.00020877011844477273
1.0,2267,288.8995484774179,0.8578082031153491,1.0,0.7652252629859017,0.0,7.680223450675882e-05,-7.680223450675882e-05
1.0,2268,288.6298651902234,0.8560982930226491,1.0,0.7648402341717224,0.0,2.82539631110645e-05,-2.82539631110645e-05
1.0,2269,288.36018190302894,0.8521632076770196,1.0,0.7619747679929652,0.0,1.0394052160176956e-05,-1.0394052160176956e-05
1.0,2270,288.09049861583446,0.845063026599254,1.0,0.755756831435473,0.0,3.823758100192722e-06,-3.823758100192722e-06
1.0,2271,287.82081532864,0.8295144738910788,1.0,0.7409534487665903,0.0,1.4066819930736745e-06,-1.4066819930736745e-06
1.0,2272,287.5511320414455,0.823533179459407,1.0,0.7356171407997294,0.0,5.174893855178741e-07,-5.174893855178741e-07
1.0,2273,287.281448754251,0.8075274633223359,1.0,0.7201831479109525,0.0,1.903737059564686e-07,-1.903737059564686e-07
1.0,2274,287.01176546705653,0.8139924808277745,1.0,0.7271662208247329,0.0,7.003457256100215e-08,-7.003457256100215e-08
1.0,2275,286.74208217986205,0.8069910358390258,1.0,0.7206434092498472,0.0,2.57642794164223e-08,-2.57642794164223e-08
1.0,2276,286.4723988926676,0.8187702593807165,1.0,0.7328721948005704,0.0,9.47814871389833e-09,-9.47814871389833e-09
1.0,2277,286.2027156054731,0.8075386404371049,1.0,0.7220685849563815,0.0,3.4868160522087424e-09,-3.4868160522087424e-09
1.0,2278,285.9330323182786,0.82056514235986,1.0,0.7355070040053278,0.0,1.282727940754167e-09,-1.282727940754167e-09
1.0,2279,285.6633490310841,0.8052629379873021,1.0,0.7206045914430967,0.0,4.718892380196379e-10,-4.718892380196379e-10
1.0,2280,285.39366574388964,0.7864904178982429,1.0,0.7022226195099129,0.0,1.7359834917748214e-10,-1.7359834917748214e-10
1.0,2281,285.1239824566952,0.7788808353910754,1.0,0.6949964354248622,0.0,6.386326368369705e-11,-6.386326368369705e-11
1.0,2282,284.8542991695007,0.7933768092765676,1.0,0.7098701800212824,0.0,2.3493981755342938e-11,-2.3493981755342938e-11
1.0,2283,284.5846158823062,0.7806847626717031,1.0,0.6975513832500322,0.0,8.642952879047622e-12,-8.642952879047622e-12
1.0,2284,284.3149325951117,0.7774426686238839,1.0,0.6946788235737463,0.0,3.179564675215148e-12,-3.179564675215148e-12
1.0,2285,284.04524930791723,0.7730114114376958,1.0,0.6906139718875217,0.0,1.169696475886607e-12,-1.169696475886607e-12
1.0,2286,283.77556602072275,0.7688110310886682,1.0,0.6867772958927038,0.0,4.303072858893705e-13,-4.303072858893705e-13
1.0,2287,283.50588273352827,0.7823458390850164,1.0,0.7006734194869954,0.0,1.583012038649817e-13,-1.583012038649817e-13
1.0,2288,283.2361994463338,0.7650485788827011,1.0,0.6837353147791024,0.0,5.823575841461603e-14,-5.823575841461603e-14
1.0,2289,282.9665161591393,0.7653395679112966,1.0,0.6843834670544106,0.0,2.1423738261764067e-14,-2.1423738261764067e-14
1.0,2290,282.6968328719448,0.7569483626451737,1.0,0.6763475564993774,0.0,7.881352859541012e-15,-7.881352859541012e-15
1.0,2291,282.42714958475034,0.7456664053015896,1.0,0.6654191169890671,0.0,2.8993876856428964e-15,-2.8993876856428964e-15
1.0,2292,282.15746629755586,0.7446613962350541,1.0,0.6647659172578878,0.0,1.0666251215336703e-15,-1.0666251215336703e-15
1.0,2293,281.8877830103614,0.7369062933821078,1.0,0.6573609667156143,0.0,3.923894536492284e-16,-3.923894536492284e-16
1.0,2294,281.6180997231669,0.7309553340855097,1.0,0.6517585418968186,0.0,1.4435201293004572e-16,-1.4435201293004572e-16
1.0,2295,281.3484164359724,0.7258898939011693,1.0,0.6470400486255323,0.0,5.310413784867804e-17,-5.310413784867804e-17
1.0,2296,281.0787331487779,0.7336647028385561,1.0,0.6551602406932364,0.0,1.9535920555662917e-17,-1.9535920555662917e-17
1.0,2297,280.80904986158345,0.7441214499199655,1.0,0.6659608261877241,0.0,7.186863536786968e-18,-7.186863536786968e-18
1.0,2298,280.53936657438896,0.7305120587293599,1.0,0.6526937443266155,0.0,2.6438993416886053e-18,-2.6438993416886053e-18
1.0,2299,280.2696832871945,0.7401221760619758,1.0,0.6626446550396087,0.0,9.726362123339484e-19,-9.726362123339484e-19
1.0,2300,280.0,0.7254579069638252,1.0,0.6483196746850678,0.0,3.5781286625652126e-19,-3.5781286625652126e-19
1.5,2026,424.954328466289,1.418041717312451,,1.418041717312451,0.0,0.0,-0.0
1.5,2027,427.2904353896449,1.4388117390799384,,1.4388117390799384,0.0,0.0,-0.0
1.5,2028,429.4160328675757,1.461399447368212,,1.461399447368212,0.0,0.0,-0.0
1.5,2029,431.3201831115328,1.4823276602293245,,1.4823276602293245,0.0,0.0,-0.0
1.5,2030,432.86418875476886,1.4994159994856238,,1.4994159994856238,0.0,0.0,-0.0
1.5,2031,434.10814080086806,1.520312932066729,,1.520312932066729,0.0,0.0,-0.0
1.5,2032,434.9978544833465,1.5258914700314634,,1.5258914700314634,0.0,0.0,-0.0
1.5,2033,435.49192537517297,1.53270616963478,,1.53270616963478,0.0,0.0,-0.0
1.5,2034,435.5730564640198,1.5608361203059384,,1.5608361203059384,0.0,0.0,-0.0
1.5,2035,435.3780330932249,1.582357815583918,1.582357815583918,1.582357815583918,0.0,0.0,-0.0
1.5,2036,434.842405141618,1.596301730923325,1.5590635029605613,1.596301730923325,0.19065972716934992,0.0,-0.0
1.5,2037,434.00094666893256,1.6164329265295925,1.5357691903372046,1.6034762558885371,0.35112876297835427,0.09069669448738703,-0.09069669448738703
1.5,2038,432.8301457453754,1.6315844440663705,1.512474877713848,1.5920716454600357,0.42012888608217275,0.2105105699749621,-0.2105105699749621
1.5,2039,431.34475655586846,1.638721735889319,1.489180565090491,1.5666825409352176,0.41895516367623437,0.30269560410026064,-0.30269560410026064
1.5,2040,429.65532755681954,1.63718039154189,1.4658862524671343,1.5347284125792444,0.3839171442266049,0.34950730248709344,-0.34950730248709344
1.5,2041,427.77932192916313,1.6342795072483456,1.4425919398437776,1.5084028955800042,0.3766584370355343,0.35802333752001103,-0.35802333752001103
1.5,2042,425.7985784969926,1.6274670825461526,1.419297627220421,1.4842897188190203,0.38036316733923015,0.35916521539572366,-0.35916521539572366
1.5,2043,423.7098143103413,1.6138510680695322,1.3960033145970645,1.4576624801463682,0.37109763695866865,0.3614008931492376,-0.3614008931492376
1.5,2044,421.5911651990637,1.626630481761692,1.3727090019737076,1.4612894916894603,0.5163339165568039,0.358420898381818,-0.358420898381818
1.5,2045,419.5242997546436,1.627749280735828,1.3494146893503507,1.4467504391342243,0.5717905068714733,0.4206001136823635,-0.4206001136823635
1.5,2046,417.53831947187575,1.6452627316272816,1.326120376726994,1.4447859890736425,0.6926796931669456,0.4763022757925842,-0.4763022757925842
1.5,2047,415.6373187856733,1.643732255875141,1.302826064103637,1.4175960335404238,0.6869738749500511,0.5557220308903051,-0.5557220308903051
1.5,2048,413.7778641844761,1.6621235635717289,1.2795317514802806,1.4116702738957383,0.7896732625332605,0.5941294203262104,-0.5941294203262104
1.5,2049,411.979850399778,1.6650059387085867,1.2562374388569235,1.387842104885877,0.8027965405242137,0.6560183605378029,-0.6560183605378029
1.5,2050,410.23648256218377,1.664820952843025,1.2329431262335673,1.3627287726960577,0.8092757202673979,0.6931135054320381,-0.6931135054320381
1.5,2051,408.5386340414906,1.6695039495554145,1.2096488136102104,1.3459684739621285,0.8583041489567663,0.7147798779385329,-0.7147798779385329
1.5,2052,406.88430793220033,1.6529015792525132,1.1863545009868537,1.3091355233989561,0.8053446819471402,0.7456179696287399,-0.7456179696287399
1.5,2053,405.3032435615028,1.6516036507530931,1.163060188363497,1.2936640138612763,0.860131156435258,0.7401467482095103,-0.7401467482095103
1.5,2054,403.75459919260106,1.6441477356402894,1.1397658757401403,1.2729067089914463,0.8887930951930483,0.7593723263161468,-0.7593723263161468
1.5,2055,402.2464798368389,1.6413975488637036,1.1164715631167836,1.2571867761628321,0.9435508197322866,0.7806663156832849,-0.7806663156832849
1.5,2056,400.7803925175034,1.634200194916776,1.093177250493427,1.2356441885669365,0.9694054774384129,0.8132265243313328,-0.8132265243313328
1.5,2057,399.3432294167048,1.6593339665020026,1.0698829378700705,1.2462403582113653,1.1600207792182944,0.8400667475763477,-0.8400667475763477
1.5,2058,397.9360424111924,1.6479353680632047,1.0465886252467134,1.2116024975211734,1.1231047035570563,0.9267795591534405,-0.9267795591534405
1.5,2059,396.5494862075801,1.6383776145437985,1.023294312623357,1.180469930196449,1.1027745041589871,0.9574042715544449,-0.9574042715544449
1.5,2060,395.1944846615793,1.640600579495743,1.0,1.165544951771153,1.1644865693618298,0.9654288568761371,-0.9654288568761371
1.5,2061,393.88413474850427,1.6349396693185456,1.0,1.1431821580843489,1.0698544598979314,0.9928162019953275,-0.9928162019953275
1.5,2062,392.61469815942473,1.6284659034259523,1.0,1.127340191513662,1.0059254500261368,0.9710731469938783,-0.9710731469938783
1.5,2063,391.3446889834331,1.6322210001412716,1.0,1.129063289518224,1.0300285347911333,0.9353116074095388,-0.9353116074095388
1.5,2064,390.11180502822367,1.621348774743478,1.0,1.1176832820010834,0.9872504910455602,0.92626473148513,-0.92626473148513
1.5,2065,388.8763099925097,1.6312175655417591,1.0,1.1298928921924178,1.0638856890653228,0.9050568598977708,-0.9050568598977708
1.5,2066,387.6671914423072,1.608671469366462,1.0,1.1060671104165785,0.9574848334361152,0.9237335299756316,-0.9237335299756316
1.5,2067,386.471679704188,1.6162239745688676,1.0,1.1168870955682688,1.0256112106627593,0.8921424709086039,-0.8921424709086039
1.5,2068,385.2990773095997,1.6054374454579314,1.0,1.1067042448081221,0.9875014662390005,0.9023976429957349,-0.9023976429957349
1.5,2069,384.1513233445322,1.6038459742724485,1.0,1.106601882644021,0.9997818813357771,0.8929007054785341,-0.8929007054785341
1.5,2070,383.005141989489,1.618897378797833,1.0,1.1224484801468382,1.0937086864674836,0.892794898250613,-0.892794898250613
1.5,2071,381.88758935964506,1.6167009818494489,1.0,1.115384249809237,1.0722336447565863,0.9288135377860696,-0.9288135377860696
1.5,2072,380.79312032615286,1.6097038448177765,1.0,1.1030688994684925,1.023025160989083,0.9391220804848068,-0.9391220804848068
1.5,2073,379.6927647632014,1.611090264224374,1.0,1.1022234811966596,1.0310648873735175,0.9255198547954389,-0.9255198547954389
1.5,2074,378.6113306762912,1.5981683025349305,1.0,1.0879282445943323,0.9701400937132012,0.9216368616292387,-0.9216368616292387
1.5,2075,377.5376584582351,1.5972885054118042,1.0,1.089407045942726,0.9882629459682971,0.8960132836896522,-0.8960132836896522
1.5,2076,376.5064825939023,1.600223092769705,1.0,1.0946304154132243,1.025735443170375,0.8899190132819907,-0.8899190132819907
1.5,2077,375.4632157099621,1.5848700940207447,1.0,1.0790220474121393,0.9571762488544066,0.9013040076641594,-0.9013040076641594
1.5,2078,374.4357568950009,1.5776007646238084,1.0,1.0742450065989066,0.9422004455801123,0.8805059679218967,-0.8805059679218967
1.5,2079,373.43703329766106,1.5803209789754984,1.0,1.0808544311019883,0.9849500998277593,0.8639556283145008,-0.8639556283145008
1.5,2080,372.3991638632354,1.5807998849049425,1.0,1.0827060821264922,1.0041330848054577,0.8721713120929714,-0.8721713120929714
1.5,2081,371.40526603606384,1.5866632847653874,1.0,1.0876203629181418,1.0381018145907088,0.8838392008671708,-0.8838392008671708
1.5,2082,370.4218177199178,1.5840908702702956,1.0,1.081347305497735,1.0067365274886746,0.9029468144651591,-0.9029468144651591
1.5,2083,369.4439618392154,1.5799391744121785,1.0,1.0745495562932352,0.9727477814661761,0.9006485733163315,-0.9006485733163315
1.5,2084,368.4625182049772,1.575386492528476,1.0,1.06984638640888,0.9492319320444004,0.886255279799198,-0.886255279799198
1.5,2085,367.4917176069188,1.5643946140600498,1.0,1.060835893779194,0.9041794688959698,0.8696669498703254,-0.8696669498703254
1.5,2086,366.53040513345206,1.557822587543178,1.0,1.059183484229011,0.8959174211450555,0.8433964792172911,-0.8433964792172911
1.5,2087,365.58099573094046,1.552475855364848,1.0,1.0595420991543336,0.8977104957716681,0.8266341526863069,-0.8266341526863069
1.5,2088,364.6353045137353,1.5562644142877171,1.0,1.068347048037407,0.9417352401870355,0.8187392605844609,-0.8187392605844609
1.5,2089,363.7002816304295,1.5569321342639957,1.0,1.0705041523473862,0.9525207617369308,0.8320608246656271,-0.8320608246656271
1.5,2090,362.77216868852986,1.5454286131764363,1.0,1.058247191307082,0.8912359565354094,0.8431318647082048,-0.8431318647082048
1.5,2091,361.84675838354826,1.547215704318033,1.0,1.0618728671195319,0.9093643355976594,0.82464021880606,-0.82464021880606
1.5,2092,360.9310576440207,1.5590443820853013,1.0,1.0751180826109663,0.9755904130548315,0.8223309883214374,-0.8223309883214374
1.5,2093,360.0260321339677,1.56559601844547,1.0,1.0789057195590261,0.9945285977951307,0.8471544791651797,-0.8471544791651797
1.5,2094,359.12832422499355,1.567876830753401,1.0,1.0760521620773393,0.9802608103866967,0.8672690062233706,-0.8672690062233706
1.5,2095,358.2262956841787,1.5657364371386708,1.0,1.0692411886912354,0.946205943456177,0.8720466782827097,-0.8720466782827097
1.5,2096,357.3286250314057,1.566750310849376,1.0,1.068154721650607,0.9407736082530355,0.8611849655857362,-0.8611849655857362
1.5,2097,356.43715435255547,1.5592072305200937,1.0,1.0599320687222742,0.8996603436113709,0.8534754179719618,-0.8534754179719618
1.5,2098,355.5446643612121,1.5460522067652935,1.0,1.0489147173369866,0.844573586684933,0.8332930652110353,-0.8332930652110353
1.5,2099,354.66863836261075,1.5243613224660029,1.0,1.033150465837684,0.76575232918842,0.8009648786521533,-0.8009648786521533
1.5,2100,353.79757260164183,1.538508412530982,1.0,1.05829691801585,0.8914845900792495,0.7524739668932163,-0.7524739668932163
1.5,2101,352.921426913506,1.536351122898738,1.0,1.0602391949594643,0.9011959747973214,0.7781936323233398,-0.7781936323233398
1.5,2102,352.0679851778796,1.531933358476127,1.0,1.0561408973539375,0.8807044867696873,0.7952506965060743,-0.7952506965060743
1.5,2103,351.1946385594372,1.5333716665399073,1.0,1.0574972839457122,0.8874864197285609,0.7958703590223548,-0.7958703590223548
1.5,2104,350.3355384096521,1.5411993223240286,1.0,1.0646101310670193,0.9230506553350964,0.7988857984672219,-0.7988857984672219
1.5,2105,349.48378952677666,1.542589162161556,1.0,1.0630237785411516,0.915118892705758,0.8145137906796348,-0.8145137906796348
1.5,2106,348.6552659245392,1.5303498132773157,1.0,1.0476953030897382,0.8384765154486912,0.8194066816941392,-0.8194066816941392
1.5,2107,347.83320827956925,1.5285622022835097,1.0,1.0474374208953816,0.837187104476908,0.7913879042577547,-0.7913879042577547
1.5,2108,347.0208914164592,1.5082734527584991,1.0,1.0301693243637124,0.7508466218185622,0.776484576026155,-0.776484576026155
1.5,2109,346.1939509380624,1.50331163340197,1.0,1.033284082527758,0.7664204126387902,0.7338119077829757,-0.7338119077829757
1.5,2110,345.36222769420567,1.5053301740022125,1.0,1.043190760990227,0.8159538049511345,0.7182691271278512,-0.7182691271278512
1.5,2111,344.5359334938229,1.5070920748429102,1.0,1.048758316700646,0.84379158350323,0.7303928749193531,-0.7303928749193531
1.5,2112,343.7200931959244,1.499418822064934,1.0,1.0411656391636193,0.8058281958180963,0.7478204319245363,-0.7478204319245363
1.5,2113,342.92032016491413,1.4995923543872445,1.0,1.0421062468896454,0.8105312344482268,0.7414731501854859,-0.7414731501854859
1.5,2114,342.111342955904,1.4913531251082404,1.0,1.0344228231405794,0.7721141157028971,0.740116024025159,-0.740116024025159
1.5,2115,341.2949734558657,1.496089972358969,1.0,1.0416964878127457,0.8084824390637285,0.7238277469416163,-0.7238277469416163
1.5,2116,340.50201088711805,1.480334145900421,1.0,1.0266812687013276,0.7334063435066379,0.7302283806153247,-0.7302283806153247
1.5,2117,339.72150961948483,1.471446881923218,1.0,1.0220463375833355,0.7102316879166776,0.7029081649170841,-0.7029081649170841
1.5,2118,338.9234936751794,1.4720376711831138,1.0,1.0289151014479645,0.7445755072398225,0.6793312029698789,-0.6793312029698789
1.5,2119,338.13814810374447,1.4485023504820884,1.0,1.0094796104320312,0.6473980521601558,0.6813620910544067,-0.6813620910544067
1.5,2120,337.3559786540178,1.4384565944217984,1.0,1.0078475294700984,0.6392376473504918,0.6421273000537013,-0.6421273000537013
1.5,2121,336.5758836900945,1.459685157408357,1.0,1.038398401868782,0.7919920093439098,0.6185615070066728,-0.6185615070066728
1.5,2122,335.8141633999215,1.4408164233724186,1.0,1.0188771406895836,0.6943857034479178,0.6695033674466836,-0.6695033674466836
1.5,2123,335.0321679386846,1.4445371479015807,1.0,1.0239460793759865,0.7197303968799323,0.6556222389197984,-0.6556222389197984
1.5,2124,334.26597808027714,1.4422618938312246,1.0,1.0220155202225374,0.7100776011126869,0.6589741385117682,-0.6589741385117682
1.5,2125,333.5089023615733,1.4478871070256676,1.0,1.0280584876952086,0.7402924384760429,0.656711058595502,-0.656711058595502
1.5,2126,332.7493794235512,1.4220007688727447,1.0,1.0007096852762,0.6035484263810004,0.6679914774455764,-0.6679914774455764
1.5,2127,331.9961437209261,1.4150957512961462,1.0,0.9998980822679266,0.5999969424680377,0.6168012885195584,-0.6168012885195584
1.5,2128,331.24172736522786,1.411818421022885,1.0,1.0048756306957,0.6243781534785003,0.5890162106795007,-0.5890162106795007
1.5,2129,330.490961165181,1.4029449725458862,1.0,1.0024350351590072,0.6121751757950361,0.5850461793613653,-0.5850461793613653
1.5,2130,329.74220366136643,1.3976592862654664,1.0,1.0027207030755214,0.613603515377607,0.5778620363675306,-0.5778620363675306
1.5,2131,328.99506609094794,1.3906528930354027,1.0,1.0000779642566355,0.6003898212831776,0.5747766147574778,-0.5747766147574778
1.5,2132,328.25666767408546,1.3920512795622937,1.0,1.005548509821366,0.6277425491068295,0.5676063677189541,-0.5676063677189541
1.5,2133,327.5360921759892,1.4073095485349112,1.0,1.0225228022987949,0.7126140114939744,0.5754702633131091,-0.5754702633131091
1.5,2134,326.8225786129552,1.3977660158486147,1.0,1.0084749571261327,0.6423747856306633,0.6148864168631039,-0.6148864168631039
1.5,2135,326.08065099936607,1.4003069669295494,1.0,1.0088975231957824,0.644487615978912,0.6058918333238075,-0.6058918333238075
1.5,2136,325.37731756317453,1.3844035359245612,1.0,0.9918599267564847,0.5997557978026945,0.602159830731976,-0.602159830731976
1.5,2137,324.6538632860047,1.3802280036443932,1.0,0.9896996735284749,0.5994467880085487,0.5813969282704119,-0.5813969282704119
1.5,2138,323.9428422026162,1.364745412987865,1.0,0.9771024604782266,0.5987598618228954,0.5706060473380201,-0.5706060473380201
1.5,2139,323.23800539570215,1.3649788162362868,1.0,0.9801489172780626,0.5981643293412373,0.5647749104090501,-0.5647749104090501
1.5,2140,322.53232577448034,1.3396661549662416,1.0,0.9572301931875706,0.5968812351368643,0.5615288600685886,-0.5615288600685886
1.5,2141,321.8386978781396,1.3305548464821126,1.0,0.9500622857998258,0.5953831037108592,0.5593186982185914,-0.5593186982185914
1.5,2142,321.1399807413744,1.3377212484765155,1.0,0.9587833974385527,0.5941466056340158,0.5575490808375698,-0.5575490808375698
1.5,2143,320.45198606793633,1.3166991753626025,1.0,0.9389868745308568,0.5923162118699414,0.5561163617513984,-0.5561163617513984
1.5,2144,319.7635784409158,1.3178432538674425,1.0,0.9411298521462476,0.5905501074343289,0.5546045854856054,-0.5546045854856054
1.5,2145,319.0638488247669,1.325747485042977,1.0,0.9498714255529901,0.5890462502009185,0.5530791805031277,-0.5530791805031277
1.5,2146,318.38381900747527,1.32454802160015,1.0,0.9493781959670199,0.5875275960799292,0.5516577974258989,-0.5516577974258989
1.5,2147,317.70910934547896,1.305765971119425,1.0,0.9312014906170876,0.5854636407984418,0.5502833230390685,-0.5502833230390685
1.5,2148,317.03256645606484,1.2955224761157094,1.0,0.9215207499063249,0.5831092632956316,0.548701084518076,-0.548701084518076
1.5,2149,316.3604132387955,1.2976693290970491,1.0,0.9242334102706514,0.5808362656037511,0.5468883388154677,-0.5468883388154677
1.5,2150,315.680385445181,1.280067516810807,1.0,0.9072127842073574,0.5780526491299718,0.544991324474748,-0.544991324474748
1.5,2151,315.0209026776864,1.256280785757974,1.0,0.8840568423343014,0.5745743544000009,0.5428332942752379,-0.5428332942752379
1.5,2152,314.35940488110043,1.2639546180938477,1.0,0.8924602231447827,0.5713481610943444,0.5402447177939799,-0.5402447177939799
1.5,2153,313.7197960089384,1.2748310299977506,1.0,0.9041556729974556,0.5684728312842681,0.5375413695980338,-0.5375413695980338
1.5,2154,313.06230356889847,1.2634828642879434,1.0,0.8936801319869293,0.5652832352438759,0.5349277207126919,-0.5349277207126919
1.5,2155,312.6155514674147,1.2752497862894046,1.0,0.9063726675621843,0.5624744152707415,0.5322252320060161,-0.5322252320060161
1.5,2156,312.1742286704877,1.2793991435488614,1.0,0.9114709562621536,0.5598185439586061,0.5296387524109478,-0.5296387524109478
1.5,2157,311.84633188836415,1.2661154455278436,1.0,0.8991367548961723,0.5567926466054913,0.5271764250621527,-0.5271764250621527
1.5,2158,311.8932269365416,1.2719811517053463,1.0,0.9059672793025155,0.5539716649845667,0.5246189668626322,-0.5246189668626322
1.5,2159,311.9273476001471,1.260027630875699,1.0,0.8949856296303444,0.550821233873477,0.5220994538674388,-0.5220994538674388
1.5,2160,311.95454737836326,1.2394744373652378,1.0,0.8754282327741335,0.5470840808567011,0.5194576188552116,-0.5194576188552116
1.5,2161,312.00719763098823,1.2296278807267764,1.0,0.866641232199253,0.5430833178226787,0.516500644789238,-0.516500644789238
1.5,2162,312.0825532910606,1.225769052162351,1.0,0.863929185092162,0.5390011933754435,0.5132674758700854,-0.5132674758700854
1.5,2163,312.19141695562496,1.2211355241761173,1.0,0.8605328074112263,0.5348171775977802,0.509856032390535,-0.509856032390535
1.5,2164,312.2620316414223,1.2375879235703315,1.0,0.8783091600106642,0.5311664523981002,0.5063076688026862,-0.5063076688026862
1.5,2165,312.2564786882802,1.2382628942697895,1.0,0.8803503044089293,0.527576961530368,0.5029166496898272,-0.5029166496898272
1.5,2166,312.19521639926955,1.2474273672481997,1.0,0.8908980979459189,0.5243039044687456,0.49963147419851844,-0.49963147419851844
1.5,2167,312.16429303601217,1.254278606959493,1.0,0.8991196226461303,0.5212774931481295,0.49653567685291683,-0.49653567685291683
1.5,2168,312.1350135535085,1.2479490481653652,1.0,0.8941234513997951,0.5181011966901234,0.49364236962156505,-0.49364236962156505
1.5,2169,312.1034401230786,1.2412332700427888,1.0,0.8887101959687942,0.5147625025691872,0.4907874901653166,-0.4907874901653166
1.5,2170,312.07250060847025,1.2303023685238434,1.0,0.8790681358103491,0.5111345466434978,0.48788126533863657,-0.48788126533863657
1.5,2171,312.02636463111736,1.2101701714394657,1.0,0.8602380221773593,0.5069416873088185,0.48482264385565843,-0.48482264385565843
1.5,2172,311.98638423894323,1.211615536447789,1.0,0.8630427898317384,0.5028329710037707,0.4814402578940321,-0.4814402578940321
1.5,2173,311.952239523276,1.2186313804356477,1.0,0.8714800062718213,0.49897737119192526,0.47792634174223414,-0.47792634174223414
1.5,2174,311.923320406924,1.210505260365846,1.0,0.8648160770864083,0.49492185350451756,0.47445288448707723,-0.47445288448707723
1.5,2175,311.88076305002346,1.2096888326537976,1.0,0.8655026842420808,0.49088693403177996,0.4709120679216454,-0.4709120679216454
1.5,2176,311.8477396452747,1.221222236482537,1.0,0.8785742752934944,0.4872441622905848,0.4673439911438778,-0.4673439911438778
1.5,2177,311.80222716808737,1.2170855258328228,1.0,0.8759807777644029,0.48352358562351694,0.4639306386698997,-0.4639306386698997
1.5,2178,311.75502713775063,1.2228592328263157,1.0,0.8832965617189781,0.4800224824750863,0.4605615978178875,-0.4605615978178875
1.5,2179,311.7312013602398,1.2138433874399,1.0,0.8758067958392903,0.476296686350265,0.45730942070026703,-0.45730942070026703
1.5,2180,311.6882537147985,1.216832029400247,1.0,0.8803169523894347,0.4727061949219481,0.4540182066525686,-0.4540182066525686
1.5,2181,311.6519648984156,1.1974790597905471,1.0,0.8624782998030767,0.46858054391604037,0.4507645376051198,-0.4507645376051198
1.5,2182,311.5981521548988,1.1877756637547283,1.0,0.8543162261563342,0.46421003070073036,0.4472954710501392,-0.4472954710501392
1.5,2183,311.55294460175446,1.186669547480903,1.0,0.8548038813835543,0.459854147142237,0.4436072280165907,-0.4436072280165907
1.5,2184,311.28326131456,1.1776909741462955,1.0,0.8474741970357327,0.455278373053309,0.43981095364058004,-0.43981095364058004
1.5,2185,311.0135780273655,1.1899009438041892,1.0,0.861396645695754,0.45112027242418157,0.4358611338176748,-0.4358611338176748
1.5,2186,310.743894740171,1.1735375865428586,1.0,0.8467790538526598,0.44652364403976136,0.4320133003207717,-0.4320133003207717
1.5,2187,310.47421145297653,1.164713436333028,1.0,0.8397467062406048,0.4417160452269795,0.4280238862657217,-0.4280238862657217
1.5,2188,310.20452816578205,1.178164803461181,1.0,0.8550489006283786,0.43736751224583087,0.4238670948404768,-0.4238670948404768
1.5,2189,309.9348448785876,1.1719575146149068,1.0,0.850720833951655,0.43288913726438055,0.41982371901086046,-0.41982371901086046
1.5,2190,309.6651615913931,1.174047168533159,1.0,0.8547121295192236,0.4285305011499572,0.41577958619476585,-0.41577958619476585
1.5,2191,309.3954783041986,1.172254473516678,1.0,0.8548318563015491,0.4241754568390037,0.4117857565880242,-0.4117857565880242
1.5,2192,309.1257950170041,1.171969208407866,1.0,0.856464860592831,0.4198694026567887,0.40781742732473997,-0.40781742732473997
1.5,2193,308.85611172980964,1.1503895843674403,1.0,0.8368047145847057,0.4149735440943298,0.40388188783184553,-0.40388188783184553
1.5,2194,308.5864284426152,1.1570216161510054,1.0,0.845393790711463,0.4103353578156737,0.3997009242774725,-0.3997009242774725
1.5,2195,308.3167451554207,1.1454866132129011,1.0,0.8358468927460649,0.40541076459805564,0.39550542688222634,-0.39550542688222634
1.5,2196,308.0470618682262,1.1442510765019351,1.0,0.8366432009127374,0.40051006062543776,0.39117356670141235,-0.39117356670141235
1.5,2197,307.7773785810317,1.1448924744869218,1.0,0.8393587920121511,0.3956908243858023,0.38677982206238604,-0.38677982206238604
1.5,2198,307.50769529383723,1.1376389130139313,1.0,0.8342116621884823,0.39071717425145674,0.3823879973386185,-0.3823879973386185
1.5,2199,307.23801200664275,1.1546192142450702,1.0,0.8533335500879002,0.38631718075409377,0.3779262438728061,-0.3779262438728061
1.5,2200,306.96832871944827,1.1440303852865124,1.0,0.8448826740670871,0.3816636609761063,0.3736810327698956,-0.3736810327698956
1.5,2201,306.6986454322538,1.1446513733916197,1.0,0.8476411808229942,0.3770928964007962,0.36943223485237553,-0.36943223485237553
1.5,2202,306.4289621450593,1.155834223191824,1.0,0.8609582328656598,0.372921643386766,0.36521624099061295,-0.36521624099061295
1.5,2203,306.1592788578648,1.13649159486928,1.0,0.8437215200600701,0.3682332889885681,0.3611930598292482,-0.3611930598292482
1.5,2204,305.88959557067034,1.1238496715490505,1.0,0.8331856410057525,0.3632288582187406,0.3570363361439347,-0.3570363361439347
1.5,2205,305.61991228347586,1.107047000651718,1.0,0.8185210270237175,0.35778448902945215,0.35266758159936307,-0.35266758159936307
1.5,2206,305.3502289962814,1.0980634619721226,1.0,0.8117445187569139,0.35213682459215956,0.3479905989743566,-0.3479905989743566
1.5,2207,305.0805457090869,1.1018068686006872,1.0,0.8177828878915263,0.34667031122890535,0.34306125603268867,-0.34306125603268867
1.5,2208,304.8108624218924,1.101054492728847,1.0,0.8193985775089894,0.34125226855417506,0.33808030355639185,-0.33808030355639185
1.5,2209,304.5411791346979,1.0995737160439234,1.0,0.8203419593756451,0.3358625273354444,0.33309153179486906,-0.33309153179486906
1.5,2210,304.27149584750345,1.101347797853131,1.0,0.8245820118522484,0.33059998769101184,0.3281084309324097,-0.3281084309324097
1.5,2211,304.00181256030896,1.0784366566049362,1.0,0.8041609201100532,0.32472481529431346,0.32318248997091403,-0.32318248997091403
1.5,2212,303.7321292731145,1.0875369298647073,1.0,0.8158062509477112,0.31919900282274477,0.3180068821531217,-0.3180068821531217
1.5,2213,303.46244598592,1.091566659942663,1.0,0.8224192169064133,0.31387157932993714,0.31285718482528907,-0.31285718482528907
1.5,2214,303.1927626987255,1.085957401421504,1.0,0.8194085852014491,0.30845383688598066,0.3078072589547009,-0.3078072589547009
1.5,2215,302.92307941153103,1.0816042375763113,1.0,0.8176660478723214,0.3029838183221503,0.302764725099666,-0.302764725099666
1.5,2216,302.6533961243365,1.0815300229378273,1.0,0.8202163227862764,0.2975903080057386,0.2976992297457898,-0.2976992297457898
1.5,2217,302.38371283714207,1.0652853188288494,1.0,0.806605218861435,0.29178846457158164,0.29265351137149637,-0.29265351137149637
1.5,2218,302.1140295499476,1.0655477859706848,1.0,0.8095352375087861,0.2860745216968452,0.2874294258646328,-0.2874294258646328
1.5,2219,301.8443462627531,1.0453399180197072,1.0,0.7920293606707636,0.27983540251696815,0.28215019758697973,-0.28215019758697973
1.5,2220,301.5746629755586,1.0419268196192302,1.0,0.7913838891957459,0.27357691919284055,0.27660002024427294,-0.27660002024427294
1.5,2221,301.30497968836414,1.0377633273316658,1.0,0.7900594153594269,0.26727870165362333,0.2708977832260705,-0.2708977832260705
1.5,2222,301.03529640116966,1.0436477206815689,1.0,0.7988510612728228,0.261244233491808,0.2650951736118361,-0.2650951736118361
1.5,2223,300.7656131139752,1.0482313151730138,1.0,0.8063842671125451,0.2554357615051843,0.25935747351738175,-0.25935747351738175
1.5,2224,300.4959298267807,1.050067444825334,1.0,0.811183825685076,0.24977127627573661,0.25375274762046635,-0.25375274762046635
1.5,2225,300.2262465395862,1.0523183198135777,1.0,0.8163914913295094,0.24426302101562192,0.2482787384734878,-0.2482787384734878
1.5,2226,299.95656325239173,1.0439647981117632,1.0,0.8109725403266228,0.2385921972254206,0.24294016441687116,-0.24294016441687116
1.5,2227,299.68687996519725,1.02203024309224,1.0,0.7919595236807006,0.2323509829358416,0.23759311661029725,-0.23759311661029725
1.5,2228,299.4171966780028,1.0224682355048484,1.0,0.7953501152672462,0.22621148639385902,0.23197559586691716,-0.23197559586691716
1.5,2229,299.1475133908083,0.9998138210269912,1.0,0.7756865586424078,0.21948208315313122,0.22626193419533164,-0.22626193419533164
1.5,2230,298.8778301036138,0.9938588530133337,1.0,0.7727987824181295,0.21266604662567512,0.22022237335590333,-0.22022237335590333
1.5,2231,298.6081468164193,1.0009817691877734,1.0,0.7830767492681866,0.20615834910372072,0.21397051674527517,-0.21397051674527517
1.5,2232,298.33846352922484,1.013499000133379,1.0,0.7988108765300773,0.20012267539962303,0.20774751446960604,-0.20774751446960604
1.5,2233,298.0687802420304,1.0011024600127223,1.0,0.7896455438887309,0.19381204171628494,0.2017537749740268,-0.2017537749740268
1.5,2234,297.7990969548359,1.0118543790715029,1.0,0.8036431344799658,0.18792133575068393,0.1957460070382925,-0.1957460070382925
1.5,2235,297.5294136676414,0.992683547293275,1.0,0.7877042723661583,0.18155246392166868,0.18992212234395078,-0.18992212234395078
1.5,2236,297.2597303804469,0.9957223177170348,1.0,0.7939859432427532,0.17537204221895128,0.1839660175472535,-0.1839660175472535
1.5,2237,296.99004709325243,0.982994944853032,1.0,0.7845092025979048,0.16890731829688843,0.17802554598699855,-0.17802554598699855
1.5,2238,296.72036380605795,0.9715642949985442,1.0,0.7763552493280839,0.16219797577673095,0.17195601995695642,-0.17195601995695642
1.5,2239,296.45068051886346,0.9740319072443075,1.0,0.7821470165880242,0.15566238627437168,0.1657011174021129,-0.1657011174021129
1.5,2240,296.180997231669,0.9585347964288888,1.0,0.7700132943354179,0.14876278510443422,0.15942755260085098,-0.15942755260085098
1.5,2241,295.9113139444745,0.9598054824862452,1.0,0.7747044285356619,0.14200391796050407,0.15296873144470974,-0.15296873144470974
1.5,2242,295.64163065728,0.9521178459703368,1.0,0.7704857185174239,0.1351184895160268,0.14647572902821576,-0.14647572902821576
1.5,2243,295.37194737008554,0.9625618709427868,1.0,0.7844477894081594,0.1286519231982716,0.13990047408993628,-0.13990047408993628
1.5,2244,295.102264082891,0.9603191365841994,1.0,0.7857395045016663,0.12222410833332159,0.13347538441051227,-0.13347538441051227
1.5,2245,294.8325807956965,0.9551032221504928,1.0,0.7840591152544629,0.11574588179095548,0.1271410428815345,-0.1271410428815345
1.5,2246,294.56289750850203,0.96038546853153,1.0,0.792877168750272,0.10953219685346365,0.12082481240448181,-0.12082481240448181
1.5,2247,294.29321422130755,0.9458522556310264,1.0,0.7818634680879137,0.10298810089610105,0.11463858528527318,-0.11463858528527318
1.5,2248,294.02353093411307,0.9323618821607736,1.0,0.7718962857016162,0.09614498946714953,0.1083579036336243,-0.1083579036336243
1.5,2249,293.7538476469186,0.9217739435468936,1.0,0.7648641793412793,0.08909091484738792,0.10188171651380604,-0.10188171651380604
1.5,2250,293.4841643597241,0.9151076136284788,1.0,0.7618089326621487,0.08194518282725237,0.09519938154612453,-0.09519938154612453
1.5,2251,293.2144810725296,0.9179949210417414,1.0,0.768371777960687,0.07499633616607299,0.088361844139322,-0.088361844139322
1.5,2252,292.94479778533514,0.8985214769318757,1.0,0.7526216520514399,0.0675749857276162,0.08153293460466193,-0.08153293460466193
1.5,2253,292.67511449814066,0.9075168461737148,1.0,0.765409702572783,0.06053727680479968,0.07447674973910698,-0.07447674973910698
1.5,2254,292.4054312109462,0.909960645906582,1.0,0.7716901030615868,0.05368797989664729,0.06748159887114685,-0.06748159887114685
1.5,2255,292.1357479237517,0.8972586248935395,1.0,0.7628422197431551,0.04657324648894194,0.060602634241256906,-0.060602634241256906
1.5,2256,291.8660646365572,0.9004605228001994,1.0,0.7699236764143517,0.03967095678137249,0.053650226505189115,-0.053650226505189115
1.5,2257,291.5963813493628,0.8988273474269766,1.0,0.7721823194263934,0.032836426364164284,0.046756695345738626,-0.046756695345738626
1.5,2258,291.32669806216825,0.9043949579064168,1.0,0.7816446245674057,0.026285765101186458,0.03992062002092575,-0.03992062002092575
1.5,2259,291.05701477497377,0.8911350086428469,1.0,0.7722605582746855,0.019453581849427023,0.033245915855637395,-0.033245915855637395
1.5,2260,290.7873314877793,0.8775954614959186,1.0,0.7625936719313995,0.01233139200736901,0.026512756504961526,-0.026512756504961526
1.5,2261,290.5176482005848,0.8580775431482127,1.0,0.7469733308471701,0.004740591932784113,0.01960348146738087,-0.01960348146738087
1.5,2262,290.2479649133903,0.8607712996669254,1.0,0.753631200579126,0.0,0.012370142394568732,-0.012370142394568732
1.5,2263,289.97828162619584,0.8578564140310707,1.0,0.7545575320505548,0.0,0.006351042870242408,-0.006351042870242408
1.5,2264,289.70859833900136,0.8537015828627892,1.0,0.753738103150571,0.0,0.003260734133292341,-0.003260734133292341
1.5,2265,289.4389150518069,0.8477667382585411,1.0,0.7505573470799689,0.0,0.0016741167246461896,-0.0016741167246461896
1.5,2266,289.1692317646124,0.8439376304480752,1.0,0.7489501638602045,0.0,0.0008595201856921259,-0.0008595201856921259
1.5,2267,288.8995484774179,0.8578082031153491,1.0,0.7645995524075407,0.0,0.00044129237748840976,-0.00044129237748840976
1.5,2268,288.6298651902234,0.8560982930226491,1.0,0.7643174037433089,0.0,0.0002265670611011424,-0.0002265670611011424
1.5,2269,288.36018190302894,0.8521632076770196,1.0,0.7615399231583987,0.0,0.00011632340777822978,-0.00011632340777822978
1.5,2270,288.09049861583446,0.845063026599254,1.0,0.7553931431993995,0.0,5.972242889755214e-05,-5.972242889755214e-05
1.5,2271,287.82081532864,0.8295144738910788,1.0,0.7406453771334179,0.0,3.066251738621004e-05,-3.066251738621004e-05
1.5,2272,287.5511320414455,0.823533179459407,1.0,0.7353516120687038,0.0,1.574266133871472e-05,-1.574266133871472e-05
1.5,2273,287.281448754251,0.8075274633223359,1.0,0.7199497189539394,0.0,8.08255183042868e-06,-8.08255183042868e-06
1.5,2274,287.01176546705653,0.8139924808277745,1.0,0.726956809531556,0.0,4.1497204752102955e-06,-4.1497204752102955e-06
1.5,2275,286.74208217986205,0.8069910358390258,1.0,0.7204518865821166,0.0,2.1305375311730286e-06,-2.1305375311730286e-06
1.5,2276,286.4723988926676,0.8187702593807165,1.0,0.7326939750136312,0.0,1.0938544412456675e-06,-1.0938544412456675e-06
1.5,2277,286.2027156054731,0.8075386404371049,1.0,0.7219002680708944,0.0,5.616035958653564e-07,-5.616035958653564e-07
1.5,2278,285.9330323182786,0.82056514235986,1.0,0.7353460847994454,0.0,2.8833690022753537e-07,-2.8833690022753537e-07
1.5,2279,285.6633490310841,0.8052629379873021,1.0,0.720449231811658,0.0,1.4803710062560915e-07,-1.4803710062560915e-07
1.5,2280,285.39366574388964,0.7864904178982429,1.0,0.7020714747117477,0.0,7.600478171313817e-08,-7.600478171313817e-08
1.5,2281,285.1239824566952,0.7788808353910754,1.0,0.6948485235532458,0.0,3.9022156059860434e-08,-3.9022156059860434e-08
1.5,2282,284.8542991695007,0.7933768092765676,1.0,0.7097247849786285,0.0,2.0034642942693747e-08,-2.0034642942693747e-08
1.5,2283,284.5846158823062,0.7806847626717031,1.0,0.6974079831440063,0.0,1.0286128660484475e-08,-1.0286128660484475e-08
1.5,2284,284.3149325951117,0.7774426686238839,1.0,0.6945370381349941,0.0,5.281074542864514e-09,-5.281074542864514e-09
1.5,2285,284.04524930791723,0.7730114114376958,1.0,0.6904735239882002,0.0,2.711394077193862e-09,-2.711394077193862e-09
1.5,2286,283.77556602072275,0.7688110310886682,1.0,0.6866379834518047,0.0,1.392076135674906e-09,-1.392076135674906e-09
1.5,2287,283.50588273352827,0.7823458390850164,1.0,0.7005350949932667,0.0,7.14715719052234e-10,-7.14715719052234e-10
1.5,2288,283.2361994463338,0.7650485788827011,1.0,0.6835978703837063,0.0,3.669472854031054e-10,-3.669472854031054e-10
1.5,2289,282.9665161591393,0.7653395679112966,1.0,0.684246823727353,0.0,1.8839701810849269e-10,-1.8839701810849269e-10
1.5,2290,282.6968328719448,0.7569483626451737,1.0,0.6762116561465253,0.0,9.672625427159339e-11,-9.672625427159339e-11
1.5,2291,282.42714958475034,0.7456664053015896,1.0,0.6652839167237925,0.0,4.966091480293542e-11,-4.966091480293542e-11
1.5,2292,282.15746629755586,0.7446613962350541,1.0,0.6646313852396322,0.0,2.5496763806646107e-11,-2.5496763806646107e-11
1.5,2293,281.8877830103614,0.7369062933821078,1.0,0.6572270791273798,0.0,1.3090475018262708e-11,-1.3090475018262708e-11
1.5,2294,281.6180997231669,0.7309553340855097,1.0,0.6516252807501939,0.0,6.720873970644557e-12,-6.720873970644557e-12
1.5,2295,281.3484164359724,0.7258898939011693,1.0,0.646907400166841,0.0,3.450611751389466e-12,-3.450611751389466e-12
1.5,2296,281.0787331487779,0.7336647028385561,1.0,0.655028194246265,0.0,1.7716031442983863e-12,-1.7716031442983863e-12
1.5,2297,280.80904986158345,0.7441214499199655,1.0,0.6658293733134812,0.0,9.095713824147589e-13,-9.095713824147589e-13
1.5,2298,280.53936657438896,0.7305120587293599,1.0,0.652562878213293,0.0,4.669895187138775e-13,-4.669895187138775e-13
1.5,2299,280.2696832871945,0.7401221760619758,1.0,0.6625143700596827,0.0,2.3976041331649574e-13,-2.3976041331649574e-13
1.5,2300,280.0,0.7254579069638252,1.0,0.6481899660737493,0.0,1.2309710066301875e-13,-1.2309710066301875e-13
