T2060_c,T2100_c,T2200_c,T2300_c,peak_command_wm2,peak_reservoir_wm2,max_cap_exceedance_c,mean_cap_exceedance_c,first_le_1C_year,first_command_zero_after_last_active_year,first_physical_forcing_below_0p01_after_last_active_year,post_physical_zero_20y_ols_trend_c_per_yr,max_annual_warming_after_deploy_c_per_yr,case,tau_years,member,C1,C2,lambda_wm2k,gamma,sai_efficacy,sai_nonlinearity_alpha,logistics_lag_years
1.22317250166178,1.1022903464078662,0.887595440233844,0.6623716714259207,1.566929553474268,1.0784040483031052,0.22511878392974705,0.045172992074512364,2148,2279,2279,-0.0026452901055922648,0.02856714602557031,V72_plant_ensemble_noise_free,0.67,0,10.39999104001663,129.10720107406604,1.4204597430737178,0.7458292912484603,0.815269910111498,0.1123524957594003,2
1.1974235562144528,1.105667640008193,0.8853686504589491,0.675770011821289,1.3589358401763127,1.2018507815090111,0.20154793032943963,0.0400944943231945,2147,2280,2280,-0.002888756678734439,0.029772062875534466,V72_plant_ensemble_noise_free,0.67,1,7.214340716494267,140.62518792462717,1.7885521946939098,0.7153929713856528,1.0815239575370112,0.1523715676448171,1
1.1929520600924644,1.1025450139820852,0.8682408558571353,0.6689713666157595,1.5515667600743492,1.3454082961601677,0.2634735888249622,0.03439653064742719,2136,2273,2275,-0.003781100161865908,0.05507227389885183,V72_plant_ensemble_noise_free,0.67,2,5.762448377647494,90.53449283344352,1.5854967871630046,0.645953560026661,0.9946425445219872,0.0731082997100161,3
1.2263576249379415,1.0980265714312272,0.8802253084229955,0.6719107914682815,1.5773366562012248,1.1284485877372203,0.22635762493794154,0.043701888253646924,2140,2277,2278,-0.0030877574845121288,0.02814470101850497,V72_plant_ensemble_noise_free,0.67,3,11.682641317650608,84.19852719758407,1.6471363607793057,0.6303011756946106,0.988109888551611,0.235106152204453,2
1.2037579861631023,1.0414814429097912,0.8500019160450312,0.6644403871566851,1.392851626766701,0.8435820396130552,0.20375798616310226,0.028485681654750423,2119,2265,2266,-0.00329857843373291,0.03197307444003239,V72_plant_ensemble_noise_free,0.67,4,6.458792580531322,120.16958060495668,0.8875688907297538,0.4780796987676865,0.8075313284416229,0.2314163561651397,3
1.2045528120757043,1.0530807311320187,0.8280398085087449,0.6152299839180925,1.4675281871361614,1.1100623826840237,0.22323325150651452,0.03113200165299762,2119,2255,2257,-0.0035084700980726607,0.03976912345666017,V72_plant_ensemble_noise_free,0.67,5,6.920101753785092,109.05752012838563,1.0368463927117868,0.9772190439926968,0.9472291765152244,0.1598427492322332,3
1.1661270313187524,1.0598414176700732,0.8457332624392704,0.6540684366268241,1.16104518492196,1.0400229855396514,0.17454760328670327,0.026872474733534657,2126,2263,2263,-0.0030711456093064655,0.030407330652157283,V72_plant_ensemble_noise_free,0.67,6,8.734363778394654,107.50065628231016,1.2635622300086482,0.67420150482336,1.091994394275717,0.1765250643203947,1
1.2292258855643616,1.0866817406972544,0.8741169983133841,0.6618141195145854,1.5819275093976393,1.3184777495870663,0.23159001323102868,0.04171111679433816,2138,2274,2277,-0.0034808698517855624,0.03097215643880369,V72_plant_ensemble_noise_free,0.67,7,8.800238159324724,122.589916725311,1.7165322478060572,0.842755996771684,1.0869410222677742,0.1887570915418902,3
1.1982716510065434,1.1027864586932927,0.8783300062505188,0.6611317497322481,1.3780527580603708,1.030311642824117,0.2047711855819916,0.03961151446617093,2143,2276,2276,-0.0037307723819255748,0.029811688303330364,V72_plant_ensemble_noise_free,0.67,8,6.420831327424678,79.53147633894957,1.448113134142802,0.7175229526544091,0.8005469891463936,0.0404361870440109,1
1.1582382007832113,1.0652526093490058,0.8602082750766356,0.6799607412612871,1.0974276110465906,0.8915631301567468,0.167299288047422,0.026651488865197557,2136,2270,2270,-0.00309738912400728,0.030939778596815737,V72_plant_ensemble_noise_free,0.67,9,5.755022349737429,100.03174371980656,1.2383885417982952,0.4341238888808708,0.9776606336328983,0.1694622699232446,1
1.2083996372266206,1.1129100994144099,0.8966585609985936,0.669448589285059,1.6448809133770301,1.2165928709273426,0.25482929242366503,0.049116480479701845,2149,2282,2284,,0.0387617267330862,V72_plant_ensemble_noise_free,0.67,10,5.668339814495883,137.64210861377185,1.783127503179347,0.8255387806361536,0.9773938124802928,0.1753222169310182,3
1.2224701848153576,1.0937427020276749,0.8877959841290048,0.6810100318222368,1.553567094811643,1.152585820227007,0.23749895729134662,0.04331071730180771,2140,2280,2282,,0.0376971259582668,V72_plant_ensemble_noise_free,0.67,11,6.9664041090223785,90.88702363501588,1.7210029508998932,0.5592099322340329,0.9931395860684484,0.2131311556367697,3
1.1621596323062025,1.042077220252487,0.8148741084548738,0.6016212178109488,1.146745396373929,0.9839970440460605,0.17255336881254557,0.023382229547767648,2119,2244,2244,-0.0037628870000715052,0.025884594100868075,V72_plant_ensemble_noise_free,0.67,12,9.229073894129876,95.02454042138648,0.8891949898735392,0.9373112937667588,0.9715798726293547,0.1040935246093739,1
1.2042007570326347,1.0312143949207184,0.810116040284351,0.5930274307044694,1.4068492519479419,1.036647453437314,0.20420075703263474,0.02661867318426353,2119,2245,2246,-0.003779495577800103,0.031260308839578865,V72_plant_ensemble_noise_free,0.67,13,8.097677922977471,114.72857822026106,0.8091615622029279,0.9692312387414788,0.9552093964997588,0.2039297378040712,3
1.1722585667083267,1.0463430941282876,0.8316537483224442,0.6298646649077643,1.2216043526272369,0.8182551965097049,0.18270064611499226,0.02695722520978581,2120,2256,2257,-0.0033315239403216563,0.03003684611958346,V72_plant_ensemble_noise_free,0.67,14,7.550072450916604,102.04502338767271,0.8320928816716991,0.6558698201426076,0.8314048663025067,0.1927723226965358,2
1.184122986131751,1.0789927120374823,0.8771990373504246,0.6825742139490217,1.301434520507086,1.1091918315150897,0.1919402820497942,0.034067357321429875,2140,2277,2277,-0.003158161672118075,0.02968381333054615,V72_plant_ensemble_noise_free,0.67,15,11.385403294440827,76.98725701798847,1.5756217584920489,0.461915456825045,0.9140223808085144,0.046447927753177,1
1.2179241523112885,1.1050827574987525,0.8838398642299274,0.6720957852504317,1.510487754097448,1.047623332950923,0.21792415231128848,0.04308975544269221,2143,2278,2278,-0.003098744705626253,0.028427299657079352,V72_plant_ensemble_noise_free,0.67,16,11.02011348547459,128.11522481797803,1.4798806585061597,0.6439194881374838,0.9302049403079222,0.2173023752463467,1
1.2001699169965314,1.0390639685037932,0.8341480289188216,0.63372117085615,1.415629993458827,0.9852609662463503,0.22150371222115472,0.026878152428997427,2117,2256,2258,-0.0030823625607210156,0.04545991718115827,V72_plant_ensemble_noise_free,0.67,17,5.956435124162643,86.11781223894904,0.912741781505782,0.6547828054132003,0.8291169496691009,0.1279417972336459,3
1.217653399494413,1.0936693862672902,0.8722528737521554,0.651460966191421,1.5280423220120332,1.1122982991203128,0.22066332718537396,0.04215420101363691,2140,2273,2274,-0.003229514406456593,0.028737150749907903,V72_plant_ensemble_noise_free,0.67,18,10.38617874312536,114.42104310352444,1.4060201694684966,0.8331823730361637,0.8780585677470507,0.1295541449640027,2
1.184698010782732,1.0791250628056543,0.8674340120463226,0.6709571005901672,1.291477788623967,1.161673386925989,0.1907705107631028,0.03347426663704168,2140,2273,2273,-0.0029729270374513534,0.02972946908705243,V72_plant_ensemble_noise_free,0.67,19,10.746151675410331,128.973392382581,1.5490450603543522,0.6541599862584537,1.0766741606857533,0.142437977760982,1
1.1677054553413488,1.0433514087210196,0.8446724713916025,0.6574037960383736,1.1958281121838688,1.0198500676434472,0.17795367443624377,0.026257480297876522,2120,2262,2263,-0.002846835259061397,0.030167408680441543,V72_plant_ensemble_noise_free,0.67,20,10.30900242009253,111.895265192914,1.1631277304479184,0.602157955859015,1.0210358814528695,0.16024053073795,2
1.2171127354184168,1.1041151539679812,0.8757764203510413,0.65063754211644,1.6308787844930526,1.1366537462227524,0.25212975925791725,0.04637020682338129,2147,2274,2276,-0.0037450128314557843,0.03671858853385723,V72_plant_ensemble_noise_free,0.67,21,5.730611534956263,97.77814989989416,1.5460865537479265,0.9577705532797604,0.9064547435362535,0.1680677673277885,3
1.1464022874242403,1.0233937320151643,0.8393793949669344,0.6598376199699685,1.0683411013375008,0.9378397607215583,0.16091937475815765,0.02081491027696762,2117,2255,2256,-0.0032275112513266,0.026341799800203347,V72_plant_ensemble_noise_free,0.67,22,9.237373761740509,93.04272784892429,1.049089930832217,0.4992547027513883,1.0877003121193467,0.2143483049306073,2
1.202232496766175,1.0452354535102129,0.8492821113259115,0.6521633110103281,1.4200684390499838,1.0720599295913027,0.20223249676617505,0.03086980241407059,2128,2264,2266,-0.0031689352958822305,0.026933976710582508,V72_plant_ensemble_noise_free,0.67,23,10.431967108418114,86.24264905220542,1.1650421251979013,0.6217530701040798,0.8661220451633257,0.0952804568029697,3
1.1939410897480662,1.0377763921256609,0.8409511168045551,0.6580377015223813,1.3659250191612546,1.0423809507785724,0.19394108974806623,0.0282063785680194,2119,2261,2263,-0.0026990201041311402,0.026008084886456784,V72_plant_ensemble_noise_free,0.67,24,11.324350177282431,82.54590216640878,1.1831350875717104,0.5550975103684842,1.010513661972464,0.2277008269823784,3
1.198401567116088,1.0907886970797478,0.8623626786757022,0.6501117085534805,1.3878315588911025,1.1043908281794967,0.20947853704905128,0.03873875573359301,2140,2270,2271,-0.0029443598306286858,0.02965862642017414,V72_plant_ensemble_noise_free,0.67,25,6.713724684087501,107.62359123392092,1.4690893790764037,0.8733609642184199,1.0055369807520829,0.1854241410461428,2
1.2131069017443332,1.1098279626075387,0.8947785448753859,0.6768403420840219,1.4830375401339322,1.0186912439705074,0.21587425648052805,0.04418072186376497,2148,2282,2282,,0.02895083984038238,V72_plant_ensemble_noise_free,0.67,26,9.356940230427728,109.1607446082196,1.499081207467917,0.5785586741256713,0.8108626571020359,0.1131328539627739,1
1.2251087983358782,1.0851648121911812,0.8889102248900795,0.6797796195124184,1.554590508526101,1.0851859325255104,0.22768047375187628,0.04135218130398899,2138,2280,2282,,0.030672693839993936,V72_plant_ensemble_noise_free,0.67,27,7.365680918207881,134.07791094517938,1.4255174783105844,0.5610634174461918,0.8397185231322828,0.1272089028866727,3
1.2205287855351667,1.0827046188067226,0.8543721639126184,0.6341158324629609,1.5563856880157774,0.9974836741273007,0.22052878553516675,0.03966567720534519,2138,2266,2267,-0.00306982727932676,0.028031771951367634,V72_plant_ensemble_noise_free,0.67,28,11.582486600443437,100.90520051934033,1.1074505583973626,0.8273362119578671,0.7832681291970053,0.1367202972223356,2
1.2578995555370256,1.132603380885548,0.9078057930148903,0.6630455221144957,1.7871659665415316,1.0557356365565116,0.2645145758771814,0.057106273395072946,2150,2284,2286,,0.028234812482094807,V72_plant_ensemble_noise_free,0.67,29,6.054312230144401,101.0810359926735,1.5846587431711965,0.8318497929187627,0.7543615511750854,0.1521236018825343,3
1.2120873374582277,1.116037109118569,0.9216863532814022,0.6966248620041133,1.4936408825836978,1.0444208407209885,0.22259583887577272,0.048961683781029205,2151,2291,2291,,0.029381664692842646,V72_plant_ensemble_noise_free,0.67,30,7.410182184864603,110.64475896640177,1.735324571874299,0.4247283949615813,0.7598830404617871,0.0540786619834668,2
1.2143447194756347,1.0562506605517434,0.856434643702473,0.654613949516122,1.4893728680588563,1.5170015088158917,0.21434471947563472,0.03356436668657878,2128,2267,2269,-0.0028832136282220294,0.03025238935455299,V72_plant_ensemble_noise_free,0.67,31,11.89071031216538,89.88693015376131,1.7041405825451477,0.8919394486547094,1.0963462041290035,0.0457223228432448,3
1.219122858057385,1.0781323324343073,0.8933004326069331,0.6902691441905585,1.5451201518142332,1.013150543761124,0.21912285805738496,0.040531977348480776,2140,2282,2284,,0.025697475931744318,V72_plant_ensemble_noise_free,0.67,32,10.636216407411323,145.7334275036592,1.3326267044957714,0.4409397458017524,0.7540601974912844,0.0894605632049838,3
1.2273848601218666,1.1152971709906623,0.8995525985741405,0.6774177779514824,1.5854390829973748,1.050563037484262,0.22742914046739404,0.04733294875279149,2150,2283,2283,,0.028181968597398743,V72_plant_ensemble_noise_free,0.67,33,11.773635133495308,92.66341552989384,1.5757131989939062,0.5665617887303149,0.8045099089483612,0.1273510939762019,1
1.2052583191552007,1.0608920577957026,0.864245762364581,0.6569063027428631,1.4918779782643077,1.1317277214846935,0.22862114437668857,0.033075337627377875,2127,2271,2273,-0.0032327950362761207,0.040189401709497474,V72_plant_ensemble_noise_free,0.67,34,6.790479060472412,144.94099975410393,1.147649626726608,0.690925067425517,0.8201557944731614,0.040240694712045,3
1.1818532005618647,1.054775332233647,0.8327136386408993,0.6343430052592546,1.2964585954912355,1.1699042168849672,0.19457805186837773,0.029663635413309835,2126,2256,2257,-0.003133080299903904,0.029714567226289068,V72_plant_ensemble_noise_free,0.67,35,9.851127845040203,78.83832217462404,1.305343098098662,0.9775592855564508,1.0344309036413295,0.1074124194260242,2
1.2048322743620254,1.0903826611656808,0.8729521704675491,0.6600291494373492,1.4437277123225216,0.9927162801614386,0.20964444830193285,0.03874419540139018,2140,2274,2274,-0.0030963979149580263,0.028816622625980504,V72_plant_ensemble_noise_free,0.67,36,11.063814604595375,80.38993994224217,1.2869291364207478,0.6226134848990759,0.7564668116725759,0.0613209083039836,1
1.1743573593973036,1.0572285876556617,0.8263719809794122,0.6133272889826149,1.224065915751816,0.9968765570878526,0.18196759927054473,0.02729750922663341,2126,2253,2253,-0.0033281562068626044,0.02988737415811249,V72_plant_ensemble_noise_free,0.67,37,9.43906267204524,128.7125552252427,0.9488926956669648,0.9272701863551618,0.9784010837457506,0.1539574637291125,1
1.1947622698348477,1.1071041267770914,0.8980045872528633,0.6942386625862579,1.3440403662918865,1.0311997630311112,0.19971061871533702,0.040713127573676657,2148,2285,2285,,0.029953480545192868,V72_plant_ensemble_noise_free,0.67,38,6.364130912133987,125.86163756011835,1.6591341878430337,0.450249567888664,0.9075866586403472,0.1244597078640373,1
1.1950732733062848,1.0823810522339192,0.8650977759387504,0.6458641287487009,1.5440341768133483,1.0737130945807176,0.2451541065310885,0.038609180408466344,2138,2271,2273,-0.0032913205243219334,0.04348314568526712,V72_plant_ensemble_noise_free,0.67,39,5.638618970225697,148.28892539321075,1.1673409342176528,0.8346888710679086,0.8417912072755029,0.1273793963414197,3
1.186750024856415,1.0851318809102912,0.8835889539356403,0.6902944199942647,1.3118211067274963,1.1526645135249982,0.1983043847428423,0.037152215463594054,2141,2280,2281,,0.029796591546947804,V72_plant_ensemble_noise_free,0.67,40,8.033236481919328,112.32239805676838,1.7833338825706226,0.4845347802643756,1.087748981396827,0.177026084268633,2
1.1936343044406237,1.0736980482146454,0.8630613246091164,0.6613982303051903,1.3618635260051783,0.9611725058803883,0.19979937300746786,0.035040840310089284,2138,2271,2272,-0.0028774632603938413,0.029484505869801003,V72_plant_ensemble_noise_free,0.67,41,8.736583458416348,135.61540452484638,1.177147312158764,0.6427002479426149,0.8905313299247091,0.1867645488989819,2
1.2171996063460782,1.0702494905156366,0.8813896314579419,0.6854784820090111,1.5092920170154307,1.1577978574317973,0.21719960634607816,0.03771430682618162,2138,2278,2280,-0.002498684031684384,0.027438990374567762,V72_plant_ensemble_noise_free,0.67,42,10.087516757360124,104.26699632359488,1.5532315190917263,0.4728200509979419,0.928727336749924,0.1319318905764721,3
1.2188960334555183,1.096793249830636,0.8763554879695326,0.6673055709901534,1.5269009643915241,0.8602960370332904,0.21889603345551834,0.0413132721778358,2140,2275,2275,-0.003173276117696669,0.028005692256864334,V72_plant_ensemble_noise_free,0.67,43,11.063486781312344,136.03974995562365,1.0937207507594435,0.5727649284056934,0.7685472854843904,0.2302044457940159,1
1.2615865733241258,1.139915913492573,0.8996410244075528,0.6545217603354939,1.8038275063437952,1.0401885509097286,0.2615865733241258,0.0574934202793601,2150,2281,2282,,0.027809242847041338,V72_plant_ensemble_noise_free,0.67,44,7.907639137432728,100.79986653762082,1.546042370525699,0.9490380503734194,0.7809040498835581,0.1907268814460893,2
1.1793220657503718,1.0882042711045672,0.8686410805563733,0.6507211171778403,1.6172179076433495,1.2745400670546596,0.2511985586082941,0.04205769891762668,2138,2272,2274,-0.0035276573482309285,0.041197430705506966,V72_plant_ensemble_noise_free,0.67,45,5.337938998582468,106.99700306041224,1.6146008452954272,0.9729445689401908,1.0098970300502097,0.154538690759349,3
1.2022475807069095,1.0721424126018544,0.8462379868271358,0.6400936250171092,1.4207775096069173,0.962858219398697,0.20720657427419575,0.0352125678604341,2137,2263,2264,-0.0029514024193089093,0.029160187901764223,V72_plant_ensemble_noise_free,0.67,46,8.755331606862786,79.97680840704903,1.1429934399877766,0.7619048054469801,0.8606136389954826,0.1844476862899144,2
1.1598081821595372,1.0620813693312805,0.8575764812634465,0.6768861802975878,1.1159230693363853,1.0325105436947293,0.16955470310278176,0.026568889801550002,2136,2269,2269,-0.0031846188892781574,0.030842529548451125,V72_plant_ensemble_noise_free,0.67,47,7.653813458007402,73.8890730173617,1.44556185917918,0.4727296175356857,1.0820825772341114,0.1379734430331476,1
1.2051411914275663,1.0492256191640252,0.8600982399019239,0.6588595520231222,1.4592284184458284,1.0794557004122782,0.22902998104931904,0.03027787764791592,2119,2269,2270,-0.002955945463941289,0.05102237514643204,V72_plant_ensemble_noise_free,0.67,48,6.2845556451074085,144.36369374814285,1.0310883189449844,0.6202229764832433,0.7929980351005004,0.0404975420800958,3
1.1867594919389228,1.0706341548934262,0.8479601283160303,0.6389710084356074,1.5288373463204512,1.0888369050071238,0.2442173813880799,0.03498852468770625,2127,2264,2265,-0.003280276899041592,0.0441063357917888,V72_plant_ensemble_noise_free,0.67,49,5.638343078698829,80.58801389384118,1.1864132839843085,0.8341447606810305,0.8461865251302991,0.114956148368712,3
1.2051927509007985,1.081379966162054,0.8676289769120923,0.6476740252455201,1.5553545592781048,1.174156548446571,0.24193430910370406,0.03906009165363051,2138,2272,2274,-0.003531038734281238,0.03703545642864947,V72_plant_ensemble_noise_free,0.67,50,6.682447922744161,116.82802488372032,1.3379661600571686,0.8503064655316652,0.8474670513298096,0.0670448722402096,3
1.2578791141016403,1.119148459829954,0.9025202555674172,0.672210361976912,1.780650453485226,1.018890330790234,0.2578791141016403,0.05311881979838652,2150,2283,2285,,0.025161481218207715,V72_plant_ensemble_noise_free,0.67,51,9.16279697193362,141.6291052401516,1.459627232527335,0.68871684376873,0.8214339802165719,0.237589145956208,3
1.234107356511505,1.0804995812505318,0.8606303771821033,0.6403425944534898,1.6454394742366327,1.17548415588998,0.23410735651150505,0.041524780807046746,2138,2268,2270,-0.0025811137725540484,0.02536229830334702,V72_plant_ensemble_noise_free,0.67,52,11.957678917691116,95.75770188487076,1.3403486393175734,0.9146464189080894,0.8481165092776866,0.1068581203223964,3
1.153039795841439,1.0566829337360308,0.8506782690079076,0.6535409753950476,1.1599546039236746,1.1038231389957043,0.17623688708367746,0.02729390621775492,2127,2265,2266,-0.0036714236177879233,0.030476937361478162,V72_plant_ensemble_noise_free,0.67,53,7.192395565466206,127.95106634649004,1.2957314420022306,0.7326372970012778,1.052524752658924,0.0813328857923758,2
1.195822241958465,1.0966316892472532,0.8617965508886708,0.6478172892449827,1.3476552101528285,0.9438051459842373,0.2000418664061645,0.03717531233325015,2140,2270,2270,-0.0030642547846104324,0.029694177517733733,V72_plant_ensemble_noise_free,0.67,54,5.606813905831828,107.4431563071516,1.220677857582694,0.7702908916520403,0.8710077441518982,0.1690250897605586,1
1.200545973201119,1.0425855154843648,0.8542904190798577,0.6693038076699804,1.3899950653527142,1.2080932002734888,0.200545973201119,0.029566924044042476,2120,2267,2269,-0.0029244489223218023,0.028313836936710413,V72_plant_ensemble_noise_free,0.67,55,10.744884415564457,108.28487436798098,1.4025327650513426,0.576342727967029,1.0884022293502456,0.1724739261671066,3
1.135417402110086,1.0328356130827832,0.841905021875472,0.6496368884945867,0.9906640546397493,0.9822215221577006,0.14960797193093867,0.019261104139506994,2116,2253,2253,-0.003259967767156115,0.026900837678298206,V72_plant_ensemble_noise_free,0.67,56,9.380064838177477,98.92935386791636,1.06228412091603,0.5923905630065096,1.0815483081718,0.0524264708800595,1
1.224767219942449,1.0923735696716037,0.8859092419563838,0.6689804505441139,1.5637525524663123,1.250300261725847,0.236328002945825,0.043198919584766335,2138,2279,2281,,0.0335233283512284,V72_plant_ensemble_noise_free,0.67,57,7.781238192268669,138.67556034783206,1.6573335879864168,0.763136028537321,0.9755675983216056,0.1388492861222448,3
1.1687213032874892,1.0560860517397639,0.8499659889419755,0.6543090175499727,1.2084287536011233,1.05120113630449,0.1826041767791291,0.028791876501052267,2127,2265,2266,-0.0035280238445730347,0.030112791020587615,V72_plant_ensemble_noise_free,0.67,58,8.516475118714382,148.7274448188652,1.2113745000662806,0.7257150993796114,1.0512380703289876,0.1648059259926232,2
1.2173399199499024,1.1033599557048412,0.8861090901399672,0.6696280967118989,1.5139229043800075,1.1305341034382042,0.220977182310915,0.044360249384963454,2148,2279,2280,-0.0026923184343588995,0.02897583195325293,V72_plant_ensemble_noise_free,0.67,59,8.895979297699522,121.3728810003423,1.6287591579371758,0.7189736289347686,0.966703881529654,0.1890383550572774,2
1.2124131334140387,1.0578375701300073,0.8381800092839014,0.6316318701999575,1.4725093989933278,0.9405621357560868,0.22233875483570364,0.03290116993252895,2127,2259,2261,-0.002767748713443113,0.034788843618793086,V72_plant_ensemble_noise_free,0.67,60,6.172696686443656,74.84451899391472,0.9816587870021984,0.7450299645375633,0.7810203028008723,0.1501877448822634,3
1.25460728682254,1.119586072581869,0.9170735766568633,0.6833984474313516,1.759239364319063,1.1389395216668317,0.25460728682253997,0.05405059465312241,2150,2288,2289,,0.026696393586431277,V72_plant_ensemble_noise_free,0.67,61,8.666779632139695,109.19391904899284,1.7530994365547006,0.5901284114542631,0.808866358642823,0.1360124525794977,3
1.1947803523997795,1.1024563983715718,0.8893989852758017,0.6894769389634482,1.341332016137003,0.9388386660963182,0.19878810310373374,0.03940641202823964,2147,2282,2282,,0.02981274509591647,V72_plant_ensemble_noise_free,0.67,62,6.211533396735801,113.95037573478784,1.470732603150545,0.4442638581431355,0.8847533266026454,0.1854938754262153,1
1.183443518803792,1.0909557325566992,0.8845342379052146,0.6931096885434435,1.2705131223291941,1.0824067785401863,0.1896028705959938,0.03568306077919918,2140,2281,2281,,0.0301699700992053,V72_plant_ensemble_noise_free,0.67,63,7.61448086489131,133.65916985548083,1.662535064526978,0.4621233665936617,1.0323809914771678,0.1548746298481374,1
1.1951111335405664,1.083663218240226,0.8454388249760947,0.6279246169253216,1.3512527801561705,0.9514180661330482,0.19904365208117025,0.0347309483221534,2138,2263,2263,-0.003103208216429165,0.029442053781764344,V72_plant_ensemble_noise_free,0.67,64,7.736263144792845,138.38007460613125,1.0326933451954714,0.9022665728395723,0.9090144791122688,0.2051722115501008,1
1.1906336071057506,1.0318261962689013,0.8544095893059518,0.6772408485996027,1.3260115325853183,0.9632374226838529,0.1906336071057506,0.02673059705726278,2119,2266,2268,-0.002944789275559204,0.0281109071116048,V72_plant_ensemble_noise_free,0.67,65,9.093443997409054,135.7061801089704,1.0427855686227876,0.4520442621828906,0.883186899576593,0.1524844668083488,3
1.2264931201084714,1.076322617777146,0.8621359202236805,0.6532807849251441,1.5713465702202432,1.0778293728808728,0.22649312010847145,0.03927063678504077,2138,2270,2272,-0.002821303253379226,0.026148688121272023,V72_plant_ensemble_noise_free,0.67,66,9.796367726085988,124.9023002199786,1.2871518803099136,0.7523356708171485,0.9454170313811217,0.2328686857309133,3
1.2154914660185807,1.1181184684725398,0.8831442778594248,0.6522979386230945,1.4870588962851707,1.1717807721556142,0.21874153167569932,0.044987964308139256,2147,2277,2277,-0.003480771878501392,0.02924052505189456,V72_plant_ensemble_noise_free,0.67,67,7.102650647139644,124.79656291837074,1.6064464510413805,0.9812739555801986,0.9076275108333368,0.0921723220184675,1
1.2025811000421136,1.044528209900191,0.8473373915717533,0.640773520003868,1.4230700631754263,1.1647053890371086,0.2025811000421136,0.030848628515091913,2128,2263,2265,-0.003091918138503318,0.02739352194243949,V72_plant_ensemble_noise_free,0.67,68,11.039900405972544,119.92051214018764,1.139088884506501,0.7710191924930354,0.8812415768567066,0.0458538731962742,3
1.2108824511537903,1.0887492305126047,0.8912498894513637,0.6799952825171532,1.4964410417632983,1.0341653952272878,0.21366029049299184,0.041231075229782733,2141,2281,2281,,0.02860024204672129,V72_plant_ensemble_noise_free,0.67,69,11.67772782803378,132.64878681051647,1.3724605152118317,0.5329886051400452,0.7718272134916772,0.0725490566460956,2
1.1716261652579745,1.07872602357474,0.8632088835632847,0.6670551945702807,1.1900977020421117,1.1183157657738414,0.1797076856213511,0.030816644328138625,2138,2271,2271,-0.003029323257773222,0.03054410508989469,V72_plant_ensemble_noise_free,0.67,70,6.782578590322011,110.66179827674472,1.5259496622200506,0.6637406044450264,1.0792004820769097,0.1104415056124675,1
1.1661967164116984,1.0561220591921074,0.821270423235505,0.6193522458369513,1.1487507514717104,0.9055772049693479,0.17408003115691795,0.024857216285241044,2119,2249,2248,-0.0031215716328798545,0.02953857275922367,V72_plant_ensemble_noise_free,0.67,71,5.097739393057601,74.1473525616366,0.9643236190654308,0.8782287270266838,0.967607581814408,0.1821957175869377,1
1.2060734122150052,1.0625751862135957,0.8510784856847273,0.6362946141566338,1.4933123696781898,1.201912135199281,0.22756334478654017,0.03356473666630071,2127,2265,2267,-0.0035477657116778825,0.03765011676987462,V72_plant_ensemble_noise_free,0.67,72,7.355502234218537,139.6035745019512,1.1834940153601958,0.902229123565946,0.9199230857336004,0.0825248015499684,3
1.2002349255964737,1.094166940396876,0.8647626064415765,0.647997144912174,1.3979935429493235,1.2501373736051922,0.2064549111769194,0.03814189288879353,2140,2271,2271,-0.0028141225978482796,0.02948453011298202,V72_plant_ensemble_noise_free,0.67,73,9.834197207277818,104.44531091033892,1.599246931644209,0.983536419258072,0.9862297552291164,0.0641581593540373,1
1.17034083651541,1.0550696301710576,0.8318442825787897,0.6265146340057342,1.1946599571321455,0.9216208956737714,0.17774043502303516,0.02649629577078341,2126,2256,2256,-0.003418050497526667,0.030001226304175788,V72_plant_ensemble_noise_free,0.67,74,8.895742107810007,132.0825141742179,0.912842863058376,0.7858287406841036,0.9557633010501524,0.1890161401389723,1
1.2292839108444868,1.0993416665644866,0.9014821038707916,0.6785033634478659,1.5990157656709965,1.2013408834421617,0.24043806814485347,0.04606219341435215,2148,2284,2286,,0.03103997922650703,V72_plant_ensemble_noise_free,0.67,75,7.587529740566357,89.54541868013871,1.7072177007619032,0.5992863957642729,0.8130434907741083,0.0506093674556209,3
1.1855301870585044,1.052236401995121,0.8261203688157679,0.6180189459358338,1.3130585236480314,1.12517885757016,0.19313040329712217,0.029350239562250222,2126,2254,2255,-0.0034201658204891508,0.029573097688826655,V72_plant_ensemble_noise_free,0.67,76,10.778362809970996,115.30347977053282,1.1216134503805828,0.9910033815677456,1.0592148523591998,0.1745857065525109,2
1.1898614788003978,1.1014491005928706,0.8825015202075843,0.6730523737436962,1.3100339484289643,1.2172190518875792,0.19553876725378405,0.03795278933610648,2143,2279,2279,-0.0030926704131193947,0.02996358084087536,V72_plant_ensemble_noise_free,0.67,77,6.511076909836426,123.82678137500956,1.7868544379715376,0.7215825138652388,1.0524560967412682,0.0881814235663987,1
1.235706917222457,1.128556349466781,0.9090519894346805,0.6801324162992944,1.628902070706092,1.1054062520494239,0.23570691722245707,0.051441651075208095,2151,2286,2286,,0.0281239353069056,V72_plant_ensemble_noise_free,0.67,78,10.966710087196963,129.80023285033542,1.724569992719705,0.6479717875918721,0.8785939650403786,0.1730013102940101,1
1.2251884206217254,1.0741534667897708,0.8564655367192366,0.6404406890309803,1.5525740668990626,1.0332161457225426,0.2251884206217254,0.038150391028037946,2138,2267,2269,-0.003088582669756321,0.02932242713597155,V72_plant_ensemble_noise_free,0.67,79,7.434921278391236,133.54629466272252,1.118552647292724,0.8255628315727521,0.8680684054820871,0.1911185310052948,3
1.258253095636115,1.0364107716137134,0.8230411571416674,0.606762323614318,1.4259453518427394,1.3427754628337987,0.27230134340490864,0.02041991500617151,2064,2240,2242,-0.0038599390579627368,0.09320211704509718,V72_plant_ensemble_noise_free,0.67,80,5.673389466511575,104.04744476530917,0.8820948921491105,0.8718684222579303,1.0869531080224464,0.0778966481590384,3
1.2414572267952444,1.0881801051230537,0.8606175687361317,0.6384473278003738,1.687321820832424,1.13151217472837,0.2414572267952444,0.04354326391622338,2140,2268,2270,-0.002611214821720539,0.02511618859434961,V72_plant_ensemble_noise_free,0.67,81,11.450217006019065,104.92909069324794,1.3210010563675527,0.9387043188482024,0.8801464366931836,0.1781010041661381,3
1.2802928802329885,1.13794847395588,0.9091569878488399,0.6670716167559163,1.9405951146012557,1.1325267707769204,0.2802928802329885,0.05985085100715935,2150,2284,2286,,0.024258791735420893,V72_plant_ensemble_noise_free,0.67,82,11.870709640329268,95.88598542920676,1.7539239785598375,0.8129028698694165,0.8473716650677953,0.2263948224140667,3
1.2050729719946742,1.097617472115396,0.876892890267641,0.6682589455518912,1.4270349703237897,1.0872880393444264,0.20873732696620717,0.039819559609338605,2140,2276,2276,-0.0035674009542456166,0.02916143232962809,V72_plant_ensemble_noise_free,0.67,83,9.67444372738706,79.08217722333261,1.5610009105851803,0.6470587404831719,0.9164381706841042,0.1330521389807205,1
1.2129621096975984,1.0903038678517538,0.8808458296521658,0.6644644209710944,1.5019990390226328,1.0380320615590077,0.21564546682737995,0.04131903777612526,2140,2277,2277,-0.003115317828776963,0.028716089819436963,V72_plant_ensemble_noise_free,0.67,84,10.69202088691611,135.95326586502293,1.311029846119654,0.6792080617847827,0.8113866501351479,0.1103156869235487,2
1.20042007114598,1.0828529489263021,0.8850239715869734,0.6944470191703257,1.5605831769750156,1.176885689116744,0.2465806138566644,0.038272418006155225,2138,2281,2283,,0.05427470223165076,V72_plant_ensemble_noise_free,0.67,85,5.668991860467393,141.86985863318094,1.6362934984247604,0.4569922469241813,1.0388012503969002,0.2199721111154612,3
1.184258390091327,1.0223740530469687,0.8415540072641854,0.6641941248220621,1.2861444389101209,0.9138382765223731,0.18425839009132705,0.024311813428903838,2119,2260,2261,-0.002414250085006487,0.027503988263202883,V72_plant_ensemble_noise_free,0.67,86,9.118174947306752,87.55133228247237,0.978639128320458,0.4417826450532626,0.906996892836066,0.2039213945883432,3
1.1688246897502719,1.0471064829343169,0.8405465158669732,0.647232622884923,1.2019826405346286,1.0175845194232818,0.18058597647001173,0.02693108869727424,2126,2260,2261,-0.00270783425876623,0.030164087167898757,V72_plant_ensemble_noise_free,0.67,87,9.283083525118762,110.65357498264348,1.145539822331865,0.6865484114391489,1.0324193733509606,0.1767078054264099,2
1.180595101198354,1.06956147908449,0.8491954405458997,0.646561037296066,1.263050339599735,0.892036157050668,0.1867512374624627,0.030690348397558413,2138,2265,2264,-0.002992301944525823,0.029745929179999075,V72_plant_ensemble_noise_free,0.67,88,8.435341048504007,125.41472750385094,1.007867630706702,0.6735520019838812,0.8690499219834863,0.1721555807424327,1
1.2066660006009053,1.0991159166595328,0.875783025705078,0.6592449969287532,1.4503444606365123,1.071763042447847,0.21749052621496223,0.042036619253799895,2141,2275,2276,-0.0037090982364213505,0.029410780864722597,V72_plant_ensemble_noise_free,0.67,89,6.8331677008087786,80.60617276115724,1.5176911916205027,0.7828109240241254,0.8712719513425371,0.119199438892561,2
1.2007897000929342,1.0421499516042787,0.8509380645503015,0.659669290440924,1.3975856381645888,1.1209297439515997,0.20078970009293418,0.029697927515467706,2120,2265,2267,-0.0031918233160944925,0.02808669953873555,V72_plant_ensemble_noise_free,0.67,90,10.167368016130911,97.61157599351056,1.2397728973593132,0.5962638007678415,0.9565392742787578,0.1290790786896454,3
1.1921775502105012,1.0926611658192704,0.8704851343578457,0.6668095509329818,1.32876763661752,1.15765882405364,0.19705646051285197,0.0366089593260259,2140,2274,2274,-0.003461150962661517,0.029794606530017198,V72_plant_ensemble_noise_free,0.67,91,8.21679372789981,112.54497688444256,1.6320572511361355,0.7196197008332335,1.0814067751652594,0.170533704297859,1
1.1957228504449555,1.0843199203425882,0.8856032950361638,0.6894941006317882,1.535800511740764,1.2072134038379092,0.2431804549677148,0.039109304646396836,2138,2280,2282,,0.049072473519365056,V72_plant_ensemble_noise_free,0.67,92,6.2313816748516615,115.55412061470676,1.7050826019060408,0.4877225138628785,1.0331155332678792,0.191605660602043,3
1.1540943374009984,1.040715805145388,0.8297537493324454,0.6222392918834039,1.0977598200503473,1.0188887849650752,0.16537592663210443,0.02262879903243596,2119,2252,2252,-0.0029542925445197724,0.02734099947932167,V72_plant_ensemble_noise_free,0.67,93,10.310542932323642,136.48494353357296,0.9459774869766604,0.8345529522465753,1.0290842198980172,0.0855638697372447,1
1.2661750594096386,0.9870485168503639,0.8311905614148094,0.6227424716799825,1.4406843708371637,1.3061737560187894,0.2661750594096386,0.019891076476566724,2064,2244,2246,-0.0040892509043429694,0.07969836758129722,V72_plant_ensemble_noise_free,0.67,94,6.013829563722655,106.22574888010728,0.8701822179535599,0.7172698987030591,1.0667866592497364,0.1009219292215485,3
1.2023805398695266,1.0847816709599867,0.877260628627084,0.6609411068012812,1.55300402935484,1.2628808888710223,0.24340907706897696,0.039940246716312175,2138,2276,2278,-0.0034911489193777717,0.03868772025428813,V72_plant_ensemble_noise_free,0.67,95,7.040863079477784,123.2216784073252,1.546909329769827,0.7923230788658415,0.9254901512944408,0.0780996084645826,3
1.1882180906012414,1.0812115042419794,0.8491421455773074,0.6297559032552916,1.3552638941701587,1.0206700190035747,0.20512844876855096,0.03578331976772172,2137,2264,2265,-0.003348794542317275,0.02988867144627738,V72_plant_ensemble_noise_free,0.67,96,6.283406697250235,98.9035430850612,1.175763525422528,0.9567118669500267,0.8306516242465659,0.0698557097464471,2
1.2130925802304073,1.0927646614345299,0.8569083554482062,0.6397852508846504,1.4858774203683303,1.1526741709565897,0.21535257979017564,0.03931444826428069,2140,2267,2267,-0.0031271604671771645,0.028623967503494052,V72_plant_ensemble_noise_free,0.67,97,11.663318816302422,102.6100018093786,1.4013819625174402,0.967028651458374,0.9519228833861124,0.1444827738423816,1
1.263291991505893,1.126172128624355,0.914586723753664,0.6754092800312875,1.826787057208027,1.0951161640615994,0.2632919915058931,0.056302272321218816,2150,2286,2288,,0.025010306407681426,V72_plant_ensemble_noise_free,0.67,98,10.303253884823317,124.1281407423161,1.6324274269197483,0.6813611541893415,0.7879446629595771,0.1655040490308844,3
1.1547042336971183,1.0399726904644313,0.841651194333843,0.65604623232335,1.1016732028267406,0.7677669118101739,0.16492814238618791,0.02273395305751595,2119,2258,2258,-0.002691702812842136,0.027932279624099388,V72_plant_ensemble_noise_free,0.67,99,8.597826674778533,72.18646268869091,0.8657910445822239,0.4314445903176647,0.7943304797407656,0.1157876960059475,1
1.2355685661786644,1.1237780501395482,0.8924861289453987,0.6689149109650088,1.621396240555649,1.004998614094148,0.2355685661786644,0.04926485813278608,2148,2281,2281,,0.02811149887731368,V72_plant_ensemble_noise_free,0.67,100,9.416341852645049,86.76505248719835,1.5422658765669317,0.6661178048652382,0.8484084429658311,0.2192568147886729,1
1.2047289636264704,1.0422747071100877,0.8524727522710773,0.6669997401431372,1.400675090085385,1.0124787748543778,0.20472896362647042,0.02864052808289488,2119,2266,2268,-0.0032594137185799543,0.03247288965749329,V72_plant_ensemble_noise_free,0.67,101,7.599361273429519,95.15667202451482,1.123163011545726,0.4930056870916144,0.9062723737902532,0.1741719640371245,3
1.1717755733978266,1.0747474707917002,0.8725362799217473,0.686179413842988,1.229755815814662,0.9140861405595099,0.1874551490346863,0.03292703365554366,2138,2276,2277,-0.003598386127581031,0.03017089900312775,V72_plant_ensemble_noise_free,0.67,102,5.836216208795711,148.0024899155632,1.28939550709149,0.4722157914380206,0.9332535183548384,0.2001936949978078,2
1.1594276647938146,1.035485037680463,0.8289653188498789,0.6404073339910498,1.1274076857268807,0.9011055482426373,0.16714501073899402,0.022175768736247572,2119,2251,2250,-0.0023141641963367317,0.025609427816722152,V72_plant_ensemble_noise_free,0.67,103,10.420054961567,77.00074088442852,0.9632883029207406,0.5865977085059945,1.019647388333329,0.2334269233951992,1
1.2313172607501728,1.0900097045794366,0.8852442273515704,0.6650871439630652,1.6081727106540058,1.2388773277568896,0.23482008009339883,0.04332729430883805,2140,2278,2280,-0.0026237310447200153,0.030275041958023774,V72_plant_ensemble_noise_free,0.67,104,8.42490614706486,85.95930872940755,1.6161660538629303,0.7372757436872432,0.8435558210587117,0.0562359288846302,3
1.2478584141931468,1.1148932558660403,0.8847535330219101,0.6489968568981905,1.724424118075508,1.0746928970946974,0.25768207014796474,0.050936062632773366,2148,2277,2278,-0.003256562345996527,0.028710211253266893,V72_plant_ensemble_noise_free,0.67,105,6.306517630339533,91.29813048049502,1.448506945441982,0.9561134947795056,0.7704271353688448,0.1347833816958818,3
1.2376641560636727,1.1353458832970273,0.91196214782332,0.6761471656211461,1.637709860794239,1.058022484128729,0.23766415606367275,0.05329689385685614,2151,2286,2286,,0.028305046006230405,V72_plant_ensemble_noise_free,0.67,106,9.118727919206007,136.8038985063166,1.641331715968593,0.7004552820075602,0.8211843851541013,0.1575222486248355,1
1.198215757525633,1.0689097010106328,0.831816847730404,0.6171751316224039,1.3953035248110988,0.9767492629730795,0.20211208367542732,0.032547924655528714,2131,2257,2256,-0.0030655503707609755,0.02871257866279886,V72_plant_ensemble_noise_free,0.67,107,11.58057859167886,101.585958459238,0.9763679744711956,0.8832351065662389,0.8526728458712901,0.147754713388089,1
1.1645657847591446,1.0817663554154764,0.8796202133829318,0.6803882518218937,1.2431408601197558,0.912938272752953,0.1894585737531418,0.034087510998853536,2141,2278,2279,-0.00309108937496761,0.03126459795140857,V72_plant_ensemble_noise_free,0.67,108,5.145169343662946,127.86767633170388,1.261897805477516,0.4954598796025228,0.7947192705871088,0.0551588018224429,2
1.2300659104942189,1.1294474847383214,0.8988089076422684,0.6589958366891531,1.5934364683323556,1.0640423067477593,0.232173084264214,0.05038875919943961,2150,2282,2282,,0.02876599508483002,V72_plant_ensemble_noise_free,0.67,109,7.8851467935329635,106.22322091734358,1.529993063397882,0.8477176267718418,0.7510154214114461,0.0699998660828287,1
1.2273103846063926,1.1087815223284392,0.8944394801450051,0.6738598559318408,1.5854484483689162,0.9606288092511164,0.22773296783898478,0.04701728450318165,2148,2281,2282,,0.0285309278281205,V72_plant_ensemble_noise_free,0.67,110,8.715872659875842,96.5415464705684,1.4115615673357174,0.5689438264978608,0.7710226424041121,0.1661130650805939,2
1.1788510610788228,1.0504710324369204,0.8438344180144692,0.660524647331872,1.26928957306996,0.7895863709679916,0.183248782387895,0.02698668899182861,2126,2262,2261,-0.0020825619558368035,0.02897401325381299,V72_plant_ensemble_noise_free,0.67,111,11.17694403210806,114.08755055365803,0.8510221414860846,0.4695207242977017,0.8085250160300237,0.2267191553843059,1
1.1671878496701018,1.0532510100503283,0.837807075548191,0.6381455625556662,1.2345360676278927,1.2556502489979966,0.18611351292636602,0.028143887080179706,2126,2258,2259,-0.0025761193667545356,0.029928208816048185,V72_plant_ensemble_noise_free,0.67,112,9.52380808028667,87.80423971091656,1.408469841753638,0.9707833960903348,1.081428888256171,0.043909171269877,2
1.2154253380373132,1.1090352024246273,0.8925648025972165,0.666967750186235,1.5078556736972017,1.0990913697326763,0.21891168211417322,0.04449214939543936,2148,2281,2281,,0.028775801022004055,V72_plant_ensemble_noise_free,0.67,113,10.996441414031755,131.0404694374806,1.4930844422018834,0.7236253672985151,0.8105726457024985,0.0663103942764693,1
1.1890398806199407,1.0632744880869318,0.8305390303960178,0.6175765308457052,1.3421100166933266,0.9535630423629949,0.19644459586361696,0.030655634113659635,2129,2255,2255,-0.0031565461392955045,0.02907554190906758,V72_plant_ensemble_noise_free,0.67,114,10.868719553151385,81.85169521636763,0.9447381143786604,0.8442789005453022,0.7655303184717666,0.0492883566125139,1
1.1886369567203918,1.0516878990389438,0.8229503237769179,0.6031849150207277,1.346090680737213,0.9728951683433451,0.19563999475407923,0.029868724261594783,2120,2252,2253,-0.003188315783313595,0.029215935526036074,V72_plant_ensemble_noise_free,0.67,115,10.500267887277328,114.01803941298544,0.8498937894576105,0.923489891335922,0.81921588869898,0.0940680067405071,2
1.1784002734356092,1.0686121108884152,0.8594465070230743,0.6742392860953093,1.2448836551159475,1.0144121896905385,0.18356470991467932,0.03037513023160077,2138,2270,2270,-0.0027747231102836505,0.029739164618094005,V72_plant_ensemble_noise_free,0.67,116,9.99892269561268,131.1233595993454,1.3210143738733502,0.5507764779965442,1.059599900044884,0.2305963632943392,1
1.2151311184488747,1.0714447364713595,0.8966576944631174,0.6998237933789692,1.504905484723798,1.294160314566856,0.21513111844887467,0.0386940742957259,2140,2284,2286,,0.02744004438183012,V72_plant_ensemble_noise_free,0.67,117,11.690384709523356,142.92364854696726,1.7754203974057925,0.4088225401805788,0.9293725559393944,0.0461923436934579,3
1.2033112613219885,1.032967787433689,0.8335972256261202,0.6446305456024221,1.404206709921533,1.2441986271110608,0.21738376966362205,0.02445973303721984,2108,2255,2256,-0.0033934433829828103,0.04823574449251522,V72_plant_ensemble_noise_free,0.67,118,7.625705615829888,78.91050024736434,1.1979573053027552,0.7038656832009356,1.0963670043185672,0.1559421618464307,3
1.2029309374270292,1.042122743065578,0.8450181738956661,0.6513692592348883,1.4226170956387911,1.2588819600054129,0.20293093742702917,0.030127445744459032,2120,2262,2264,-0.002831011327390874,0.027462424881958603,V72_plant_ensemble_noise_free,0.67,119,11.824664160733624,75.719024550325,1.3748349424201347,0.7307873107469592,0.99742335529185,0.0812453616005207,3
1.198289445715853,1.0418316211817946,0.8622557659520131,0.6834765683002542,1.3736406484446875,1.1822808125018553,0.19828944571585305,0.029328278955983514,2128,2270,2272,-0.002674789020297713,0.02851155899234059,V72_plant_ensemble_noise_free,0.67,120,10.54719001071419,142.05398543873275,1.3919800528306547,0.4962655135725592,1.0587235887721915,0.1581684546775967,3
1.1488455487740983,1.0314189773444795,0.8455047238333202,0.6613285922533412,1.102732566176573,0.7865491821472663,0.1655347750498175,0.02258608998050873,2119,2260,2261,-0.0026171535603432996,0.029053503502909916,V72_plant_ensemble_noise_free,0.67,121,7.651725997926606,111.09733048425274,0.8384506008661443,0.4559818332756831,0.8049543472703611,0.1071018481752051,2
1.2517003965834683,1.0809770310041689,0.8519653347130978,0.6804510362403076,1.454477193767076,1.2110663650605824,0.2602157967911072,0.02298524331100156,2064,2264,2266,-0.003696263452866714,0.08538350527159055,V72_plant_ensemble_noise_free,0.67,122,5.559065078161737,93.24029881974064,1.2012597699000236,0.4017184379902556,1.0568622965659928,0.1555747962933786,3
1.1740419119434846,1.084597012065827,0.8770650417700687,0.6966405547388936,1.196236355625679,0.95602843687227,0.17997244053901862,0.03247454011227699,2140,2279,2278,-0.0035194944261293694,0.03041908513488556,V72_plant_ensemble_noise_free,0.67,123,5.686828704229136,146.26347124207945,1.465590390417938,0.4043377453313028,1.0272574094545817,0.2240411852324177,1
1.1722714006888302,1.067462512382382,0.8720035638287102,0.682533649302785,1.242750296190575,1.034156179780058,0.18750474333487444,0.03202758011578352,2138,2275,2276,-0.0036837940520970747,0.03010235764025282,V72_plant_ensemble_noise_free,0.67,124,8.237538754596727,117.9228118623564,1.41763133470578,0.4872280193792955,0.9397457293048196,0.0968973340891857,2
1.230447346353938,1.0878187808443678,0.8897597472552772,0.6802417729058595,1.60992065771519,1.0708527783657058,0.23044734635393804,0.043294270610213244,2140,2280,2282,,0.025767323415175847,V72_plant_ensemble_noise_free,0.67,125,10.34858920949925,90.6112340651102,1.4976997381382828,0.5009877199819078,0.8291153115193961,0.1456655382036073,3
1.2058614903316809,1.0439797962226893,0.8360933170757043,0.6353375785068757,1.4298891854499898,1.272241568922272,0.21652924889999015,0.028573694639096522,2119,2258,2260,-0.0026780780774755997,0.03648828944915805,V72_plant_ensemble_noise_free,0.67,126,8.36865232363435,90.19661460703588,1.231628750928792,0.8593963519208934,0.992629592995976,0.0755853649163758,3
1.2078889928425345,1.0335432551432282,0.8123320862675426,0.6040651198317029,1.4481790687312919,1.0240575471790923,0.20788899284253448,0.028008169187581488,2119,2245,2247,-0.003124237375212928,0.03001299691370829,V72_plant_ensemble_noise_free,0.67,127,8.326667156253508,72.52480045229652,0.8581478470794676,0.9368702518718438,0.7933817189507368,0.0783084105143033,3
1.1719852679911178,1.0712533730163627,0.8526570063097085,0.651880845814337,1.1974546963864898,0.7679184408482066,0.18001245588438985,0.029677516267096377,2138,2266,2266,-0.0035542949903911323,0.030385463045397243,V72_plant_ensemble_noise_free,0.67,128,5.726190297965466,111.67622199818516,0.906496832863888,0.5676566498123882,0.7662870701670262,0.1503782946098441,1
1.2688254633590506,1.1239803992573458,0.8990716551368751,0.6685277874088471,1.8662388246651034,1.1252568746633353,0.26882546335905055,0.055010751849596376,2150,2281,2283,,0.024451878875581645,V72_plant_ensemble_noise_free,0.67,129,11.8228343320224,77.14450222787102,1.7124282530671342,0.7421967436748425,0.8601230190937009,0.2218352250672823,3
1.194125026125827,1.0786295734576141,0.8417620938967959,0.625789931763288,1.3542743080281103,0.9925804759664528,0.19931736149949075,0.033808201645133644,2138,2261,2261,-0.0027264130798243837,0.029377933400489553,V72_plant_ensemble_noise_free,0.67,130,8.829297622310888,109.71638202239396,1.0832995808663477,0.9072091439951174,0.8860984969706085,0.144741157669325,1
1.160148046351625,1.0617319662113973,0.8646707066186854,0.6787086754302774,1.1911971904495133,1.1586699430537455,0.18041565609912413,0.029377887175739578,2136,2272,2273,-0.0031234685682015235,0.03020041464204204,V72_plant_ensemble_noise_free,0.67,131,8.13386313801521,71.43841926562567,1.6229723091446402,0.506249422429558,1.06009102136195,0.0673299318889398,2
1.2119453158743063,1.107513605096479,0.8783509729288421,0.6580627313210778,1.4834324740910656,1.240614691242829,0.2234078041187446,0.04427676578209333,2147,2276,2277,-0.0034359515055327953,0.02980488769201317,V72_plant_ensemble_noise_free,0.67,132,6.799378929570047,90.0251065726868,1.79845919717961,0.9877859112547543,0.997937629794394,0.1259328377090364,2
1.235879623977949,1.0826417262028487,0.8525938618763835,0.620794388509506,1.6608220771466546,1.016739132788308,0.23587962397794904,0.04189643729429804,2138,2265,2267,-0.0031830939816374273,0.024859599282235356,V72_plant_ensemble_noise_free,0.67,133,11.380359037330413,143.5418957872106,0.982668329830942,0.969111122557521,0.7712377713466338,0.1493680187680842,3
1.2034889052222957,1.0418335507355772,0.8356541399946688,0.6317740355467539,1.436549277052278,1.0996390144745358,0.20348890522229568,0.030319338505450023,2120,2258,2259,-0.002290975043795667,0.02662562812140634,V72_plant_ensemble_noise_free,0.67,134,10.951342027556862,81.17204435386064,1.0782283222690203,0.7790917758963298,0.8354279417764109,0.0556965938214944,3
1.2248022438349138,1.0760018861198337,0.8704543452855977,0.6550581885258892,1.557758946798261,1.326552855241676,0.22480224383491376,0.03908902806185524,2138,2273,2275,-0.0035841985653190253,0.02971931241197634,V72_plant_ensemble_noise_free,0.67,135,9.840185550248613,134.57644530195677,1.536991779248765,0.8662100409677642,0.9716150588447848,0.0856097520420869,3
1.216905112495305,1.101142521580656,0.903163087868385,0.6873707383398302,1.5301900997588902,1.0453704547108513,0.22063194555630306,0.04503811815423467,2148,2285,2286,,0.02882431090036519,V72_plant_ensemble_noise_free,0.67,136,10.272570916861604,75.65814404787884,1.5982265362782435,0.4342283976523398,0.766558900410018,0.0746224945885185,2
1.179958601209195,1.0669996173857241,0.8669593679911545,0.6834662753362531,1.264582107332103,0.9384653026627565,0.18896749025495096,0.032170765094883105,2138,2273,2274,-0.0033338629280066905,0.0299406303831109,V72_plant_ensemble_noise_free,0.67,137,7.841141417833288,148.2536889331608,1.2602700157517903,0.4854243531627731,0.9682989569219316,0.2358360324861773,2
1.2163257051041967,1.096651611092061,0.8834568490986656,0.681000561016597,1.5101512167643567,0.8446687261516397,0.21632570510419669,0.041189640938818384,2140,2278,2278,-0.002854316056688634,0.028107351811445858,V72_plant_ensemble_noise_free,0.67,138,10.839735846801217,112.2956514092923,1.175550004036396,0.4421792541885597,0.756089541181453,0.2246432299496333,1
1.1989040863159146,1.016121092458319,0.8454333214808543,0.6732117300672001,1.332313386123086,1.1646444756911178,0.1989040863159146,0.02135933550163564,2099,2259,2261,-0.002693857597669631,0.040372683051696834,V72_plant_ensemble_noise_free,0.67,139,8.73861041410493,86.13769851319513,1.1585973271818757,0.4263182662286675,1.0889932418198085,0.1703573876982339,3
1.2009809228341362,1.0225621802462432,0.8477287132674318,0.6691626297580162,1.3490839680738984,1.077850018148412,0.20098092283413616,0.022075473335248445,2099,2261,2262,-0.002681673198840625,0.04158304436097815,V72_plant_ensemble_noise_free,0.67,140,7.960744826028068,102.61790447482808,0.993766996974285,0.4383301305774103,0.9016555450331992,0.08264876895109,3
1.1792723548097146,1.054638185383881,0.8350595761130967,0.6322674357019529,1.2655182539770355,0.7661361495574154,0.18900921034188412,0.029192149847520485,2127,2258,2258,-0.002863899007633093,0.02984989887647993,V72_plant_ensemble_noise_free,0.67,141,6.631311370259185,85.88873623663076,0.8261761422180912,0.6176615735452132,0.766475616702546,0.2053749463201879,2
1.2067741892196,1.0618996403603413,0.8497346977135614,0.6289586928632299,1.4967072781868094,1.0792989577098557,0.22794445094628935,0.033449295591149536,2127,2264,2266,-0.003610403657116801,0.035879363575882284,V72_plant_ensemble_noise_free,0.67,142,6.640069876645814,143.72933740054964,0.97616118174877,0.8669412135653796,0.7879193391787194,0.0495313683450232,3
1.1607441933112361,1.0589249162478724,0.8589608402915567,0.6731659824153079,1.1357368032781578,0.8613637291871377,0.17138211968414852,0.026743166530084284,2136,2269,2268,-0.0030750518659622187,0.03060520646977727,V72_plant_ensemble_noise_free,0.67,143,7.856836588555026,92.79330694877842,1.100978383917816,0.4376264420910067,0.830427800864316,0.0718695033150563,1
1.1422700868788676,1.030217771841526,0.8427440592530618,0.6527514837267951,1.0804717803458155,0.901250887380898,0.16261161547788539,0.02182061366461661,2119,2258,2259,-0.0026678465115170203,0.02832430609887604,V72_plant_ensemble_noise_free,0.67,144,8.074019880348327,125.76881461669596,0.923810183884731,0.5663833554664174,0.9214205455294242,0.0840751800081838,2
1.2157604437068563,1.1145191431902846,0.899305814682093,0.6802535397967135,1.4966946727535364,1.1844921273076734,0.21785857410306253,0.04558835718573577,2150,2284,2284,,0.028942221666563572,V72_plant_ensemble_noise_free,0.67,145,10.349923185282552,130.25409429143207,1.7990886419186245,0.6549619092734005,0.9545315298547464,0.1290449137406263,1
1.2204108801564781,1.073157493423971,0.8787650216299694,0.6764896209929859,1.5219997213458973,1.3171551410763254,0.22041088015647814,0.0379747935778669,2138,2277,2279,-0.002832133720885961,0.03021892297796036,V72_plant_ensemble_noise_free,0.67,146,9.715114862823048,121.14644998988636,1.6878792841231376,0.6310045826530074,1.0222216442842234,0.1140471763492366,3
1.2109935797008062,1.0403246461549105,0.8448129455232417,0.658598461953067,1.4536127421163432,1.1411141897877402,0.22725280008607918,0.02696528509077029,2117,2262,2264,-0.003293503844910253,0.05503379028428079,V72_plant_ensemble_noise_free,0.67,147,6.440687895772471,98.29909025023558,1.175136362426147,0.5821042287300496,1.0341766362084592,0.2032335699204597,3
1.2083322103550405,1.106690643445343,0.8931444236657948,0.678517651045683,1.451884153492541,0.9818174739346532,0.21628351853064087,0.04437707137777284,2148,2282,2283,,0.029373574301595262,V72_plant_ensemble_noise_free,0.67,148,6.342713880907854,135.85357494578795,1.4655346946991996,0.5974293936633199,0.8613872201134662,0.1836310140922304,2
1.1980035068457002,1.083381116331558,0.8698366773809786,0.67455312039087,1.3815881762201934,0.7964071375749691,0.20011637870069365,0.03592327046084591,2140,2274,2273,-0.0026584160011187993,0.028910161640580245,V72_plant_ensemble_noise_free,0.67,149,8.846113995776257,100.9183973584666,1.063527023519888,0.4420857751856034,0.7591671957610991,0.2201892456967281,1
1.2008484689106647,1.112567671292617,0.8929497205323177,0.6785415497041424,1.3807756380110998,0.9338583509321006,0.20460049604951225,0.04212749821578822,2148,2282,2282,,0.029687789460866254,V72_plant_ensemble_noise_free,0.67,150,5.16942706869923,126.37176312544072,1.40375143330417,0.5659688233773484,0.8095922966691553,0.130865752553512,1
1.2306354487580191,1.0780085589440918,0.8602766979962776,0.6456572832161889,1.5960366611646881,1.1150261163593427,0.2306354487580191,0.03992837865713142,2138,2269,2271,-0.0028048922909071437,0.027463774720519307,V72_plant_ensemble_noise_free,0.67,151,8.92750522394564,105.09033313525715,1.3101716915446149,0.8305341213914603,0.9025509548490518,0.176377363455354,3
1.2213136520467753,1.0650944959463413,0.8458823865468064,0.6368132100564107,1.5559493723200413,1.0160708139973478,0.22131365204677533,0.03656010595470261,2138,2263,2264,-0.002749495999058681,0.02538862989896007,V72_plant_ensemble_noise_free,0.67,152,10.78126685323199,88.04314054608298,1.1130867453188196,0.7696499412526716,0.8395982272736648,0.1758844230455847,3
1.158869375639256,1.0456054401961854,0.8210563422332053,0.6092708785624796,1.1653251020253292,0.9641256968869729,0.17741194464632337,0.025205102624162482,2120,2249,2250,-0.002956412396841064,0.030182355772349845,V72_plant_ensemble_noise_free,0.67,153,6.509294643474716,114.48932219409043,0.9183543391067944,0.9193869675865328,1.0085991374084131,0.1799273970148557,2
1.1507809760092171,1.0178625506496082,0.8197540318145184,0.6136553443318657,1.1095818690575423,0.9704383913568677,0.16551734681500463,0.02057678903829743,2099,2242,2242,-0.0032125070759293937,0.023818704173845573,V72_plant_ensemble_noise_free,0.67,154,10.234708941941978,85.3258671285591,0.8613143085595194,0.75440889253711,0.9870837071153008,0.1073688791775354,2
1.2150620451720187,1.0587785328686836,0.8441012276669098,0.6430398587731004,1.5021876869821271,0.9808486587529961,0.21506204517201866,0.034349784751118884,2129,2262,2264,-0.002862268735214705,0.02592104340518042,V72_plant_ensemble_noise_free,0.67,155,9.743331256911851,87.55782926036008,1.1033193898263192,0.689291744287104,0.8892291100196732,0.2324988078888802,3
1.1153128334337614,1.0433210897373875,0.8537852769628018,0.6775057272337272,1.0301726363233095,0.8875146551426232,0.1588540728818979,0.020836689995741033,2119,2264,2265,-0.0036288885131856483,0.031333484238671216,V72_plant_ensemble_noise_free,0.67,156,5.109537322080909,127.01943816159528,1.060946379641081,0.4395891598604799,0.9957091875015274,0.111297120662923,2
1.184977351866714,1.071278826856465,0.8269474423047944,0.6066814583219526,1.2852715920415807,0.8891598506344189,0.19127808133521884,0.030667840752692157,2131,2255,2254,-0.0035785817641466816,0.029815970687125715,V72_plant_ensemble_noise_free,0.67,157,6.719938711375016,111.87579815614562,0.8707167757610269,0.9346951330781796,0.8524282941964493,0.1696109986338344,1
1.2159546062892659,1.1111619909156967,0.8796525861363538,0.6508716592755464,1.5032339754716535,1.0611173391733697,0.22419539476399786,0.04558714368677869,2148,2276,2277,-0.0035678598251733,0.029361786989110517,V72_plant_ensemble_noise_free,0.67,158,6.177858476858303,136.71708767864902,1.4280031268702844,0.918203557585332,0.894426834888151,0.1728159847271306,2
1.2009857542901092,1.0865608389288641,0.8560739148594414,0.6469243238413845,1.394745422631786,0.9196418444620729,0.2034842522471203,0.03639798536813525,2140,2268,2267,-0.00320381446899129,0.029076021417304698,V72_plant_ensemble_noise_free,0.67,159,8.624892468538047,104.76425575168246,1.1321245615481188,0.7112768889322045,0.865099054607452,0.214255873746037,1
1.1668176891953528,1.0391970540555886,0.8429293799138444,0.6675096039507128,1.1897661492452538,0.7505780759885563,0.1728182655645092,0.023775357690201872,2119,2260,2259,-0.0019147011220149715,0.02733959193036628,V72_plant_ensemble_noise_free,0.67,160,10.748205622403628,112.16998399213918,0.8017270681175414,0.4039213422868769,0.8074266438602811,0.2252664139021521,1
1.2015512154518697,1.0417115255083083,0.8501888112729497,0.6525497269790076,1.4002684612749887,1.1745402586751534,0.20155121545186971,0.029573781129312606,2120,2264,2266,-0.0032546604347439005,0.028938548830240496,V72_plant_ensemble_noise_free,0.67,161,10.273371702074916,134.07256106017678,1.189451940636475,0.7041774430033724,0.9615125076339592,0.0961625287914538,3
1.1643598721129107,1.040117137067465,0.8490160100662745,0.6628387740151797,1.1839579013090247,1.0821684797634334,0.1753944124589779,0.025658799077977752,2120,2264,2264,-0.002776285342548443,0.030179540341666256,V72_plant_ensemble_noise_free,0.67,162,11.853829329816396,131.1175672700595,1.2005642153464806,0.5991058040137323,1.01268536924634,0.0859925166178272,2
1.1680222478867361,1.065308773945154,0.8423061429209271,0.6481814766955891,1.166449225024097,1.0464936700423961,0.17640695407597295,0.02740954720888563,2126,2261,2261,-0.0028904588767294072,0.030527488398089497,V72_plant_ensemble_noise_free,0.67,163,6.796937249380585,81.45229300728316,1.3047429824712249,0.751838314864159,1.073122261795159,0.1540860065753167,1
1.1902720143686563,1.01145714525738,0.8203966970698408,0.6190387167991076,1.308920059335285,1.0182237966697945,0.19027201436865626,0.022014564729285726,2099,2245,2246,-0.003561959952245814,0.028838319238590593,V72_plant_ensemble_noise_free,0.67,164,8.640127609430273,82.62785589283786,0.8465461171279511,0.7005076952800882,0.9352450832152784,0.1451573628630847,3
1.178367561220636,1.083553516739723,0.8605270455044753,0.6410342870218249,1.5489750696605633,1.069676293821457,0.252740222145849,0.03746802197774753,2138,2269,2271,-0.0030498339391142877,0.04558121846030172,V72_plant_ensemble_noise_free,0.67,165,5.054942950901363,111.96649864947751,1.1401816370301818,0.808651591651161,0.7795269800786183,0.0768722605407054,3
1.2148701524589165,1.0851925399656945,0.8940573401965295,0.694071575599152,1.521697108773622,1.0651418085627937,0.23136614329987948,0.040559868007591045,2138,2283,2285,,0.038050048007288284,V72_plant_ensemble_noise_free,0.67,166,6.505410731641469,142.9100837330384,1.4975112297872206,0.4430561864511558,0.8624938420055654,0.1432756401915246,3
1.1913348400903896,1.0843199196757152,0.8776659448192539,0.6751089524761462,1.3475111336399168,0.9953846203951064,0.19743818196789875,0.035982217943027514,2140,2277,2276,-0.0034093610037143228,0.029385666182349723,V72_plant_ensemble_noise_free,0.67,167,10.41809994880622,125.31650489666806,1.3101071000298066,0.546198870053576,0.8257697111252839,0.0785387220068405,1
1.1989549743112566,1.0306903757796713,0.839162127615851,0.6544654129027421,1.367974854728144,1.2098655735997428,0.19895497431125664,0.026032332307885958,2119,2259,2261,-0.0026600031160121207,0.03146800877278788,V72_plant_ensemble_noise_free,0.67,168,9.787129015431631,76.48075185792831,1.2826854692842575,0.6322610419973411,1.0790887493230237,0.1528944143189682,3
1.1488335339824176,1.0473591524502588,0.8241722135014934,0.6064107408428264,1.0471299141868544,0.9816175151954842,0.16020671606483683,0.021900405512414997,2119,2248,2248,-0.0033959566896580575,0.02920834964939134,V72_plant_ensemble_noise_free,0.67,169,5.9108670088003565,117.06606766716004,0.9147771014966546,0.9464094420963604,1.0064326627983144,0.0458600123246593,1
1.1997173462687063,1.0416405736265746,0.8453950379089312,0.6438647127002167,1.3943708670344799,0.89040154620858,0.1997173462687063,0.02959821690842186,2120,2262,2264,-0.0029626145053218787,0.02753727718480048,V72_plant_ensemble_noise_free,0.67,170,8.358020772217738,137.50449944148363,0.8322727265411384,0.6293051043649946,0.7615078733283609,0.1291669731991122,3
1.2040560264163993,1.0734833341961632,0.8610576495599664,0.6585290691701056,1.4411676541235101,0.9024078586418773,0.20616990782151667,0.03610738714639764,2138,2269,2270,-0.0025207457147747134,0.028736111742409642,V72_plant_ensemble_noise_free,0.67,171,9.913239714512784,79.2420708879395,1.1257772263794332,0.5535315240191314,0.7749440437182392,0.1587923197097443,2
1.2304303873701286,1.0755389673142381,0.8574353955400729,0.6490005958528959,1.601664791374627,1.3391540534899746,0.23043038737012855,0.03951497464361333,2138,2267,2270,-0.0027269647720654564,0.026299877582746767,V72_plant_ensemble_noise_free,0.67,172,11.934361308733674,97.73660317845352,1.6326148024806024,0.9579615282048136,1.0998885995073948,0.189696789924124,3
1.1677293992532363,1.0609169784319503,0.8520053443748874,0.6673803514659878,1.169813866786352,0.6925691728371797,0.17480193500405017,0.02741592790998255,2136,2266,2266,-0.003390247042082452,0.030240994533336174,V72_plant_ensemble_noise_free,0.67,173,6.212046086260788,95.39506065377763,0.8599102974627322,0.4114496686004645,0.7606903030217851,0.2316497877503621,1
1.1810736664634587,1.0893818020681627,0.8828909986081088,0.6843960944631702,1.2643052561831678,1.0504911747580146,0.1895028501867757,0.03520804400687637,2140,2279,2279,-0.002875766809223219,0.030360939023183375,V72_plant_ensemble_noise_free,0.67,174,7.378269743214535,76.22244670693918,1.5945012283468951,0.4592188548409069,0.895741826718198,0.0500501409105909,1
1.1848387816172186,1.086560867719737,0.8561780835589419,0.6477929750741598,1.278174106569411,1.0482912473963566,0.19127942980023316,0.033648233145683756,2138,2268,2268,-0.0034614833385170673,0.030038721792389644,V72_plant_ensemble_noise_free,0.67,175,6.087374357908513,97.89902625349326,1.343618227435722,0.8155095898212827,0.955202548940006,0.1158915699207473,1
1.1580113828010283,1.06217790490915,0.8522444624049275,0.6689264268821427,1.093223912018946,0.8416367581166411,0.1666076549074491,0.025820463227957925,2126,2266,2266,-0.0036723308541645066,0.030870703130003285,V72_plant_ensemble_noise_free,0.67,176,5.389798744331677,93.72816821874328,1.1139051844581758,0.4750179271952409,0.9616946008055336,0.2118662303007726,1
1.2441947967119311,1.1180011646579595,0.9018786704898043,0.6705165762418106,1.6921297718764976,1.1573990691331182,0.2527107124855774,0.051870849850152737,2150,2283,2285,,0.031016681946650193,V72_plant_ensemble_noise_free,0.67,177,6.881995555058463,110.95677831145504,1.7301435251620645,0.7603432807777171,0.8879672958449674,0.1738344214717333,3
1.2137941744856708,1.0570581260443241,0.8512331303367542,0.6407999756082908,1.4813806605830357,1.4567719709888656,0.21444738667797636,0.03319791806318151,2128,2265,2267,-0.0033778507018666646,0.03187292905393413,V72_plant_ensemble_noise_free,0.67,178,10.693609654242008,126.19682247819352,1.4881269326256583,0.990521363994316,1.0631167253325708,0.0507421958899348,3
1.2083738167381997,1.0995201859325907,0.8582836314603696,0.6433150105405353,1.4356923943762094,1.0922868422831642,0.211122353455506,0.039355845161113165,2140,2268,2268,-0.00325601556432074,0.029241576433592265,V72_plant_ensemble_noise_free,0.67,179,7.403633577759771,94.88748907927372,1.4222303066975686,0.9566607876517824,0.9681252376020772,0.179724031904133,1
1.2536388457741268,1.1129064808211966,0.9055832191382415,0.6642193029775886,1.7745340547349355,1.240880470969498,0.25363884577412676,0.05239559286026583,2150,2283,2285,,0.02550687337606128,V72_plant_ensemble_noise_free,0.67,180,11.56931489870476,118.80866022683492,1.66144647403173,0.8280413442764964,0.7777273417459951,0.0571054896567814,3
1.1922718295916679,1.099124272633908,0.896047385646079,0.6939480094821158,1.3572029222435886,1.064877549551882,0.20599942861351161,0.041168532273589256,2148,2284,2285,,0.029951261815509778,V72_plant_ensemble_noise_free,0.67,181,6.433624417033812,76.89683606962525,1.780901808106405,0.4035743822523406,0.9390366443948778,0.1382381514774118,2
1.160849696561626,1.0667356386708706,0.8601886490988888,0.6738776738134761,1.1190981701445417,0.8020282114777382,0.1701459006186703,0.027448289439589546,2136,2270,2270,-0.003098016311441106,0.030869782712809712,V72_plant_ensemble_noise_free,0.67,182,5.485159159066801,120.6189300679024,1.0398826403636672,0.463760446403203,0.8435416736999477,0.1434868315218614,1
1.1547988886430058,1.0547458277951343,0.8641408895239033,0.6810106579148454,1.1614866202600593,1.1863157092924226,0.1754261232707317,0.027677292591820727,2127,2272,2273,-0.0031618390652437363,0.03027169846050981,V72_plant_ensemble_noise_free,0.67,183,9.04307088992929,94.5712974668758,1.6007385974676307,0.4991210663312419,1.0942540444044797,0.051874100879057,2
1.188521690817303,1.0991957427106274,0.8787448268909801,0.6718765712579201,1.3012846505789826,1.0958289918715247,0.19441739837078442,0.036951395791801636,2140,2277,2277,-0.0035358497382097635,0.02982517468170376,V72_plant_ensemble_noise_free,0.67,184,5.508141211608862,76.95464978723953,1.6339196961261182,0.6366650475255263,0.927822406290112,0.0644817754704525,1
1.209191109439103,1.0622967280596076,0.8805189919662524,0.6945299695253565,1.458770387777214,1.2066358981117418,0.22405643231669425,0.03322692923090953,2128,2279,2281,,0.041428701139822444,V72_plant_ensemble_noise_free,0.67,185,7.465804714288769,144.05044754171865,1.4879491448718951,0.4254998378263616,0.9219156564696678,0.0710919463659985,3
1.153666170289012,1.0702684994327747,0.8705546175905614,0.6895823981372792,1.172362986052981,1.0174208625052439,0.17982550500495265,0.02998097598347349,2137,2275,2276,-0.003939572136847918,0.031785623294138476,V72_plant_ensemble_noise_free,0.67,186,5.608063120285918,108.71725572054854,1.4971043690736638,0.4238085297662398,1.0375011379882229,0.149231795731349,2
1.2225466988712828,1.061811862382986,0.8278185555024686,0.6127289807789752,1.536097588518339,0.8828314183265191,0.22254669887128276,0.03479515891961363,2127,2255,2257,-0.0033712094672823842,0.030612651572880623,V72_plant_ensemble_noise_free,0.67,187,6.1979639126493815,87.22979602710939,0.865026149966652,0.8527607486038642,0.7808084059635884,0.2291068917391741,3
1.1872923283930779,1.0721530100452952,0.8659793774114979,0.684150837023576,1.3118902994447967,1.0357127234080392,0.19088857634719814,0.032366921602632596,2138,2273,2273,-0.002749996661112366,0.029206480812534963,V72_plant_ensemble_noise_free,0.67,188,11.767391709746986,75.52997323433593,1.4756996035405303,0.4134315969484348,1.0268267401111717,0.2194992422663631,1
1.2049862933209434,1.1054112278233919,0.8875359237415741,0.6776340174283396,1.419015987377297,0.9206256380575623,0.20843175426076166,0.04157186125269439,2147,2280,2280,-0.002653714833593735,0.029370649503095203,V72_plant_ensemble_noise_free,0.67,189,7.157408229829455,79.25429194848118,1.4024573048735784,0.4956305637895002,0.7939580042329079,0.1480210590970175,1
1.1981338502366037,1.0140109381149411,0.8326945389854123,0.6347102394790183,1.333624634523054,1.094746495081273,0.19813385023660368,0.020758477871298704,2099,2250,2252,-0.0029198430311041346,0.04133559945625076,V72_plant_ensemble_noise_free,0.67,190,8.22993485392966,97.90327665080557,0.8557112140471964,0.6056533956363193,0.911266905636818,0.0702376581879936,3
1.1833602284901334,1.0643267347587235,0.8299484076784834,0.609028388160878,1.291746482625047,0.8709811277565807,0.19519691359025182,0.03139182206429872,2127,2256,2257,-0.003575275637698008,0.029664811409587433,V72_plant_ensemble_noise_free,0.67,191,6.347313171164219,129.3946951126079,0.8300656864829423,0.9080765184586872,0.84083641306493,0.1869258065537288,2
1.1625411500816902,1.0574847217989016,0.8622362062855231,0.6738992537702794,1.191013912798661,1.028018297533453,0.17999975324119077,0.028889744515215594,2136,2271,2272,-0.003006094019622464,0.030230485421578246,V72_plant_ensemble_noise_free,0.67,192,8.174029274641882,123.14964800937145,1.3078604018157325,0.5392165689650908,0.963030922963231,0.0896621145245897,2
1.2179173325484673,1.0975989293601889,0.8672418832979174,0.6452325744405396,1.5327949232891986,1.028990584137581,0.2263281617942956,0.042875315353104126,2140,2271,2272,-0.0027750607363580706,0.028945948411053024,V72_plant_ensemble_noise_free,0.67,193,7.664203182173582,75.12854315298539,1.3221614171183544,0.9095798134574812,0.7595082305925984,0.0813626633163724,2
1.177951873257536,0.9989915324215519,0.8465434996557655,0.6704324341600426,1.2221878215638962,1.1117122361465857,0.17795187325753603,0.01972153701355188,2099,2256,2258,-0.002657066987112796,0.02903829059616947,V72_plant_ensemble_noise_free,0.67,194,10.266531055550274,102.84414400777727,1.0427407299641995,0.4360699231607595,1.0215916079126408,0.0872744598228368,3
1.1836751809559873,1.0632949787996484,0.8284841310675797,0.6277948959795585,1.2947971672062824,0.9492102678545873,0.19673959198818314,0.030776889463426986,2126,2255,2256,-0.0034578494536665096,0.029882233229365562,V72_plant_ensemble_noise_free,0.67,195,6.012914656492788,75.30967238197148,1.0877619973644967,0.90112165959998,0.950617379676032,0.2222542000570654,2
1.2621139369269874,1.1549688033479548,0.9249959351137118,0.6748931318573059,1.7976223069165633,1.0001776495859516,0.26211393692698737,0.06126843113752269,2151,2289,2289,,0.027443948041043775,V72_plant_ensemble_noise_free,0.67,196,9.59147760573332,144.19682416971054,1.6060812746836686,0.7412082802857793,0.762583264483361,0.1988041070009853,1
1.2372783575662545,1.0944140400967342,0.8639506833031569,0.6398821799069466,1.6454137746522708,1.051067622969587,0.24297521670587918,0.044291354448253495,2138,2270,2272,-0.0029306562505473574,0.030019804220085877,V72_plant_ensemble_noise_free,0.67,197,6.637162374032092,93.91542110415658,1.2836582154909806,0.9273731753387774,0.8208865319732943,0.1705897659708803,3
1.2243456950994729,1.1181707991406553,0.8732746783960057,0.639559619857699,1.5387793162687082,0.8864714594929534,0.22434569509947289,0.0458047467558133,2147,2273,2273,-0.0031647372090354534,0.02872476641026611,V72_plant_ensemble_noise_free,0.67,198,6.313576048132715,142.71005951678558,1.0913980731475237,0.8857964993965388,0.7710441696797813,0.2107247129054208,1
1.2456167734806383,1.1321472834817403,0.9042311468253513,0.6654393665193417,1.6998359989930516,1.1345964162896836,0.24561677348063826,0.05448494622972401,2151,2283,2284,,0.028336120284381483,V72_plant_ensemble_noise_free,0.67,199,8.241802286988609,113.6857408225309,1.7346919890487462,0.8552388040241805,0.8689010593988185,0.1720666631355086,2
1.243607176226641,1.112245980133288,0.8781190804073429,0.6449724918753241,1.6937215800580594,1.0196370477032302,0.24360717622664096,0.0486760973105466,2148,2274,2275,-0.0033889509181146108,0.027623906065444404,V72_plant_ensemble_noise_free,0.67,200,10.619390063739798,137.24563079312418,1.268782525781348,0.9038705517143945,0.8236384237425503,0.211074761882393,2
1.1685631075672964,1.0585417636052092,0.8410801089319131,0.6408182412833352,1.1807425977551507,0.9404932900374887,0.1764164765381051,0.027014299228832448,2126,2261,2260,-0.0025969862578659585,0.030179266441097585,V72_plant_ensemble_noise_free,0.67,201,8.62184643101354,146.71176907715426,0.9920018316318452,0.7411748984422106,0.9764501416665304,0.1799219159920872,1
1.200140572185111,1.073113897859168,0.8504725605574541,0.6388364440079755,1.5133077797499253,1.1660061143539053,0.23790354173191153,0.036241542806010475,2136,2265,2267,-0.0035567153586681987,0.045354568434878395,V72_plant_ensemble_noise_free,0.67,202,6.41266869655278,128.82021524081154,1.2948425300387465,0.9285001647545348,1.026685507644815,0.2081899394411309,3
1.2303784689792,1.0780665867531452,0.8567414147123231,0.6292372838563268,1.6001449408254802,1.1107946600593728,0.2303784689791999,0.03996186458716489,2138,2267,2269,-0.0030771266369636913,0.02907338303675533,V72_plant_ensemble_noise_free,0.67,203,8.206272432391204,118.70374463819282,1.147226801686826,0.9598115270300056,0.7892854223847381,0.0809503397679755,3
1.2762481009025834,1.15867273880739,0.9177675780001917,0.6637493078379371,1.8981660073526816,1.0537211175223014,0.27624810090258345,0.06321563622566118,2151,2286,2286,,0.02690005664759143,V72_plant_ensemble_noise_free,0.67,204,11.416979198429026,100.62514070062618,1.6827440432138756,0.8793373602924723,0.7550787845856576,0.1829720923994798,1
1.2535494539133747,1.1428113146539987,0.9227681124854488,0.6870885376876884,1.743153076936266,1.0111452842552326,0.2535494539133747,0.058549711297773054,2151,2289,2290,,0.028058840835011534,V72_plant_ensemble_noise_free,0.67,205,7.525042337405165,83.9026372547814,1.7992552569345457,0.531332551856724,0.8269927986007959,0.2382060164572343,2
1.1960379463917703,1.0817216155979406,0.8525600155662313,0.6531646477248387,1.3585944562166947,0.9877941381601485,0.19932102286888242,0.03456861973225404,2138,2266,2266,-0.0032678543913169243,0.029326938912979994,V72_plant_ensemble_noise_free,0.67,206,8.643835660785383,76.29654270992762,1.2964894110558614,0.6961693204930879,0.9595930401367484,0.2254439657409677,1
1.2343444137158996,1.1320657976438175,0.9054918406120871,0.678669496548886,1.614556783453905,0.9544819454746587,0.23749464569368084,0.0528586491352111,2151,2285,2286,,0.029068763121974373,V72_plant_ensemble_noise_free,0.67,207,5.167624844563753,72.19686620776088,1.632659969110155,0.5801059770352531,0.819463390586739,0.2335729098048184,2
1.2054524723376094,1.0879532619673529,0.8493247347199857,0.640644675724281,1.4268597164489356,0.9957938984406127,0.20938993308007237,0.03683220948877972,2138,2264,2264,-0.0029420849824681253,0.02915842051314521,V72_plant_ensemble_noise_free,0.67,208,8.101305343235378,71.30608806383916,1.2348500608748545,0.8832178847183588,0.853703490888823,0.1471898315795534,1
1.2245623910317411,1.084860430378092,0.887004622454765,0.6852549274446298,1.545247776922306,1.0260308553855326,0.22638596941275457,0.040992927176817226,2138,2280,2282,,0.03298196746044546,V72_plant_ensemble_noise_free,0.67,209,6.873791942343729,130.30649612978422,1.4108164078097791,0.4952330621278541,0.8750335871177812,0.2019567253875112,3
1.2351725634266306,1.0832632912938762,0.8608457240973743,0.6409643044174358,1.6425535372613016,1.0112417342693807,0.23517256342663062,0.041906321987828656,2138,2269,2270,-0.002616999609343131,0.02544698053610084,V72_plant_ensemble_noise_free,0.67,210,9.912883575062876,101.44497994436122,1.1672193869740553,0.801358339868546,0.7977814703667141,0.1728279267033861,3
1.1827865460554199,1.0695307421330429,0.8422509487448462,0.625614092663614,1.2842522592593404,0.8919618910165079,0.18966521114245594,0.031024042439445853,2136,2261,2261,-0.0027446213976150286,0.02962390635708534,V72_plant_ensemble_noise_free,0.67,211,8.705385764363427,149.2066619299757,0.8617615838223778,0.8220558184872488,0.8086422455346645,0.1181508849797216,1
1.1820165512521625,1.0688146079755059,0.83801427597676,0.6282447436985179,1.2700847461856275,1.0993232910805295,0.18830798883509803,0.03034819420437817,2136,2260,2260,-0.0027386373333259414,0.02977396144084432,V72_plant_ensemble_noise_free,0.67,212,9.648517505885028,135.1811857157519,1.1768702692469306,0.9571888481097006,1.0675381116964129,0.1732114812664311,1
1.1681105650997923,1.036320168407824,0.8292708802886184,0.6273832672590381,1.2102300653867961,0.8328536270591368,0.1789664818838579,0.025142373607593946,2119,2253,2253,-0.0029764306615809063,0.028576072834805566,V72_plant_ensemble_noise_free,0.67,213,9.122288873409715,79.31561426977512,0.8094587297250782,0.6141194484365342,0.7548650199993373,0.0758484773149529,2
1.164217718115721,1.0642348246357942,0.844166577308681,0.6472350672056288,1.1445140633095205,0.9726242298259651,0.17377405809648527,0.026895322618504337,2126,2262,2262,-0.003056673181706598,0.030699884974103586,V72_plant_ensemble_noise_free,0.67,214,6.310747209010341,81.65392669711657,1.1898303104839696,0.6951552346259311,0.960793319895472,0.0995514116964072,1
1.1752104404181822,1.070537762142356,0.8391166334114317,0.6363380608376565,1.2094947229323374,0.9978917319049294,0.18164180583637646,0.0291450576024221,2136,2260,2260,-0.00284553436990143,0.03023740661504748,V72_plant_ensemble_noise_free,0.67,215,6.500632620615381,111.32006804877336,1.1654743779436392,0.8295181623340547,1.0617645223983865,0.2239096039197842,1
1.1903316149609664,1.0829544217916083,0.8833095174842033,0.6775069006167468,1.3548542635153398,1.1757244357504704,0.20298785077533177,0.037703038545422875,2140,2279,2280,-0.0026618470956113536,0.02974329597682246,V72_plant_ensemble_noise_free,0.67,216,9.788023697268953,101.79773866551996,1.6620233090311618,0.5870504209069118,0.9300795524669716,0.0486145259521249,2
1.203045293432197,0.9898004244861675,0.8345254343538093,0.6370768322216198,1.5785022762551346,1.4744684293992136,0.28081354992621743,0.02795369909371924,2090,2256,2258,-0.0031226506506384167,0.07502016979414194,V72_plant_ensemble_noise_free,0.67,217,5.388069308519698,81.87759124779195,1.311028928944315,0.9384233475057367,1.05477489052997,0.0599094709318029,3
1.2153197188034377,1.0647338643394921,0.867644768557096,0.6742619342806173,1.491264469357501,1.1345158977109535,0.2153197188034377,0.03577102307856263,2138,2273,2275,-0.003505868180831496,0.02729565482151175,V72_plant_ensemble_noise_free,0.67,218,9.873379172090528,100.95029862277566,1.4624273252325948,0.5509393574583383,1.0015333939950106,0.2041143899554932,3
1.1522133405613335,1.0385205408119704,0.8201957460965934,0.6069854167269441,1.0828684609573416,0.9910744683770104,0.16401481085757896,0.021750288654936924,2119,2245,2245,-0.003840362210727371,0.026222365535669923,V72_plant_ensemble_noise_free,0.67,219,8.796024661660807,107.02139189398514,0.9047033233002209,0.8973472259276842,1.0269503802507507,0.0949369020441805,1
1.1512382475566316,1.0284058324455416,0.8248756304322746,0.6285609022078301,1.13789925002288,1.0916845646796727,0.17078390662478626,0.022233475401953428,2117,2248,2248,-0.0027838213370849577,0.025865996255294288,V72_plant_ensemble_noise_free,0.67,220,9.72465458685502,74.14700907436453,1.0877733988781948,0.8209480403379328,1.0328552356153486,0.0567823546183526,2
1.204924408019965,1.1018751799229216,0.8797714511581207,0.6736504697506654,1.4114891152956615,0.9442187705834421,0.2065122497159637,0.04042009152887892,2143,2277,2277,-0.0033674292048807915,0.029205241238767332,V72_plant_ensemble_noise_free,0.67,221,7.587858339718389,120.56566957785462,1.3610674895339143,0.5803352574911064,0.901579566758344,0.2364305865727635,1
1.2026021445412949,1.0401497961313855,0.8247691305044116,0.6073470673249658,1.4442190185706472,1.0723768167977723,0.22162328193967973,0.027582725338297295,2117,2252,2254,-0.003632794001872591,0.042352449543724635,V72_plant_ensemble_noise_free,0.67,222,6.652961235206114,107.41094546424564,0.848808380569581,0.8805277739666516,0.8126811821837245,0.0553360937245707,3
1.1551845695487386,1.0458375685323782,0.8519753292292063,0.6672977361771164,1.1472361298616598,0.9680304998884997,0.17320618993219794,0.02574325748765931,2126,2265,2266,-0.0033963600789728553,0.030381772570274634,V72_plant_ensemble_noise_free,0.67,223,8.064991359381349,91.23908546706464,1.1912458498124876,0.5023298481783621,0.9524529269322858,0.1031612567186746,2
1.1888286031402093,1.0937369387687499,0.8855649759681161,0.6929593917783238,1.306254574996602,0.9955028812231035,0.19381952399052094,0.03698994720068638,2143,2281,2281,,0.029912835432564622,V72_plant_ensemble_noise_free,0.67,224,7.380668104365686,103.76554603860932,1.5626737352963054,0.4068181755511796,0.9524666128434242,0.1800896937992117,1
1.1769901529961966,1.0032291875349826,0.8438819123162047,0.6695747083108268,1.2231027771216323,1.0881023755170087,0.17699015299619658,0.020574925733158205,2099,2257,2258,-0.0025963775009683093,0.027036338992346698,V72_plant_ensemble_noise_free,0.67,225,10.415025237850916,109.36525913099648,1.0714708860650606,0.4607970821381476,1.0726214458644905,0.1551117624505995,3
1.2180253991871548,1.1052660540300923,0.8661573395420514,0.6509365228811941,1.5004031789352366,0.8635981076866222,0.21820072659251855,0.042131239949432145,2140,2272,2271,-0.0027376525350324018,0.02877074161063331,V72_plant_ensemble_noise_free,0.67,226,6.9368248239224695,75.75689016873666,1.1807759946255512,0.6954720576713911,0.7789921406900115,0.2263908190823919,1
1.1928510993112074,1.0646281914871527,0.823563816657919,0.6120656463377421,1.3519320133306094,0.8982995034516705,0.19754254896358714,0.030751506980137358,2126,2253,2253,-0.0032042324175243367,0.02909224940524302,V72_plant_ensemble_noise_free,0.67,227,9.406376521374854,84.51842769552681,0.8970688419412267,0.8615753852842762,0.823359583843351,0.167763062950622,1
1.1888415749438115,1.0565870233148429,0.8175351800889723,0.6133828725396432,1.3214272831924712,1.0495927655815729,0.19307382609884605,0.028629949164554712,2120,2249,2249,-0.0025629839030180323,0.028694064836215505,V72_plant_ensemble_noise_free,0.67,228,11.148256700197429,88.55367637668243,1.054665062009403,0.9875435701719004,1.039978222239598,0.2245478559958106,1
1.2260823462273975,1.0822746096920928,0.8841949296106324,0.6821217414720128,1.5684144779960458,1.0711806789137952,0.22608234622739753,0.04113990258038705,2140,2279,2281,,0.02635588005677958,V72_plant_ensemble_noise_free,0.67,229,9.605494496423166,127.0150064648543,1.4580643369521191,0.5262556067376667,0.9075934999890392,0.2018757344784293,3
1.208984903000986,1.1005454168938151,0.8807489311447683,0.6540190697706858,1.467810124765737,1.0099305950762694,0.21798602906652165,0.043082444035937806,2148,2276,2277,-0.003447606412248145,0.029254071121671332,V72_plant_ensemble_noise_free,0.67,230,7.362704160964553,147.0246936514697,1.2785121640626982,0.8160603359189322,0.800737391526528,0.1071338541381967,2
1.1481078482624745,1.0480554675868081,0.8361854785110915,0.6388233051465548,1.0469159724483046,0.9167484075607768,0.1599508041561224,0.02220278466459697,2119,2254,2254,-0.003595835395266266,0.029315769118870127,V72_plant_ensemble_noise_free,0.67,231,5.919218902233238,74.14692771117797,1.0371228706095086,0.6784867813860624,0.9432244402740948,0.0480474863205845,1
1.2229780293860968,1.101495078559902,0.8643022418977118,0.643022905871998,1.5476544077145944,1.0765719534806248,0.2229780293860968,0.04237397856439336,2140,2270,2270,-0.0026464576635751936,0.028189293544586214,V72_plant_ensemble_noise_free,0.67,232,11.662464487986618,123.06753268001025,1.3274072915098931,0.9036612570210544,0.9240713705220186,0.2039951881873642,1
1.1782012281437133,1.0897785223779388,0.8760089949366014,0.6757811240929339,1.2884234925876497,1.1624643023601984,0.19650253055182154,0.03664187752359447,2141,2277,2278,-0.003619209168755486,0.031803754187536226,V72_plant_ensemble_noise_free,0.67,233,5.798087296647497,107.42774095887984,1.733758434917601,0.6377488858090888,1.0999118634069698,0.1654776789522942,2
1.230308793435884,1.1138165095757193,0.855256327343888,0.6320329316322956,1.5741344509099335,0.8638737423268849,0.23030879343588406,0.044366900439417975,2140,2267,2266,-0.0033674004537324565,0.028538383486569785,V72_plant_ensemble_noise_free,0.67,234,5.237745191970987,76.40586550531712,1.1059089514821625,0.9526595447764264,0.7526538573672266,0.2265928493352202,1
1.2189731929363687,1.0766306046942011,0.8876664927395118,0.691186481502791,1.5335685517083224,1.0579582120392281,0.21897319293636874,0.0396631844349847,2140,2280,2282,,0.02587138073186379,V72_plant_ensemble_noise_free,0.67,235,10.600076749691064,122.15082762516349,1.4583860725159368,0.4247358815258705,0.8621765921219288,0.1548279570705515,3
1.1536110116182532,1.0502250441288958,0.840155820990617,0.6457513288045093,1.073443164964208,0.8078760626722655,0.16358756792518103,0.02357295235028104,2119,2259,2258,-0.0030621190869314307,0.030938539293182243,V72_plant_ensemble_noise_free,0.67,236,6.378113714884686,130.5123074559595,0.8658492185585577,0.608545025923958,0.9177200749092944,0.1901482319332348,1
1.19679260740175,1.0842744491748004,0.8808161998864538,0.6742941657685079,1.394437953935483,0.9992740523262825,0.20669164875074508,0.03847257339578806,2140,2277,2278,-0.00315620385335383,0.029541304373200905,V72_plant_ensemble_noise_free,0.67,237,8.663485333735023,75.23621966723726,1.4092794979852696,0.515209593691685,0.7921454757490239,0.0713814234213227,2
1.184161289983967,1.0853781498402653,0.8794167667559489,0.6729562001088585,1.3308834570381098,1.0391481028843148,0.20095970890196635,0.037234245886745884,2141,2277,2278,-0.0033487567640043516,0.0298443905454,V72_plant_ensemble_noise_free,0.67,238,7.049449817764838,74.9359555934693,1.494280090516629,0.5619081064959531,0.8349621253805373,0.045833964953055,2
1.18415073299568,1.062938322835782,0.8405916415787424,0.6371953168679074,1.3009881318552594,1.0011959964512378,0.1904285014087972,0.02999844592472171,2131,2260,2260,-0.00232957724798903,0.02928788686492756,V72_plant_ensemble_noise_free,0.67,239,11.35219340334807,95.05571084255446,1.0947671475185632,0.7412258954198778,0.8984854882144863,0.1196143069168268,1
1.124262840333921,1.0334681566869581,0.8479115279374658,0.6617856045352856,1.0148736879467797,0.9353941420845745,0.15435797232841542,0.020435356879416087,2119,2260,2260,-0.002807898815067579,0.028117878193954393,V72_plant_ensemble_noise_free,0.67,240,6.377057113229865,132.75803704035167,1.012583001634094,0.5460232040656918,1.0068406900950588,0.0737428609661767,2
1.1679127600259886,1.0592009754968879,0.8332533919108178,0.6240994469840517,1.1743436014483555,0.820500181995609,0.17660886967782785,0.026759150673295616,2126,2257,2256,-0.003486104246709805,0.03034702249570631,V72_plant_ensemble_noise_free,0.67,241,6.70497510626567,115.31660690571414,0.8254757574996079,0.7292742294294596,0.8341569816907031,0.1530776827510835,1
1.164436837535248,1.0810971867878485,0.8793556641172896,0.6918108160419875,1.2213448794660127,0.9664383444129385,0.1872703185364355,0.03356178068403255,2141,2279,2280,-0.002985675561847472,0.03174047078150566,V72_plant_ensemble_noise_free,0.67,242,5.140592771012501,127.5346839292794,1.4570947585185017,0.4284360334213182,0.951929374330912,0.1525977992082768,2
1.2108480815130225,1.0554869751408351,0.8604804009063238,0.6615817885437919,1.460301649449801,1.3299822691089478,0.21084808151302248,0.033261838449524274,2129,2269,2271,-0.0027386337063369692,0.028976355869361203,V72_plant_ensemble_noise_free,0.67,243,11.01212371217839,133.85948136049268,1.5080336721975516,0.7457155709857088,1.084575514168515,0.1233743377715514,3
1.220737370559951,1.1048343953181186,0.8928769959860618,0.6785607427252969,1.5819842109461937,0.9231630713216387,0.24730046314692244,0.046563961222279515,2148,2281,2283,,0.039669225657799734,V72_plant_ensemble_noise_free,0.67,244,5.072004084139057,83.40083017954191,1.416303826020282,0.5056254142187442,0.7967414105945946,0.2235869098933097,3
1.1504388907420882,1.046864177346925,0.8258112036588229,0.6187391069302135,1.1617256635808897,1.0547976001467618,0.17630528107883725,0.024832363355942976,2120,2251,2252,-0.003102312306626719,0.030695791695875108,V72_plant_ensemble_noise_free,0.67,245,6.638751244476393,92.71454386990337,1.0576591058032545,0.9335953535635836,0.9834593662748616,0.0593152189115754,2
1.20575249185288,1.0980972826908224,0.8657367573908519,0.6403630424667108,1.4387929703191702,1.151782889125906,0.21157420983735675,0.03986181493713068,2140,2271,2271,-0.0028251244032567297,0.029247488083672613,V72_plant_ensemble_noise_free,0.67,246,9.596037741180844,114.18793726407894,1.3995644388911304,0.988584633432567,0.8679257698485205,0.0497112997622419,1
1.219115154442152,1.1227076671645049,0.8942918508707252,0.6581969037561047,1.5286231331319482,1.042243889550508,0.2294146203441314,0.04915537843564848,2148,2281,2282,,0.0298685484104948,V72_plant_ensemble_noise_free,0.67,247,5.4111041174607655,135.22068179967823,1.4882315649450244,0.8715887043918927,0.8175579580792824,0.125663195967496,2
1.189191693804899,1.0158490272127683,0.8384996407802392,0.6475353572762412,1.300173179750756,1.0705783384434904,0.18919169380489897,0.02266310242883964,2099,2256,2258,-0.0028490702485342557,0.03039881341036832,V72_plant_ensemble_noise_free,0.67,248,9.189833988858734,121.40477940532983,0.9338980624947216,0.5968000749172899,0.9228159220768806,0.0827549100619218,3
1.173589491582312,1.08295836850447,0.8784615734590482,0.6856615442675869,1.2131204177726533,1.1138752656314614,0.1829081881987238,0.032772357384565874,2140,2278,2278,-0.003418012366981618,0.03062126068157145,V72_plant_ensemble_noise_free,0.67,249,7.611217665922168,77.3231099250643,1.6827578868986002,0.4614014353578907,0.9805032384746712,0.043195802047045,1
1.22546917668451,1.1092135530321503,0.9075272264817672,0.6845159722011787,1.5841059913488338,1.061228005579257,0.22721901312448778,0.047856738902272045,2150,2286,2286,,0.028558641684321318,V72_plant_ensemble_noise_free,0.67,250,10.375546309023235,98.97481530082338,1.609136113809971,0.5080659569506992,0.7759467683749157,0.0945157489878332,2
1.2378087486660423,1.1237458979731016,0.9000513837619105,0.6621186375831247,1.6552722073836978,1.1011940896906165,0.23967759835556457,0.05183715685083381,2150,2282,2283,,0.028495704571416924,V72_plant_ensemble_noise_free,0.67,251,8.588808023761382,122.87884020540277,1.581699143148475,0.8400773976395457,0.8155226776160065,0.1312331378663853,2
1.2111640420289902,1.0821321401353665,0.8698203074876217,0.6616280773461162,1.4914115099770238,0.9901122732500975,0.2129313410938689,0.03894587840520026,2140,2273,2274,-0.003097758530989311,0.02854798114651813,V72_plant_ensemble_noise_free,0.67,252,10.873446658172636,83.0453141056631,1.2752916056956891,0.59762694847752,0.7970416187419025,0.1286244986073624,2
1.21712690562451,1.1004946741268142,0.8669350638133766,0.6474577351651042,1.5089713805635183,1.0396461662996235,0.21825963435081808,0.041596339129052126,2140,2272,2271,-0.0026335543870359547,0.02855153695563617,V72_plant_ensemble_noise_free,0.67,253,10.320423787007368,104.12486065386084,1.3266043981332782,0.8275613912267614,0.8685739761439836,0.1643622672094885,1
1.1826928572301991,1.072310206717849,0.8527379882458466,0.6486880289562379,1.550564104500328,1.453907475962052,0.24968970260445444,0.03335307112435141,2126,2265,2268,-0.0033430918608391316,0.04735043896957514,V72_plant_ensemble_noise_free,0.67,254,7.111329573847373,86.46969495267535,1.557359969197484,0.9433378185293984,1.030511399460909,0.0485453188558621,3
1.2050145598680344,1.0361071398661328,0.8346967901939171,0.6376069975311817,1.4519980603539913,1.1029997954424613,0.2325874650689359,0.026802962033139054,2117,2257,2259,-0.0029568468662906815,0.057280974414419816,V72_plant_ensemble_noise_free,0.67,255,5.863640936053502,121.3641053954452,1.0196377045803915,0.7336925986914242,1.0322003328501197,0.2310908092502155,3
1.219500845132453,1.0524159530182176,0.8433509753441873,0.6516088168814331,1.4558065777255678,1.3705937915980761,0.2251515734163383,0.02359097580441638,2085,2259,2261,-0.002863507493925943,0.056278261646105276,V72_plant_ensemble_noise_free,0.67,256,7.866428329721085,109.33524359467496,1.161486070138512,0.6471641238100595,1.019214932626641,0.0454326392236677,3
1.1875439205195724,1.0613154776894704,0.8380455611668312,0.6264776857524155,1.5446536775050463,1.1568356087866831,0.2464067691988132,0.030985984581544983,2126,2259,2261,-0.002978322929015619,0.04934225791504132,V72_plant_ensemble_noise_free,0.67,257,5.693269376975826,97.55476726845512,1.0667816569579962,0.8741404704437297,0.8624889358610285,0.0762302217895062,3
1.2438783878014275,1.1243907255168861,0.8926104775500372,0.6502364689748743,1.6944428056015264,1.0492073232889005,0.24387838780142745,0.05223290377012839,2148,2279,2280,-0.0026365683151996213,0.028205236550648882,V72_plant_ensemble_noise_free,0.67,258,8.664607899691237,138.88796764552984,1.3916359210222669,0.9391451248062428,0.7813999522284604,0.1491159476872364,2
1.2229988426789975,1.105187210485825,0.8751605093977066,0.6577278676510342,1.5508609554682398,1.0232988676937775,0.22357435775878765,0.04349817741696074,2140,2274,2274,-0.003081681377579786,0.028358281653415585,V72_plant_ensemble_noise_free,0.67,259,10.506381744435334,76.0326907145339,1.4101815537384284,0.7319198750364266,0.822248684574844,0.1506863580801906,1
1.1335025278486526,1.0453196008890155,0.8454754406917566,0.6591398360051438,1.0780064493077979,0.9149197665185816,0.16547578720540068,0.022950386173003,2120,2261,2262,-0.0031722981491426254,0.031662625384669574,V72_plant_ensemble_noise_free,0.67,260,5.45782969920354,107.58363266396437,1.0748913808608198,0.5524177427389346,1.009716638945723,0.1512966222362405,2
1.2157528334467818,1.0946161528367715,0.8673679970664165,0.6598239955098544,1.499509809871077,1.0385399716751813,0.21575283344678176,0.040131681853067154,2140,2272,2272,-0.0025860008930985888,0.028285964394087593,V72_plant_ensemble_noise_free,0.67,261,11.91025757109838,101.22763438787428,1.38474990612105,0.685934568609885,0.9471231860714766,0.236551675146906,1
1.224743276722511,1.0790569406107222,0.876918124956436,0.6591548924786259,1.592324673362062,1.0766481821123695,0.22474327672251104,0.04098573436413761,2140,2275,2276,-0.003278893051726844,0.025270208107797787,V72_plant_ensemble_noise_free,0.67,262,11.930454109263373,116.88231541411444,1.256107498825079,0.6708797488524996,0.7538584709171183,0.0651239109651392,3
1.1451923157341142,1.0344740977805766,0.8353857972622384,0.6314795928604736,1.1104731483964976,1.118156810270229,0.1670364250071641,0.022827768108186326,2119,2255,2256,-0.003533437829379459,0.028952147702745012,V72_plant_ensemble_noise_free,0.67,263,9.442787740027256,145.55989840875327,1.062753596034879,0.8414525785200726,1.0658551586650946,0.0401771475291052,2
1.2404407547362954,1.0944605605345292,0.8788027094884712,0.661838443570985,1.664758793496695,1.2271336032830122,0.24044075473629545,0.04500806269061687,2140,2276,2278,-0.0032399504164822017,0.02590619818040052,V72_plant_ensemble_noise_free,0.67,264,10.766339757290506,121.80335799645356,1.6294456406505566,0.8108855988500985,1.0103560317751958,0.2154333185867355,3
1.2335973907109288,1.1159738921198823,0.8970048824430659,0.6733983354600476,1.623471552398366,1.065452024403593,0.2336926086981197,0.0492567238382185,2148,2282,2283,,0.028466075999745932,V72_plant_ensemble_noise_free,0.67,265,8.95857368938947,85.32651916513609,1.6400982288843722,0.6419559799779895,0.8518934380094388,0.1778887202779651,2
1.1819375060426314,1.0761294782830761,0.8762282594444208,0.6893502748406731,1.2776497768324266,0.7908279722258578,0.19252901145049095,0.034500460324781,2140,2277,2278,-0.0033764175156793686,0.029889939180851144,V72_plant_ensemble_noise_free,0.67,266,5.944162427429183,148.4323869115118,1.1033327007195268,0.4083881364230471,0.790687240228795,0.2124197170845305,2
1.243006205467689,1.1202799215039039,0.8997266166928186,0.6576849921408459,1.7059359548536253,1.153773529473708,0.2435432357181524,0.051947206646673814,2150,2281,2282,,0.028020129806853644,V72_plant_ensemble_noise_free,0.67,267,11.310720099927938,108.09451148157578,1.5718689409194244,0.8767668415026673,0.7523496936819057,0.0607826635825192,2
1.2264272779220877,1.0812478788193287,0.8824579865171792,0.6809671944358134,1.5677607723502798,1.2118390658168776,0.22642727792208772,0.04081709694143903,2140,2278,2280,-0.002535285875573543,0.02680970425047624,V72_plant_ensemble_noise_free,0.67,268,10.391860670046116,106.70514717915964,1.6873073600052235,0.559857368513524,1.0190087218337267,0.1954883408399031,3
1.2063949881171432,1.045846628763594,0.8471286085767359,0.6494102583338387,1.4184938253084758,1.1002716096260743,0.21642715346713004,0.028361057823100302,2119,2263,2265,-0.0034125067519097407,0.04221924279236711,V72_plant_ensemble_noise_free,0.67,269,6.968640644186235,144.27189416684763,1.0400723601618953,0.6906280886211689,0.9330299407650364,0.1365489106719127,3
1.2587692038614988,1.1103624848039486,0.8814168787500508,0.6556918233459582,1.7958696247265071,1.0727553821035793,0.2587692038614988,0.050305698897737464,2140,2276,2278,-0.0030953841426876218,0.024721770200255788,V72_plant_ensemble_noise_free,0.67,270,10.75095547918782,88.70388719259768,1.4763027842936474,0.8111598986167134,0.8558349253296944,0.2339939417454293,3
1.2115925448722444,1.106128406292393,0.8742217058033649,0.6553815513079158,1.456125273423031,0.8459188251262117,0.21243535469665775,0.04194538535082719,2143,2275,2274,-0.0034030301944580226,0.028998844759730247,V72_plant_ensemble_noise_free,0.67,271,6.716677387134499,142.2280973018768,1.081148728254964,0.7011964888063367,0.7826175982052034,0.2288403354792939,1
1.1971215218235411,1.0269249456075378,0.8116330508260793,0.6023368478914753,1.396413834924283,1.1249698993020245,0.2190960362106278,0.024121797061127687,2108,2242,2244,-0.003885573595838175,0.04895704327768535,V72_plant_ensemble_noise_free,0.67,272,6.767760437079838,93.44360701971712,0.894835654660179,0.9436199316817048,1.018659581901525,0.1820528950556765,3
1.2231942190081906,1.0722608402337708,0.8656561645797733,0.6507164511678134,1.548750030357956,1.430227914975388,0.2231942190081906,0.03798959682946333,2138,2271,2273,-0.0030188215382767106,0.030053285946889385,V72_plant_ensemble_noise_free,0.67,273,10.613400784855113,125.57323284958544,1.622421052388238,0.9476995747341695,1.023696897632417,0.0654220346501604,3
1.2204227929147489,1.1301665482610823,0.9226806185515085,0.6951524393911014,1.5317858193493623,0.9734249438567468,0.2288078085841414,0.05242157788010441,2151,2291,2291,,0.029610812389140095,V72_plant_ensemble_noise_free,0.67,274,5.262179055061859,142.76640289374905,1.6688167094769644,0.4866043673670424,0.7937094994660525,0.1576876744828948,2
1.1993060371804745,1.011194351442976,0.829125037658454,0.6277452938223644,1.3362906735769575,1.1102508806743177,0.19930603718047446,0.02025848532611617,2098,2247,2248,-0.0029177949153849766,0.0413723952335614,V72_plant_ensemble_noise_free,0.67,275,8.215832169953474,98.9893187068664,0.8416236531469392,0.6476031130211598,0.9624256481226784,0.1053402445602832,3
1.1685157246678375,1.0523929727050383,0.8480817982693467,0.6521076733250055,1.2119667654436852,1.0896467956240787,0.18233440719465732,0.028187631200088464,2127,2264,2265,-0.0032920616730797423,0.030170965863791643,V72_plant_ensemble_noise_free,0.67,276,9.547946679931515,131.09012185764257,1.2439338007602214,0.7249609113131561,1.04653987009217,0.1276546601645424,2
1.2312505716884754,1.087218584954225,0.8819183020742474,0.6668055537660194,1.6159981565062302,1.074221302992917,0.2312505716884754,0.04300430702204317,2140,2277,2279,-0.002670288821101673,0.025587030572035818,V72_plant_ensemble_noise_free,0.67,277,10.571871669101508,141.0841425825625,1.3443094360060994,0.676250339101004,0.8436953157461059,0.1591079758388446,3
1.2015732294927723,1.0814484713794963,0.8612662812918379,0.6681192690099325,1.533894648955711,1.2396174468180687,0.2674070966928672,0.03154436259440037,2115,2270,2272,-0.003235316114840498,0.062469622859409935,V72_plant_ensemble_noise_free,0.67,278,5.019204424139027,119.67957541902211,1.3398746494532312,0.6045391527417426,1.0033324504763117,0.1417402587504349,3
1.1775931029047992,1.0832835333311084,0.8582113116300045,0.6357448844914193,1.5479991923920395,1.2064000220634346,0.25262245908820113,0.0370581238401184,2138,2268,2270,-0.0031208822563341195,0.04537279033534003,V72_plant_ensemble_noise_free,0.67,279,5.738694098655831,139.6855503107326,1.2200998269876906,0.9573771475932492,0.8669999496026313,0.0660129811618917,3
1.150471315759276,1.0552445638670447,0.8539251392342393,0.666950684897273,1.0675701365850707,0.9364888906512324,0.162599523942085,0.024289499813054106,2126,2266,2266,-0.003590392894923983,0.03124150751784227,V72_plant_ensemble_noise_free,0.67,280,6.850855181118682,87.19684089124104,1.1978009138707648,0.5040128241090985,0.938492752814454,0.0422779435871483,1
1.1874307540062967,1.0064928118448195,0.8179707173266426,0.6151335602322041,1.2954778825219964,1.136534842713787,0.18743075400629672,0.021220177771743075,2099,2241,2243,-0.003529304521526751,0.027799686864067086,V72_plant_ensemble_noise_free,0.67,281,9.93935667164932,78.07515987970724,0.9079757499410462,0.7854733076480979,0.9823855062454818,0.082972805089633,3
1.2132509766927773,1.099643613418815,0.8727085397343695,0.6445972713662976,1.4960880744329308,1.0319396821546585,0.2168841051411552,0.041622197511887386,2140,2273,2273,-0.0028816616496033743,0.028647061385101757,V72_plant_ensemble_noise_free,0.67,282,10.924877261674531,132.48316743446384,1.2130313829613155,0.8485362466113373,0.7723259752224781,0.0720922482088521,1
1.1775568301689376,1.0450548839000144,0.8451060268711093,0.6565306914590863,1.2659518943539703,0.7822259787566187,0.1822412133437632,0.02746218676658988,2120,2262,2263,-0.002618293706750709,0.029402743954639154,V72_plant_ensemble_noise_free,0.67,283,9.2750800129277,117.41789941122228,0.8233689453637117,0.4958269410867504,0.7655421572834278,0.1824341110354615,2
1.1344814044446798,1.0502600738799317,0.8374456601642266,0.6381482584935844,1.0830378307583268,0.9624285531610768,0.1661040474100881,0.02330253082961582,2120,2257,2258,-0.0034302435514382058,0.03399928990837042,V72_plant_ensemble_noise_free,0.67,284,5.177811114485681,133.2003181380829,1.0301661465473813,0.7530181649352947,1.0636217841404505,0.1501076635552722,2
1.1864421604018818,1.0694731569833675,0.8546189272994729,0.6535336416463524,1.3181897875752495,1.0297364082066789,0.1926558643056524,0.031886256714696096,2138,2267,2266,-0.00303486575663695,0.029253704397575575,V72_plant_ensemble_noise_free,0.67,285,11.796500860089076,99.31749300178696,1.2190570303749442,0.6561259573948094,0.8925876325807749,0.0992451818030251,1
1.2047440925452617,1.0899817421672644,0.8637000056334836,0.6560170712687968,1.425645513728389,1.1759748717182106,0.20744201596924206,0.037841507707265035,2140,2271,2271,-0.002696726860537231,0.028937817463348336,V72_plant_ensemble_noise_free,0.67,286,11.553198240837649,101.07056675731874,1.5489941209787172,0.8054928158467418,1.037461868302052,0.171827637972462,1
1.217601530109159,1.1137759387745179,0.8857703896218572,0.6496666819174258,1.523277729170165,1.0926050566899017,0.22704435178326254,0.04692420491864079,2148,2278,2279,-0.0030148087821097666,0.029225665566335435,V72_plant_ensemble_noise_free,0.67,287,6.792492143137142,148.83354937124665,1.4303038239869064,0.967407940189433,0.8358924132660497,0.1042078839759161,2
1.2402060007139784,1.0922765010921003,0.8726629391062604,0.6386657108308582,1.6683484518577139,1.1009153297946703,0.24020600071397835,0.04470950281079541,2140,2273,2274,-0.003320593061546453,0.02724965885795938,V72_plant_ensemble_noise_free,0.67,288,8.733224728648914,141.7505432143278,1.2097753808042573,0.947388514381421,0.7766342406054155,0.1002122256904945,3
1.1320858353788892,1.0397820706107848,0.8207062128605609,0.6095131114220337,1.07703955891618,0.9410005068179971,0.16501152227490024,0.02133856003186729,2114,2245,2246,-0.004152202017846595,0.026012317828282616,V72_plant_ensemble_noise_free,0.67,289,5.165901285022764,100.2211306007666,0.8921681091725694,0.8685703008988466,1.039133399426488,0.1427549702251882,2
1.2355214277145274,1.1213339634508368,0.8770064614934499,0.6484368343779631,1.6208957958116592,1.0230195130198425,0.23552142771452744,0.047957327826892306,2147,2275,2274,-0.0032383146244540817,0.02833466587392297,V72_plant_ensemble_noise_free,0.67,290,8.096074619590679,86.08090324535453,1.421491310397673,0.9280520587967236,0.8187664874616033,0.1751602013270178,1
1.207963556728302,1.047440797382054,0.8528054392323778,0.6563985848937903,1.4407454877734112,1.182759293783173,0.20796355672830202,0.030959061043540223,2128,2265,2267,-0.0031587616051129926,0.03056741274735053,V72_plant_ensemble_noise_free,0.67,291,9.47312425739224,77.39603147010736,1.3022295249810596,0.6420374720980068,0.9079686431841364,0.0671353015633626,3
1.1898322737328606,1.090291889022441,0.8678227622204548,0.6527928778638894,1.3267774389520155,1.2989027503944324,0.19742284021734613,0.0362127496820071,2140,2272,2273,-0.0031769786935329537,0.029913351681385203,V72_plant_ensemble_noise_free,0.67,292,9.793097501584525,142.28213688643586,1.6446402736403662,0.9559252962610254,1.0614117573195587,0.0530893976109589,1
1.2078253352258839,1.0416402882953717,0.8425633351125682,0.6451134413439915,1.412439850835509,1.251987416866724,0.21213506282809225,0.02661960374358125,2118,2261,2262,-0.002888818939386775,0.04489814263980674,V72_plant_ensemble_noise_free,0.67,293,8.16324930870623,119.05722275840012,1.1464494216674892,0.7230542899403917,0.9837592551721112,0.07372433058523,3
1.1333797933460854,1.0374758589442472,0.8424290729894813,0.6485193350864558,0.9670561361697333,0.8708565436010735,0.14730990231224195,0.019197842469173363,2116,2254,2254,-0.003630498222181494,0.02845219358773554,V72_plant_ensemble_noise_free,0.67,294,6.844253389196361,95.12968849779116,0.95953797095243,0.5567412448563919,0.9974996423545482,0.067229023169505,1
1.1598486615361767,1.0448393147452952,0.836436979737267,0.6495500839292352,1.1240671748543325,0.9028820818811435,0.16832454722607815,0.02364011921578572,2119,2256,2256,-0.003210236171334608,0.028516015212436185,V72_plant_ensemble_noise_free,0.67,295,8.98162665059353,79.26118854596848,1.0429372605763647,0.5651335755983783,1.0037042805245853,0.2102840922960332,1
1.2027443894304055,1.0889001946993775,0.8787248425966339,0.664725471849775,1.4362562052801024,1.187854842563131,0.21273067738250395,0.04006775695247347,2140,2276,2277,-0.0032546017527836603,0.029368905314991478,V72_plant_ensemble_noise_free,0.67,296,10.025445385851436,86.91072668972097,1.6242986850635766,0.7292476730043858,0.8959396841490201,0.0539187277471563,2
1.2311978979741183,1.0850770108184724,0.8882964372109778,0.6727420387288736,1.616186056482513,1.3419600269155296,0.23119789797411827,0.04295757829215765,2140,2279,2281,,0.02699273273722036,V72_plant_ensemble_noise_free,0.67,297,11.645377024372046,78.87651154969932,1.799167175343679,0.677927140916915,0.9052760936725128,0.0494532676353241,3
1.2220481539087016,1.073145122035892,0.8610757905011981,0.6427991114843594,1.5396751639004096,1.2375278631284623,0.22531733547916377,0.03775889021142353,2138,2269,2271,-0.0028863159025854282,0.031115376390435046,V72_plant_ensemble_noise_free,0.67,298,8.593786310032591,127.8403633418329,1.3408329567942938,0.912606081475782,0.9094733799013076,0.0824010420567332,3
1.1862111579088677,1.0995568593174796,0.8886886078554271,0.6894479975949814,1.2843036055996784,1.093606983171569,0.1920443863784136,0.03737804007181312,2143,2282,2282,,0.030148044590536438,V72_plant_ensemble_noise_free,0.67,299,6.08195559208929,95.36909980194685,1.7458949347800143,0.468904090526739,0.988223634481852,0.1116973316800973,1
1.1275787267110728,1.048742478526221,0.8517143914834835,0.6673365464346921,1.0793666046864554,0.8560441163148009,0.16535786973692956,0.02311354579934378,2120,2264,2265,-0.0035137941532988595,0.03215897455140404,V72_plant_ensemble_noise_free,0.67,300,5.007132854358841,84.89345946750325,1.0499966179275133,0.4493991577497154,0.8735636715535922,0.0629614142283776,2
1.1429316030919945,1.0249339624956202,0.8477023376107038,0.6715912732466411,1.0416949980023813,0.856250946367823,0.15431155863594737,0.019478921399722515,2116,2257,2256,-0.0027294266943764037,0.024528441917212263,V72_plant_ensemble_noise_free,0.67,301,11.803909244469938,120.46588082873392,0.8869255019930177,0.4111030372643501,0.9105822030962922,0.0866641920853444,1
1.211190570512772,1.0644675042988738,0.8269542984058582,0.611574204613782,1.487657419048545,0.9217394678360533,0.2111905705127719,0.034143038970537345,2129,2255,2256,-0.003139886340546008,0.028100317486984716,V72_plant_ensemble_noise_free,0.67,302,11.180045859682036,107.18669229952113,0.8825310173801453,0.8672979377983729,0.8444844289413704,0.2372030335796799,2
1.1766861794066537,1.0516088498503606,0.850959615203118,0.6584347365132063,1.25665791020313,0.8626073329395001,0.18435982445582355,0.028828283077616326,2127,2265,2266,-0.0032220995476411065,0.029815316011436943,V72_plant_ensemble_noise_free,0.67,303,9.006094825980533,137.9468244726868,0.9381676368750794,0.5665751654514557,0.8266365741682989,0.1572261254407258,2
1.241803849284414,1.1295481202115945,0.9017291091365239,0.6609758309655898,1.689232858707259,1.180569035837787,0.26046048672957123,0.0551165817346757,2150,2282,2284,,0.03292931566714197,V72_plant_ensemble_noise_free,0.67,304,5.920671608557732,143.06471390241808,1.7640378292481789,0.9843665670900152,0.9373488896568596,0.1999985258935812,3
1.2167490680361133,1.0594856540729867,0.8487595811961437,0.6392360267165949,1.4982131055776318,1.2002118382579587,0.21674906803611327,0.03423974649155761,2129,2264,2266,-0.003418093317520843,0.02949210508194322,V72_plant_ensemble_noise_free,0.67,305,9.307831858719233,124.62335308785995,1.2580388644356086,0.8772141355050047,0.9849441828802276,0.1471608232749683,3
1.2527239278509676,1.1325550854899245,0.9089311147619201,0.6758280866024867,1.7443275207120263,1.0941043387887663,0.25272392785096764,0.05534802029646423,2151,2285,2286,,0.027726512367850953,V72_plant_ensemble_noise_free,0.67,306,9.887092070056214,107.68480527264636,1.7533979142263831,0.6892068330306078,0.888031180069,0.2321540568343983,2
1.2335877683535554,1.0882897909959608,0.8696255632034936,0.6435079382504457,1.62210914079605,1.0785987372284542,0.23572280035105586,0.04275246691160217,2138,2272,2274,-0.0033939789853133415,0.029558525534497226,V72_plant_ensemble_noise_free,0.67,307,7.366572506783366,101.58167396065352,1.2561387308501897,0.8525186107376824,0.7644420339691133,0.0889772246872743,3
1.1948958324837582,1.025211011655147,0.8100049698942141,0.6086120923264109,1.3834950560400647,1.053732917011403,0.1948958324837582,0.02613925202102267,2119,2243,2245,-0.003357161685179662,0.025877191524839027,V72_plant_ensemble_noise_free,0.67,308,11.728059936120996,77.07228488681895,0.9194824468863532,0.880063901694581,0.9321728014219288,0.153177939119582,3
1.179148277186627,1.0837000653414712,0.8659603056181864,0.6723431869126482,1.2347058059493294,0.9978477739599243,0.18494552231029115,0.03279405064137117,2140,2273,2273,-0.0032721930533224633,0.030226993254224066,V72_plant_ensemble_noise_free,0.67,309,6.397190455799344,120.39627571428758,1.393893047783011,0.5854873578549283,1.0311347600308376,0.2103553248139884,1
1.1905705001932718,1.075413224091311,0.8618170370174045,0.6595392643877881,1.3381272679058864,0.9637372457779492,0.1989989980233715,0.03496494577078874,2138,2271,2271,-0.0028362740821884862,0.02963572685642024,V72_plant_ensemble_noise_free,0.67,310,7.78768736352869,127.8592693192382,1.2086143396182631,0.6596391927964111,0.9147449329832787,0.1968043537866008,2
1.1698749389547487,1.0561631208296216,0.8430045683098577,0.6410440285583278,1.2022526132760603,0.8595073211180708,0.17828593520757008,0.02716484953945366,2131,2261,2261,-0.0026266195955171163,0.02990250631100677,V72_plant_ensemble_noise_free,0.67,311,9.194103968697686,135.21567436399698,0.8686909719114859,0.6581429176519582,0.8184071585957576,0.1102316186804569,1
1.2172426002681438,1.107976804856104,0.8873524159284305,0.6674190506964686,1.510075777253534,1.187373658912245,0.22207983473300152,0.04533461177424088,2148,2279,2280,-0.002744067494423339,0.029054500338770772,V72_plant_ensemble_noise_free,0.67,312,8.31491237637202,148.58629964187745,1.7016561489513706,0.8221476630568898,1.0286574699784572,0.1987440469992693,2
1.242464434785178,1.076873227066375,0.8425466664202291,0.6603235159995461,1.491299162761543,1.1901226799699784,0.26229055610821317,0.022641898324484867,2064,2258,2260,-0.0030321513280481688,0.08786480850197553,V72_plant_ensemble_noise_free,0.67,313,5.065315020924507,110.86030901428296,1.0522811864612849,0.53539967779966,1.0861466065809426,0.2136931492913703,3
1.1458371510728664,1.0320273628448247,0.8317965191013406,0.6327720252147643,1.030459440850905,0.9056255717830132,0.15625947690440234,0.020289624171391654,2117,2250,2250,-0.0027167219193243376,0.025520650997510774,V72_plant_ensemble_noise_free,0.67,314,9.041915108453338,146.87618008555785,0.8480858720291675,0.7068329813179686,1.090114019937554,0.219090470300201,1
1.1802334917820554,1.0647380116273066,0.8685137738269907,0.6760187735265982,1.2846762061950256,1.0807874723357944,0.1912799568402903,0.032349751847244965,2138,2273,2274,-0.003202576242174605,0.02993343054584141,V72_plant_ensemble_noise_free,0.67,315,10.233203402525618,100.96545599851588,1.4269590385271484,0.5207403797951125,0.935400849569087,0.0829818584554261,2
1.207902799840149,1.1063377307105924,0.8679719844842391,0.6424492601482654,1.4397635329132847,1.029385876699417,0.21270121284113963,0.04109249023180905,2140,2272,2272,-0.0030000608382290176,0.029411993604106845,V72_plant_ensemble_noise_free,0.67,316,6.340074575784573,95.95130470310896,1.3224979723826322,0.9248875586010538,0.8007724867253154,0.073082678545571,1
1.1678491382922616,1.0638798150321376,0.8397901340981642,0.6373754225893593,1.164171894650702,0.9574111613528165,0.17551117536909522,0.027351088532185437,2126,2260,2260,-0.0028608581474145536,0.03045696150646826,V72_plant_ensemble_noise_free,0.67,317,6.906098580425224,144.42831081347057,1.0436643183138905,0.7985900597517732,1.0402772883374325,0.214278329360925,1
1.1450234823308496,1.0218038769789852,0.8480103873926396,0.6685063576049343,1.0802456760621566,0.9697502458262175,0.1601938879964615,0.02095796656168726,2099,2260,2260,-0.00220513843957066,0.027063831482690648,V72_plant_ensemble_noise_free,0.67,318,11.032630664952253,148.0092199476109,0.9857926634397136,0.5059103369340114,0.9534909375674536,0.0485427867170706,2
1.1709575917167117,1.0711426344564166,0.8600542400589342,0.6669327862726336,1.1942034635418615,1.0874305617757436,0.1794669295781215,0.02984866545447373,2138,2270,2270,-0.0029804421354172523,0.030414061938730974,V72_plant_ensemble_noise_free,0.67,319,8.55820718265024,122.20604369304016,1.4168996790827584,0.6385609641723815,1.0620896462783838,0.1272973912645171,1
1.1562201675084949,1.0472393031354397,0.8468540211941591,0.6616540345970147,1.1100007491894286,0.9627608863956731,0.16719569842877413,0.024076601328348227,2120,2262,2262,-0.0026729897627808387,0.030327108022616622,V72_plant_ensemble_noise_free,0.67,320,9.778262617808773,80.45724276691912,1.1571791430272953,0.5148983817501158,0.9533878997972188,0.0779525658243336,1
1.2196786290950077,1.0990747223950104,0.8700137915140146,0.6471016144310584,1.5323171281025776,1.1123466854312316,0.22324013506960538,0.04321807851932045,2140,2272,2273,-0.002995954724102952,0.028846019546788337,V72_plant_ensemble_noise_free,0.67,321,8.92775999247242,121.76759369712111,1.4232751266154924,0.9187348430894064,0.9270751237271434,0.1754095666578121,2
1.2467844312384326,1.1093441439919847,0.9100915823321674,0.6817943665463904,1.7100613648577252,1.1071968769357223,0.24678443123843263,0.050602327390740436,2150,2286,2288,,0.02656130153236025,V72_plant_ensemble_noise_free,0.67,322,9.018528947329692,132.44625912837824,1.5947626709372869,0.5975037541312842,0.7939962259076382,0.1260542006462584,3
1.1432688313841495,1.053770761689906,0.8354025491364152,0.6292403875150083,1.1374607047974943,0.9230987883281772,0.17402351610565714,0.025166649517030185,2120,2257,2258,-0.0033694832687674444,0.032276454629741935,V72_plant_ensemble_noise_free,0.67,323,5.170903933428559,118.9144166336491,0.9569177814461682,0.7735798459423695,0.9294286049297996,0.1043669856309938,2
1.174939893678504,1.0732444454248586,0.844701779375851,0.6371740470053843,1.2124535047717244,1.0849025603769813,0.1822542103685143,0.029933581534758624,2136,2263,2263,-0.0032869760094456067,0.030306828655014106,V72_plant_ensemble_noise_free,0.67,324,7.244883693799649,145.89133319141803,1.2303653003816426,0.9161808519958154,1.0898865687097596,0.1668246323092599,1
1.1745281624482449,1.0802503701586255,0.8831404173294488,0.6931944467939646,1.2268681296173958,1.0249612020372911,0.18386777245353914,0.03301202668666214,2140,2280,2280,-0.002668076987442623,0.03040033950555987,V72_plant_ensemble_noise_free,0.67,325,8.558981900610737,139.3269399990164,1.4761456343288129,0.4317208041462185,0.894864002193511,0.0469658990037954,1
1.1612215688940781,1.0736075948811528,0.8626960107866203,0.6730092278930261,1.1910047862188449,0.9862270028555621,0.18289378845982007,0.031016751776252665,2137,2272,2273,-0.003425269148213,0.0323466231393037,V72_plant_ensemble_noise_free,0.67,326,5.089738408313585,117.37211485195677,1.375581557570766,0.5652102485737993,1.0443095878454205,0.2034619072272892,2
1.1502180931292512,1.033618149904539,0.8485509927417403,0.6704809289078009,1.081920644382054,0.7821581370831852,0.16095747652546266,0.021605621474024627,2119,2261,2260,-0.0020610694182955558,0.0270263022118159,V72_plant_ensemble_noise_free,0.67,327,10.088499299349335,131.20764615108226,0.8165004380335978,0.4199263184143008,0.795299802309163,0.0813145779757107,1
1.144930886871081,1.045181519700448,0.8329014693924552,0.6271236659331136,1.0245832182465582,0.9615611390900956,0.15678575848351128,0.021417815419554263,2119,2252,2252,-0.003232177837180353,0.028970204710961456,V72_plant_ensemble_noise_free,0.67,328,6.261583920019222,110.61842886229282,0.9924589019067688,0.786281310283151,1.0381818811788015,0.0758721082576533,1
1.1808425606367687,1.026880387089011,0.8389653607786299,0.6519759870061309,1.3039829816875979,0.901124467482945,0.18084256063676873,0.02536228963907913,2119,2258,2260,-0.002073744841846394,0.025460942437495304,V72_plant_ensemble_noise_free,0.67,329,11.847024103573611,136.1828686768655,0.8266985613291663,0.5477049160309649,0.811925339222515,0.12510461019435,3
1.1889994574199538,1.0635930498290385,0.8505803047126699,0.6440959454542584,1.3478560330941782,1.1103345398353275,0.19838734710384953,0.03274654323942442,2137,2265,2265,-0.002979683258542843,0.02950574756051605,V72_plant_ensemble_noise_free,0.67,330,10.944823380241116,93.2849752742744,1.270409632029995,0.7843962515650356,0.8993616335413213,0.063712823581872,2
1.197262631699195,1.1028029270673607,0.888502843263359,0.6750136621821079,1.374016862093167,1.0902670269173347,0.20368956093573187,0.04024090376239948,2147,2281,2280,-0.0026689904679991785,0.029807639256570928,V72_plant_ensemble_noise_free,0.67,331,7.888822372607599,95.28931554449272,1.6113460976735328,0.6077365246137253,0.8675815361216344,0.0578236363667558,1
1.196532870850593,1.0725840191724436,0.864851550248799,0.6682560465460892,1.3821945871332881,0.9875055493124586,0.2001738663727468,0.03508652078656142,2138,2272,2273,-0.0029299405846732905,0.029228323928239597,V72_plant_ensemble_noise_free,0.67,332,9.812715428103864,118.4909630073292,1.262646812590407,0.5770784594711583,0.919946785378589,0.2020733819750597,2
1.2054992989324682,1.0793722112219952,0.876699574748973,0.6775557657130852,1.5191450609431034,1.2964142734182282,0.2354195809472237,0.038257748015705695,2138,2276,2278,-0.0033881318312152654,0.042731580780079215,V72_plant_ensemble_noise_free,0.67,333,7.457023909520761,90.80671652273124,1.793024724672628,0.6082523354141559,1.093622816071208,0.1705616393243275,3
1.2101100646348868,1.0320455289530002,0.8313836414188538,0.6338191967852584,1.447804328126183,0.9572976550401894,0.2259615071659291,0.024442033110611154,2108,2253,2255,-0.0035845456118882863,0.05303364231262586,V72_plant_ensemble_noise_free,0.67,334,5.473259284775588,74.85845252870882,0.8321752880028053,0.5845769437281334,0.8003489771167365,0.1286589651731861,3
1.2067364887310452,1.0464656505049605,0.8515959747508395,0.6488227456317242,1.4264418155154142,1.2669405204486266,0.20673648873104522,0.0302891268057955,2128,2265,2267,-0.0033650530879414,0.0317366399143455,V72_plant_ensemble_noise_free,0.67,335,9.821935243819766,149.41429640625813,1.2390723368926877,0.794173907803738,0.9891722471676389,0.0737006970612008,3
1.1425421888378853,1.028897005604744,0.8197101811636299,0.601031339138866,1.027284907341764,0.9686999325223348,0.15546008653247645,0.019459133623703363,2108,2240,2240,-0.0029682236814205206,0.026392990328940602,V72_plant_ensemble_noise_free,0.67,336,8.94688022688119,107.34804260055915,0.8330691211935759,0.8772327422610584,1.06878641000169,0.1019312760809753,1
1.2277544914364191,1.0850202866342267,0.8892407175767557,0.6851335847396541,1.583491847385642,1.107899501801398,0.22775449143641913,0.0421951833879595,2140,2280,2282,,0.026243530718490504,V72_plant_ensemble_noise_free,0.67,337,10.083262974844338,105.4771652460638,1.5656266082256365,0.4883804582306051,0.9002450311443908,0.1734190279789688,3
1.1946362732826763,1.0844298460002388,0.8466133074553532,0.6347757662165612,1.5279685025767942,1.3144255117085266,0.2585110607732639,0.03202805700401608,2136,2263,2265,-0.0035579289327622127,0.05582759230411338,V72_plant_ensemble_noise_free,0.67,338,5.786865015934543,139.635040243743,1.239795363402921,0.9490110832119052,1.0087221790213572,0.096718159558222,3
1.1811955225276534,1.0813943874375618,0.8788190618837031,0.6888497317625346,1.2676510646699455,0.9451309295924079,0.1881365051416113,0.03384297321585036,2140,2278,2278,-0.0032478809039640194,0.029977232155046885,V72_plant_ensemble_noise_free,0.67,339,8.402823938796542,128.75705069029738,1.3425142049844316,0.4333761394287689,0.8704860451190266,0.1217183457419514,1
1.2041787089950264,1.0844689515828567,0.8656035626132454,0.6430109852802167,1.4436410077669315,1.0110672766367124,0.2115591321296988,0.038896365731571306,2140,2271,2272,-0.0028870609504148175,0.029204805912702136,V72_plant_ensemble_noise_free,0.67,340,9.185334330928391,140.10513525342685,1.1412883449955982,0.8311165874240509,0.7894413529866658,0.0834348918220419,2
1.2520224324247846,1.1173047899093886,0.9147178614747028,0.6872015804786695,1.7366767205696656,1.1637043598559131,0.2520224324247846,0.05290721610430914,2150,2287,2289,,0.02662085874325726,V72_plant_ensemble_noise_free,0.67,341,8.83059481029489,142.8161564516069,1.7878633903243069,0.5973707080933144,0.8884092944550166,0.1815670147902792,3
1.2316362245949615,1.1021636400725754,0.89380940187664,0.6847539188726072,1.6219348592170972,0.9356463134889574,0.23163622459496147,0.045569082895132486,2148,2281,2282,,0.027516425002650058,V72_plant_ensemble_noise_free,0.67,342,11.6250838205692,111.51043558392246,1.3631299091401383,0.4544736836970507,0.796189465300181,0.2276515734339991,2
1.2089612753070236,1.0796445627260096,0.8493179303319851,0.6362805646537723,1.4624672424158223,1.1590246841969067,0.21243655665188466,0.03744039670283738,2138,2265,2266,-0.0033893147709744107,0.028976764541440936,V72_plant_ensemble_noise_free,0.67,343,10.337556252604516,115.27527320596906,1.358978243315208,0.9796232736407976,1.0319857975702382,0.2008853098479285,2
1.2254200861991729,1.0793474906428995,0.8819405695993958,0.6703115519137381,1.5613029253992274,1.038698199356384,0.22542008619917286,0.04036616948180181,2140,2277,2279,-0.002769415863231032,0.028392844482292734,V72_plant_ensemble_noise_free,0.67,344,8.210711537614626,142.32321122798376,1.260062356596662,0.6166152475855882,0.79004152475851,0.1138350897282054,3
1.2477279645030845,1.0748819784258061,0.857698857970687,0.6811790562162714,1.5059949331010003,1.3242010663606734,0.2565477426840417,0.024293075541690294,2064,2267,2269,-0.0032605497390108496,0.07986290003503038,V72_plant_ensemble_noise_free,0.67,345,6.15644971468706,112.68238695113295,1.2328792668813464,0.4342057673868084,0.9856693706578766,0.053391090071,3
1.229403846804359,1.1188685733312425,0.8793149981562561,0.6478175642239796,1.5826452033948761,1.128268599662999,0.2294038468043591,0.047049133531523,2147,2275,2275,-0.0035241673698933234,0.0284749005389644,V72_plant_ensemble_noise_free,0.67,346,9.388455329328078,124.40935129151592,1.50963645291773,0.9886089942990024,0.9079845023513484,0.164564717413169,1
1.1540875794625631,1.0349337047399674,0.8136845168917444,0.6093053240134164,1.0808510145524268,0.9777996254247183,0.1649121323413465,0.020956957778365044,2116,2238,2238,-0.002770178412529378,0.02688943356280271,V72_plant_ensemble_noise_free,0.67,347,7.375580079330595,72.87987218126995,0.932239443243033,0.9588548357720844,1.0789885058781448,0.1635090273118373,1
1.2370333065824246,1.0958631167863366,0.8937748285020497,0.6864565560309472,1.6395238658409768,1.0701731901369442,0.2370333065824246,0.04537743921310077,2140,2282,2284,,0.026043800666808226,V72_plant_ensemble_noise_free,0.67,348,9.35588527648562,84.60546126477772,1.6190070330077275,0.4610635074395311,0.8997502789010791,0.223357341658139,3
1.2055801826175354,1.0413762173224248,0.8273585890552713,0.6183243743653596,1.4098839357230741,1.1922987802329714,0.21102382111499107,0.027903766334547685,2119,2254,2256,-0.0036087793966329646,0.03901411704723179,V72_plant_ensemble_noise_free,0.67,349,7.994251153651463,144.07697956114075,1.0290159138707389,0.9635762510316772,1.0720327833251555,0.1872782841914421,3
1.2379392336031696,1.1284597808033245,0.8875329174050894,0.6525671770994993,1.6486313061307716,1.0326343578840829,0.24328733704422656,0.05175981701083754,2148,2278,2279,-0.00285468392879315,0.02919488098724332,V72_plant_ensemble_noise_free,0.67,350,5.398250646152401,86.71975456447188,1.5197880835553734,0.9682073237320066,0.7993658203631505,0.1624521184371558,2
1.2106321772387167,1.0552663652606986,0.8496633136680751,0.6414709291780889,1.4575556017867823,1.4887710788246191,0.21831777777315442,0.03191603687388126,2127,2264,2266,-0.003449628818975208,0.03455685881212722,V72_plant_ensemble_noise_free,0.67,351,10.061588505896117,124.45122817398588,1.500547146318071,0.9825776236049356,1.088996178396899,0.0438031491169791,3
1.2199963339307263,1.1206336986209977,0.8998729948876187,0.6732594901559085,1.529521065125371,1.0995663743645208,0.22762359478505756,0.048917755621735254,2148,2283,2284,,0.029341849483803806,V72_plant_ensemble_noise_free,0.67,352,6.332476063827741,116.99480388606338,1.7157434688758708,0.7199260131253086,0.9070168058878538,0.1661835311380859,2
1.2083465874896326,1.0513309959175705,0.8335810247058106,0.6110495305366291,1.4788665421917198,1.0059918686746465,0.20834658748963264,0.03277977562859415,2129,2257,2259,-0.0024666836014791732,0.02553992562572427,V72_plant_ensemble_noise_free,0.67,353,11.100451425810848,139.74985995696358,0.8351732725241997,0.9014887536372236,0.7756672375620907,0.0870930138740932,3
1.1606456155526619,1.054821231727257,0.8480718972241702,0.6620697473512135,1.13354780972147,1.0980097115954974,0.17133024200901592,0.025600718782921906,2126,2263,2263,-0.0028783565982370024,0.03059477742358796,V72_plant_ensemble_noise_free,0.67,354,9.662424633821232,71.16521650123565,1.3954520529828391,0.6067011829910016,1.072525654005713,0.0826291340241637,1
1.1314940914006986,1.0363263190930376,0.8388947406168943,0.6334709723300757,0.9541882672035897,0.8986502452882318,0.14546833849691176,0.01872076895655834,2116,2251,2250,-0.0029533543960193567,0.02854134703337463,V72_plant_ensemble_noise_free,0.67,355,7.079564310528119,144.03470019742247,0.8557174514633492,0.7041183358228509,1.058915599960131,0.0839926333031043,1
1.1587498267851113,1.0607467319448922,0.8556168912280355,0.6720487077592836,1.1073229975250078,1.006783846712544,0.16825229305176115,0.026194310837599107,2136,2268,2268,-0.00345458229028391,0.03084103151423423,V72_plant_ensemble_noise_free,0.67,356,7.570078264133752,126.85002756208692,1.3037073658310252,0.5549654743074302,1.088547264412169,0.1641286304375057,1
1.1668024748108219,1.0738180430790127,0.8616688079550003,0.6668642298466517,1.1621004926016063,0.9341787853972096,0.17617112991938422,0.02941649908436553,2138,2271,2270,-0.0030253771303215948,0.030741657881285356,V72_plant_ensemble_noise_free,0.67,357,5.930296480733707,87.19501870753166,1.2581524954753864,0.5397505656775115,0.8860945835746717,0.073547210987299,1
1.2466930758753207,1.130259412012386,0.9017354239645308,0.6695994242001588,1.7046341449462188,1.114164784784307,0.24669307587532074,0.053815950292414046,2150,2283,2284,,0.02827334612746779,V72_plant_ensemble_noise_free,0.67,358,8.143580195786306,82.05903509986474,1.7789932836170557,0.783266757603483,0.8766609990503877,0.1945732066781582,2
1.1978066515808845,1.1070609960926212,0.8993505642714146,0.693762961096078,1.3690463920666318,1.0522998915267132,0.2026355115604357,0.0414493673440797,2150,2285,2285,,0.029798300752448048,V72_plant_ensemble_noise_free,0.67,359,7.350916354706706,145.4044884661462,1.6569073172916498,0.4817038984810776,0.9082647414246682,0.1220901097238317,1
1.1724464662764111,1.0611099906997041,0.8616519072315045,0.6842489842167035,1.2140999671268045,0.9724557409071067,0.17894535710628356,0.02854915040823099,2138,2271,2271,-0.0026064776794131566,0.02979314827373969,V72_plant_ensemble_noise_free,0.67,360,10.65971240238778,108.94871228946764,1.2930709577960289,0.4203713146201459,0.9869670073519008,0.1808895707020743,1
1.1937924292661943,1.0861288705266565,0.8828176041284714,0.6808035323857283,1.3682906474455445,0.9869428363394561,0.19990999600159198,0.036890478310892504,2140,2279,2278,-0.002980791099353336,0.02925849612772846,V72_plant_ensemble_noise_free,0.67,361,10.786506167098402,91.9588956846967,1.3711227679034563,0.4576394835179035,0.7870064358806996,0.0579880309066978,1
1.2172699277337313,1.105174933317228,0.878843885272138,0.6576341380779113,1.5104347528663205,1.1739913835434121,0.22224125575276754,0.04440563327324668,2147,2276,2277,-0.003477558478692281,0.029030529751371326,V72_plant_ensemble_noise_free,0.67,362,8.152399738132656,135.7424483549031,1.6174899083493957,0.8978042929614218,1.0194791146843634,0.2009759524924567,2
1.165423209977381,1.047043132936081,0.8259934509137454,0.6207120937641583,1.1719075641772025,1.140645401198645,0.17516396959478997,0.02476922114787933,2119,2251,2251,-0.0027311703908514434,0.028256183124474532,V72_plant_ensemble_noise_free,0.67,363,11.509863292068347,107.1332298445946,1.1318893029419024,0.941137451588774,1.095536020994115,0.0965610396746312,1
1.2389240428104367,1.0939008246952253,0.8849380566170365,0.6612593705093813,1.6575094421818881,1.3665899887703876,0.23892404281043667,0.04519267464381406,2140,2277,2280,-0.0026461276855840646,0.027127925877791448,V72_plant_ensemble_noise_free,0.67,364,10.9840486664894,133.98504386288087,1.7545371515462156,0.89738896133834,0.9944107821413696,0.1181787909834641,3
1.226653054098322,1.1043897147738195,0.8636566292245194,0.6429779459264424,1.5717283721260307,0.9706355579075412,0.22665305409832204,0.043288527396053385,2140,2270,2270,-0.002668291765864384,0.028231373297980866,V72_plant_ensemble_noise_free,0.67,365,9.74600696653592,82.51563583093281,1.2452077317154604,0.8390368063874598,0.7975883612901601,0.1774212875112565,1
1.1906483647762,1.0883955328383284,0.866743335047888,0.6556017150266418,1.3343800188711774,0.9677678879754875,0.1981973003686639,0.03593724736655714,2140,2272,2272,-0.0028944242492675693,0.029819914196170583,V72_plant_ensemble_noise_free,0.67,366,7.648061696882519,82.99186961783248,1.2633030618527177,0.6705041191120202,0.7861914859557454,0.0529558342205613,1
1.2304826270769638,1.0801266706336412,0.8637880439480272,0.6508083133403415,1.6145509414685315,1.0650920854944572,0.23048262707696376,0.0408313291703541,2140,2270,2272,-0.002646945244351288,0.02527837320875581,V72_plant_ensemble_noise_free,0.67,367,11.05009281871082,98.42781000811593,1.2852521279695486,0.7399456904625141,0.8606966307057475,0.1812047287888059,3
1.2052672927807575,1.0856811628567684,0.8594792191646852,0.6542038385507964,1.4299414293155888,1.0160540469910888,0.2066533508251096,0.0369447099587767,2140,2269,2269,-0.002796950384130523,0.02868674556812012,V72_plant_ensemble_noise_free,0.67,368,11.121543050121993,102.27901025415386,1.2889621106097582,0.7002157831350722,0.9400043051637436,0.2169162880822377,1
1.2040737760135247,1.0280864864004746,0.8368542997507957,0.6427877329379514,1.3793197802119244,1.3434993433017839,0.20407377601352472,0.023416425910669995,2108,2256,2258,-0.0030271869253046205,0.04298620172380341,V72_plant_ensemble_noise_free,0.67,369,9.485197076217188,107.60594566125448,1.1655270581745052,0.7210778428644886,1.066933438825654,0.0605499907495659,3
1.2020345749325956,1.083915876374079,0.8473726838909044,0.6356149113553762,1.4027260285693595,0.9559933635063897,0.20462118517704497,0.03578290639109381,2138,2264,2264,-0.003052653420395782,0.0290258283370044,V72_plant_ensemble_noise_free,0.67,370,8.959909556737268,101.12994806685371,1.121402211794769,0.815701087755933,0.8906218031893657,0.209379049675182,1
1.2126769060989095,1.1088739448192269,0.8942295172519664,0.6854866043447227,1.4723736317730909,1.094009240797544,0.21398208502141025,0.04362003658134156,2148,2283,2283,,0.02891104034253278,V72_plant_ensemble_noise_free,0.67,371,9.875556565568658,92.91257571794893,1.7297096963290768,0.5102759458079399,0.9492395954024998,0.1795337851408038,1
1.2171531363156884,1.1069312261058735,0.8893644217986424,0.6754099450482279,1.509628855031238,1.109576489312166,0.21784367726616738,0.04373014031002,2148,2280,2280,-0.0024546924748247564,0.028552275026825225,V72_plant_ensemble_noise_free,0.67,372,11.469964240264924,115.31595181425746,1.6153915165790942,0.628695971210712,0.9286503352313964,0.1661401997292784,1
1.2327733622401889,1.0884007995519671,0.8837155019334806,0.667027496697939,1.620102041470961,0.9871684243951432,0.23277336224018885,0.043420647511949025,2140,2277,2279,-0.002657633465243391,0.02617515718560348,V72_plant_ensemble_noise_free,0.67,373,8.910273884169916,119.40143911320006,1.2552404473809888,0.6125830652506339,0.7622289234960552,0.1476790390347792,3
1.2231943460434507,1.110226905274549,0.8594450464065343,0.6255557798449106,1.5331737193583421,0.8441942095705305,0.22319434604345068,0.04366974100231479,2140,2268,2268,-0.0033647791543931138,0.02860421308892369,V72_plant_ensemble_noise_free,0.67,374,6.639342272723984,137.96478044347035,0.9463003269568746,0.9182693298359856,0.7530931156960309,0.2308345043730621,1
1.2407685374179147,1.1338469722627527,0.899244156821745,0.6706604639213274,1.6479020674625613,0.8933782071628878,0.2407685374179147,0.05215092670456111,2150,2283,2282,,0.028152259054333717,V72_plant_ensemble_noise_free,0.67,375,7.205282831233472,79.79293101737966,1.4303095761228717,0.6111951346369605,0.760226783103534,0.2357602411687194,1
1.1514285497469638,1.042783439663629,0.8216709151874093,0.6176333371684416,1.1451192600773845,1.0440071698270033,0.17464416678124062,0.023950873752005913,2119,2248,2249,-0.0029704914871466507,0.028822006813945755,V72_plant_ensemble_noise_free,0.67,376,6.536317027488625,93.93455363505996,1.0548752840545133,0.9337085636725486,1.088340713200706,0.1572111409327437,2
1.231705179098246,1.1112920584664376,0.8713703257478226,0.6342915885017968,1.6126877286775407,0.9741294130796584,0.23487968028183914,0.04721021660202771,2147,2272,2273,-0.0030845994999052174,0.028594095848021084,V72_plant_ensemble_noise_free,0.67,377,7.200066864027251,118.26930961941642,1.1904272088346153,0.9752617180410684,0.759330352043214,0.154205843819146,2
1.1428885745235942,1.0221495403781862,0.8189641246732751,0.6079476168135045,1.090150952398295,0.932725520983303,0.16398508020417957,0.02052385437346895,2099,2241,2242,-0.003465833267257105,0.0240168205087401,V72_plant_ensemble_noise_free,0.67,378,8.046848536288527,85.25743378860962,0.8208203477726159,0.7871737222309212,0.9418501170444628,0.079425909517771,2
1.168600942633712,1.0771895836504333,0.858561291061646,0.6584222248936451,1.1650795087531107,1.0124047415552242,0.17632951352778137,0.02974883635450996,2138,2269,2269,-0.003377248213755015,0.03048003054395454,V72_plant_ensemble_noise_free,0.67,379,5.563523704073526,145.6955658586603,1.2660424194215851,0.7168980240819354,1.0068148661839786,0.1202319757230174,1
1.187956735357926,1.098007124504745,0.8879871354621738,0.6898980653329403,1.297562362451959,0.9214687405594307,0.1934357580089887,0.03758917925933886,2143,2282,2281,,0.03009365122493346,V72_plant_ensemble_noise_free,0.67,380,5.877566532863209,133.62890714095016,1.399066921409761,0.4518929953904343,0.859472463363002,0.1499445261476676,1
1.189739856673092,1.1004090515582288,0.889173771682666,0.667222886037076,1.6220464734314732,1.1967561036664316,0.25413445567489235,0.04443403125914729,2148,2280,2282,,0.04205580408728271,V72_plant_ensemble_noise_free,0.67,381,5.673220430928248,130.1943836624184,1.5988157766301552,0.7634256734999496,0.9010475144795054,0.1137261694404543,3
1.225012333844877,1.1154529599140712,0.9003767771265334,0.6795038450677263,1.568550568579916,1.0631606542767444,0.22598452632772625,0.047105580689833976,2150,2284,2283,,0.02839251926846731,V72_plant_ensemble_noise_free,0.67,382,11.1402475166216,71.96869403095104,1.6477841056075355,0.5401786786125153,0.8027361326767621,0.1097240899400291,1
1.1845822662980527,1.0828433784817764,0.857044484826567,0.6565629734077444,1.5933441183290546,1.3165685872204944,0.2617532099109774,0.034344347805031095,2126,2268,2270,-0.0030728683051868245,0.054734298092387945,V72_plant_ensemble_noise_free,0.67,383,5.338438715897972,90.34430575842528,1.499010734143646,0.7721413183291039,1.0419323464682002,0.1397377703771524,3
1.2721019844528159,1.1536910166641159,0.9219913551466351,0.6691511900430905,1.8705987605074044,1.1091279498651914,0.27210198445281586,0.06310453371654878,2151,2287,2288,,0.02732478966158869,V72_plant_ensemble_noise_free,0.67,384,9.554613597226112,148.89006104648195,1.759428087406127,0.8912723310520245,0.8442696378519975,0.2206463288079423,2
1.2169138710435652,1.0735338103410923,0.8784742298077708,0.687773565305336,1.52834222588285,1.0064778022538634,0.2169138710435652,0.03828984987257192,2140,2277,2279,-0.002463489606446054,0.02518610363292595,V72_plant_ensemble_noise_free,0.67,385,11.62848960687478,113.02367078242708,1.3667429700809808,0.4193866193458658,0.8858789227622764,0.2176775769338602,3
1.2374489456151827,1.100547498074099,0.9081710150968167,0.69617358272698,1.6375155627389053,1.147259356826672,0.2374489456151827,0.04708809126727684,2150,2286,2288,,0.028044932608690898,V72_plant_ensemble_noise_free,0.67,386,8.420951777962973,92.76583111456594,1.797470851077899,0.4065684501226826,0.8890411660869546,0.1587014828457312,3
1.1990467358237673,1.0938652387316223,0.8791652342778258,0.662505814575958,1.402432987812246,1.242649924173593,0.21059509427208,0.040490926574897945,2141,2276,2277,-0.003424220768151323,0.02949988061835085,V72_plant_ensemble_noise_free,0.67,387,8.727518475444075,135.83414740244675,1.6912586604163011,0.8482563677476698,1.0172764001334884,0.1015476958696832,2
1.1590243654210424,1.0628412556661213,0.8549898867208746,0.6636023163891577,1.1113831483366026,0.9539253020790059,0.1691897936739466,0.026583444689108636,2136,2267,2267,-0.0035538943842611057,0.030908742333676686,V72_plant_ensemble_noise_free,0.67,388,6.8654961356949045,136.12548329838015,1.1681198298324906,0.605475570011972,0.9775430118859008,0.1106810566168988,1
1.1988329282681034,1.0937279844462242,0.870600369304182,0.6582642237476357,1.3898723451245667,1.3350218111936174,0.2051162273117344,0.03814330771091382,2140,2273,2273,-0.0029278369970305684,0.02950468952654628,V72_plant_ensemble_noise_free,0.67,389,10.967558643588694,99.3404489347812,1.7993736970033685,0.9155887332409666,1.0590375198161246,0.0644507598646714,1
1.1975294058764165,1.0378722994395786,0.8525583075902494,0.6618148631981078,1.3799574253816436,0.9773338869917226,0.19752940587641654,0.02876200713351279,2119,2265,2267,-0.0030864914117606965,0.028357990530262223,V72_plant_ensemble_noise_free,0.67,390,8.987187468766788,73.20057981176586,1.0648597199086995,0.4783909900882127,0.7748587071598245,0.0594987260457497,3
1.1987393606907273,1.0392728353157064,0.8393079221995597,0.6377608669791821,1.3870847209578425,0.8980689735716522,0.19873936069072728,0.028875630830854773,2119,2260,2261,-0.002559884950731207,0.027388787865548547,V72_plant_ensemble_noise_free,0.67,391,8.509788602121876,129.7793693920083,0.8315550265172232,0.6537875815677598,0.7971865999028906,0.1576105037689634,3
1.1832792343185625,1.0534629424813187,0.8596868133961186,0.684641896582967,1.298520598395652,0.9835796150141711,0.18591266019310493,0.02968001468787528,2137,2270,2270,-0.002371234961343654,0.029210929558633802,V72_plant_ensemble_noise_free,0.67,392,11.545812104259362,113.21157553616338,1.26882842983286,0.4160735220299265,0.9962901298134378,0.2359458036678871,2
1.2121103232356565,1.1209559075350808,0.9043704435364731,0.6868728024338563,1.4582854050923255,1.0440265638590085,0.2142392860692841,0.04615664389645557,2151,2286,2286,,0.0293577598834589,V72_plant_ensemble_noise_free,0.67,393,6.737225980399963,130.71397641974357,1.6771099881852716,0.5544182113637928,0.8901323048554667,0.1567109355968337,1
1.2680237620621795,1.1204266149368365,0.8864108149365393,0.6475317250518455,1.8615436537683587,1.1088609625743537,0.2680237620621795,0.05379299563035968,2150,2277,2279,-0.0026627562563332906,0.024504876418520505,V72_plant_ensemble_noise_free,0.67,394,11.36178894372044,115.57529322146208,1.4582056028163404,0.9638544683468372,0.8287815501944932,0.2036122116904878,3
1.1817709183624983,1.0779457112496058,0.8777928074482322,0.6910666233481568,1.2757940721748353,1.0300108508179235,0.1882360982837128,0.03332989621831207,2140,2278,2278,-0.003184503343859103,0.029768309998101428,V72_plant_ensemble_noise_free,0.67,395,10.196847490499326,148.19535616193832,1.4403237103010038,0.4536210844566339,0.9480307306220558,0.1266327551033207,1
1.141627872619149,1.0288672314410272,0.8479112439224565,0.6730091105130996,1.0273530803503637,0.999284224582863,0.1536110498564538,0.01982922695561712,2117,2258,2258,-0.0025831455935223977,0.02527130027971436,V72_plant_ensemble_noise_free,0.67,396,11.973396419742762,85.23226443190595,1.1679120728803796,0.4240326153187436,1.0908373853995512,0.0968085493667929,1
1.2100263788463979,1.0562895411599451,0.8569660408134718,0.6553549954264132,1.4796512065208418,1.0393350804223669,0.21002637884639785,0.03415654864295626,2138,2267,2269,-0.0027215374603310034,0.026252862111955766,V72_plant_ensemble_noise_free,0.67,397,10.428062767327075,75.1250328993846,1.1914612179237718,0.6021575823951612,0.7993219805059033,0.0853621957429705,3
1.2220190947607321,1.1244060566940317,0.9073754849190375,0.6677903869395067,1.5583962521307653,1.163941294878956,0.2324824758851325,0.05094750431505462,2151,2285,2286,,0.029252808614207648,V72_plant_ensemble_noise_free,0.67,398,7.159746828242004,126.07002264193495,1.738015607792324,0.8346869047652377,0.8180328652485942,0.0571160700086354,2
1.2051124056881837,1.1134852354664961,0.8986825315445591,0.6746897144136744,1.4387540941650807,1.1440811269322164,0.21835895665332417,0.045884268315228655,2148,2283,2284,,0.030064759747000513,V72_plant_ensemble_noise_free,0.67,399,6.266840811021766,146.17857559876393,1.7289077219528273,0.7432239359852657,0.9280689297097012,0.1119312234174805,2
1.2005177948501804,1.0832507359382066,0.8618410646030705,0.6548593091763292,1.4082373066023421,1.0771248560161317,0.20467934716116587,0.03625956417060208,2140,2270,2270,-0.002637832063168621,0.02890854162540757,V72_plant_ensemble_noise_free,0.67,400,11.78992764290374,88.96958329539382,1.3609571246985417,0.7111575230294621,0.9003479147867326,0.1172212875517482,1
1.2305260905852626,1.118047678329998,0.8915500508234946,0.6633005749567159,1.5969806333886067,1.194901622484731,0.23241639175852247,0.04908882569034404,2148,2280,2281,,0.028693842719250906,V72_plant_ensemble_noise_free,0.67,401,8.559801520409135,145.68914897020238,1.723796376050689,0.8982241927431008,0.9975545078887532,0.2030690166336894,2
1.189873367578678,1.0953083282997818,0.8761992303210937,0.6552212786271296,1.609976246311572,1.2314043826161103,0.25252288484107654,0.04290534281288028,2147,2275,2277,-0.003615931628282562,0.0435974846987901,V72_plant_ensemble_noise_free,0.67,402,5.691020570802678,145.41066080089792,1.550405274752169,0.9154888187455364,0.9947055308446592,0.1642262534364988,3
1.201481612202467,1.0971834737789108,0.8665988960677362,0.6556074924518546,1.4141428008998218,1.1490424360708236,0.21519722954633225,0.04039628423899626,2141,2272,2273,-0.003092328826318584,0.030549230559932417,V72_plant_ensemble_noise_free,0.67,403,5.948785226815181,77.63082479404406,1.6257496811855967,0.9384570401693022,0.9813679378555112,0.1420461313550798,2
1.2620800678782436,1.1119177819027248,0.8869162026557678,0.6542575617573492,1.8293176724831026,1.132779931696155,0.26208006787824356,0.05160649481711165,2140,2277,2279,-0.0025187148027417793,0.024840540808694245,V72_plant_ensemble_noise_free,0.67,404,11.247656674640291,77.66810623411563,1.5193528509932963,0.8958533209134111,0.7687453412657396,0.1256977035196022,3
1.2410372593537424,1.149191923840924,0.9174440598306787,0.68335516243639,1.6370365125888078,1.0024152876704815,0.24103725935374243,0.056009789263712646,2151,2289,2288,,0.028407780085380807,V72_plant_ensemble_noise_free,0.67,405,5.424468004979971,95.59381706019776,1.7749243198753155,0.5956390347580313,0.8517593147936102,0.2293766717817013,1
1.1760400170416423,1.0524289477083828,0.8398904561010879,0.6449245842718326,1.2429870335172049,1.0167322691058251,0.1856019282954009,0.028484067325342952,2127,2260,2261,-0.002711895055227841,0.029960927836517603,V72_plant_ensemble_noise_free,0.67,406,9.025644787114318,107.298872162654,1.1630190391194797,0.7162320139785034,1.0467123151201625,0.2199675306111871,2
1.158553856873583,1.0402030548611,0.851380659121958,0.678341248333851,1.1425157740780973,0.9752649682771828,0.1717354880066475,0.024844233488100352,2120,2265,2266,-0.003247723935900429,0.030507442023648856,V72_plant_ensemble_noise_free,0.67,407,9.27864014468796,73.75500708750587,1.268327088594248,0.4036144756712601,1.032784936541015,0.1751189452048432,2
1.2347167137067356,1.092773164801253,0.8873254766322763,0.678352959626186,1.6158666959700096,1.1914187028708687,0.23471671370673564,0.04399326471033804,2140,2279,2282,,0.02819267721376484,V72_plant_ensemble_noise_free,0.67,408,8.546636087443837,91.81629479229572,1.726802823360578,0.5927701541833272,0.9897357073274978,0.2065255083760397,3
1.169204650822281,1.067524799333931,0.8483421907556867,0.6452650551459668,1.1863022873522102,0.9875201240537906,0.17903100903272517,0.028695234119909305,2136,2264,2264,-0.0032437666981158515,0.03050257623455299,V72_plant_ensemble_noise_free,0.67,409,7.447973702086157,99.83225469680116,1.167772603230024,0.7219105894984084,0.9136905019853566,0.0699825402719048,1
1.2013668423154666,1.1063263714173353,0.8689801438578822,0.6474682828909063,1.3809812410411761,1.017021785744533,0.20455038628094546,0.039743118106778844,2140,2273,2273,-0.0033356200373046386,0.029398372976424447,V72_plant_ensemble_noise_free,0.67,410,5.206659258917591,132.47465946620605,1.3171849854237836,0.8777018735464635,0.9031429501710014,0.1516225039816103,1
1.194011130374383,1.0898383759635235,0.8636583242521261,0.6552500357836575,1.3509575746070586,1.0569266112042262,0.20035280587829485,0.03624679774849335,2140,2271,2271,-0.002845497303771337,0.0297244391034448,V72_plant_ensemble_noise_free,0.67,411,7.863402068733372,79.32196071021234,1.4103980470111916,0.7553835523566196,0.8921873451021604,0.0936689225899522,1
1.222434207451394,1.0778212734386066,0.8776603636414888,0.6780755978440091,1.5520681730811687,1.1691103196186785,0.22243420745139408,0.03974680887584256,2140,2276,2278,-0.003047674844333111,0.025726084752051515,V72_plant_ensemble_noise_free,0.67,412,11.576267389641153,130.66873418442373,1.5540124660546404,0.5893155241941855,1.0069531722696974,0.2088601537016196,3
1.19478286979464,1.0937143441344286,0.8728317069716678,0.6605260393033345,1.3573052036597515,1.2257505425121693,0.2008231042368498,0.03764119323431716,2140,2274,2275,-0.0036820652104941074,0.029683433946830373,V72_plant_ensemble_noise_free,0.67,413,9.663481085614876,129.45688175300404,1.634276876287997,0.8303195716119749,1.0313085053733766,0.0946624297191693,1
1.2352606791809584,1.1126494599728454,0.8997879849117006,0.6717488471309198,1.647127329524661,1.0363697036803494,0.2352606791809584,0.04909269013992296,2150,2282,2283,,0.028042867345499545,V72_plant_ensemble_noise_free,0.67,414,10.736966610164536,110.03902563835828,1.47922647059975,0.6360978928027521,0.7695619783148037,0.1296314859445774,2
1.1806087551206836,1.0596713171937582,0.8537361418394085,0.6608831242354646,1.2741337626158287,1.0139515206745968,0.18855896619421153,0.03065048044419991,2137,2267,2268,-0.0032225703869753434,0.029849767457614362,V72_plant_ensemble_noise_free,0.67,415,9.367556296344569,147.74651771449564,1.1939782190723365,0.6592885151224483,1.0139112038960647,0.2097855932264881,2
1.1899256352439391,1.0702174083007452,0.8329714713531834,0.6277851911808852,1.3207755195603463,1.06816083544753,0.19462172732526128,0.031268723480631595,2131,2257,2257,-0.0032337977918538686,0.029479137865400462,V72_plant_ensemble_noise_free,0.67,416,9.399566815790417,95.89550816899516,1.1975040084424022,0.9465190637817336,1.0420351955907603,0.2082986851114942,1
1.1398339278375142,1.0252247799853058,0.8407035053227763,0.6567740796130002,1.009120386598549,0.915836025558165,0.1511317010274993,0.018783824703596217,2108,2251,2250,-0.0022683598218077106,0.024454915552912793,V72_plant_ensemble_noise_free,0.67,417,11.122168938247071,77.30716500931032,0.9915353408672758,0.4690326676526528,1.0756962323645602,0.1641795415956833,1
1.1310088036984836,1.0395934383303582,0.8409677377167417,0.6408007401030583,0.9315877786097216,0.7959019094850635,0.14335248850886817,0.018530106067268036,2116,2251,2251,-0.0032872485017987497,0.02961541446751159,V72_plant_ensemble_noise_free,0.67,418,5.233352023396017,109.07737171436388,0.8335276808021633,0.580633538732894,1.0189825948009053,0.164016344330043,1
1.1881726282554408,1.0946100375442018,0.8728150111015257,0.6564150409363112,1.310329108924055,1.1507136723494897,0.19579892392039278,0.03667621497003137,2140,2274,2274,-0.003517098484195768,0.030122384075291997,V72_plant_ensemble_noise_free,0.67,419,7.398966258856007,136.38986815298065,1.4923725312957965,0.8413672838259512,0.9401124146632396,0.0421909950804908,1
1.2048559431845058,1.0617392412410176,0.8286049363996842,0.6171346431750752,1.4481882423816776,1.052987723558744,0.20704649950346976,0.033212731339351174,2127,2255,2256,-0.0031073793136877307,0.028595931251510276,V72_plant_ensemble_noise_free,0.67,420,11.708621729371986,95.8804128579951,1.0577380867048207,0.9509723085328944,0.909906236682415,0.1675489571722938,2
1.1896292766599084,1.0835701426372446,0.8709621645806895,0.6526543043019094,1.5604565844942184,1.4544991625973762,0.24832316721531256,0.03854826949062341,2138,2273,2275,-0.003725736873436587,0.04053549195483486,V72_plant_ensemble_noise_free,0.67,421,7.57791904327381,135.4873784047806,1.6521383085367105,0.9649730811265672,1.008916680008903,0.0441932431589029,3
1.219454606014046,1.0916586403028214,0.8824637931002128,0.6587208128707583,1.57844352892955,1.1599572552534458,0.24109369984941376,0.04282541984753435,2138,2277,2279,-0.002965196247830877,0.03362831474914674,V72_plant_ensemble_noise_free,0.67,422,6.95654963601023,133.69267025342975,1.4341556284338934,0.8028172615278923,0.8443360234724131,0.0842970739093832,3
1.2560942652555207,1.1384096800180508,0.9049123602869109,0.6627782371793317,1.764048124614547,1.0316546758077345,0.2560942652555207,0.05685796761430024,2151,2283,2284,,0.027915749205359885,V72_plant_ensemble_noise_free,0.67,423,7.972518507921444,118.30458676361076,1.5680272933455648,0.8365865640127182,0.8154687011347923,0.2177012230344752,2
1.213623762605393,1.0974046088294571,0.8984093824622077,0.6846998230570273,1.5062252447602897,1.0588422445905374,0.21714414136405513,0.043625409752428415,2148,2283,2284,,0.02887747732395285,V72_plant_ensemble_noise_free,0.67,424,10.480574759894282,135.83142592956588,1.5054541406215918,0.5307138838540026,0.8074059830399071,0.093302938413809,2
1.2064950933012206,1.0194648890720566,0.8237238811159859,0.6242420125201429,1.377332579408244,1.2261579896533696,0.20649509330122062,0.020362552515189754,2099,2243,2244,-0.0036830546274426806,0.04809059232093893,V72_plant_ensemble_noise_free,0.67,425,8.14289157279984,78.96123882250939,0.9553856167823092,0.7383106141864805,1.0729301990446405,0.1386108075169428,3
1.1577874745393126,1.0373027920665068,0.8198496322962986,0.6146845247207943,1.1424472368272023,0.9678746041085272,0.17355288443157701,0.023669077354326645,2119,2248,2248,-0.0031133347961645494,0.027501587343071288,V72_plant_ensemble_noise_free,0.67,426,7.341380960810272,103.11401514959032,0.944935541266404,0.857824680254259,1.0720497598351026,0.2242949010100316,2
1.207217547197317,1.0600409096329926,0.8803229570089047,0.689075182630019,1.4558443558398086,1.2018798796816441,0.207217547197317,0.03511017045041617,2138,2278,2280,-0.002424331810263173,0.026798133737636176,V72_plant_ensemble_noise_free,0.67,427,11.674968252675235,101.83059055137412,1.565014288634504,0.4288069372800562,0.9145079981872908,0.0658664749832029,3
1.1900787660787,1.1049743728400365,0.895109503065617,0.6929387411045062,1.309569547137826,0.9950981485105574,0.19535378413866855,0.039229646665284806,2147,2284,2284,,0.030048229511066005,V72_plant_ensemble_noise_free,0.67,428,5.453954743658692,112.9882196416983,1.5975618800905034,0.4342252687814062,0.8838528853644028,0.1115973307391703,1
1.190439775360681,1.0958273115846495,0.890064549562259,0.678914954227468,1.3570026078716104,1.0480207680420977,0.2053769887172472,0.04030496662152897,2148,2281,2282,,0.029869418635137812,V72_plant_ensemble_noise_free,0.67,429,6.64603957958456,136.65030189542415,1.5217892907669677,0.6014349285207485,0.872925760166108,0.0894726822531963,2
1.1965850183151872,1.1020324767923362,0.8916069708998825,0.6771699560114928,1.3932193200645624,0.9329223877217702,0.21101592632672062,0.042251829826580975,2148,2281,2282,,0.029893570321905427,V72_plant_ensemble_noise_free,0.67,430,5.596851648252125,82.75205321213943,1.4295856843671997,0.5190552813839907,0.7632909966807621,0.0940558350173037,2
1.1492004554835895,1.0397541856634995,0.8391588633103703,0.642496169365349,1.0686911262564407,0.9628213164025246,0.16106918154688832,0.022064712355491563,2119,2256,2256,-0.0033120617285302832,0.027884952227892668,V72_plant_ensemble_noise_free,0.67,431,9.720020392496856,138.0908826107241,0.9678727746795938,0.6821849287062627,0.9982840247698264,0.0827827516703463,1
1.1783621340460342,1.0593588098692743,0.8481447545117062,0.6569983709541927,1.255757607653253,0.9588046471397101,0.18344824957459438,0.028629655587737845,2136,2264,2264,-0.0028197683993533055,0.02939661960118256,V72_plant_ensemble_noise_free,0.67,432,11.27254857640187,148.06464646799935,1.062031345255109,0.6363967083939356,0.97205579675565,0.2075864750747399,1
1.1897126073941242,1.078786396009051,0.8617517853837316,0.6614998752688208,1.5544664657261777,1.1784176601522034,0.2510654185563801,0.03711025562512255,2138,2271,2273,-0.0032646428519070786,0.05097778078313264,V72_plant_ensemble_noise_free,0.67,433,5.355474937470346,83.31153365532442,1.4974684836304422,0.7076501916911624,1.0223341462555728,0.2110440047857729,3
1.1525748592714367,1.0472631676469473,0.8543513478941549,0.6671824457482961,1.1427302271551487,1.0571174418439797,0.17245550036352464,0.025882655798192572,2127,2266,2267,-0.003379049446119649,0.030348168078162763,V72_plant_ensemble_noise_free,0.67,434,8.524059134901137,117.80446004462966,1.2718965155196842,0.5714235543623823,1.0104741103143278,0.0707003236819789,2
1.1534171928528174,1.0474054395462122,0.8573049592773192,0.6757448410145495,1.1373790176650254,1.0495991127559083,0.17190677031583834,0.025938014934863734,2127,2268,2269,-0.003096337999158199,0.03040129123982127,V72_plant_ensemble_noise_free,0.67,435,8.555864597191054,134.02152556347772,1.2985606164776953,0.5296461900988492,1.0451903833832985,0.1070952369469161,2
1.2145534582010793,1.0850432782109012,0.8617476728265976,0.636068957473168,1.5164370559250657,1.1088954793665422,0.2171956528149066,0.039920183342202493,2140,2269,2270,-0.0027238008193598115,0.02851747056870746,V72_plant_ensemble_noise_free,0.67,436,11.795473881461962,147.71828370954722,1.1950738650735937,0.9452623646071742,0.8452284677095033,0.0972836603492583,2
1.1605548579866676,1.0658783451830594,0.8660779643558971,0.6814252692905972,1.1267949499413117,0.8386584550347399,0.1710967675570707,0.0278097813302833,2138,2273,2272,-0.0029089414230807973,0.030874337304177324,V72_plant_ensemble_noise_free,0.67,437,6.499341741302648,119.73339509756929,1.1118952065674446,0.4249579071989118,0.820499179400041,0.0776250903511955,1
1.2042521045439738,1.074855834998171,0.8850151977928777,0.6911367268863151,1.503314106938864,1.2526764010583349,0.2300881872639935,0.03688480048032526,2138,2280,2282,,0.04217568187104104,V72_plant_ensemble_noise_free,0.67,438,7.383145232810676,142.44850548796646,1.6742178439015194,0.4979945997527288,1.0138696298354062,0.126503078645846,3
1.174348214763303,1.0606175424688788,0.8210817228469762,0.6108347064988207,1.2082988696408115,0.9700770839697634,0.18135129107830217,0.027099270887134867,2126,2251,2251,-0.00310215898799948,0.030179745817165538,V72_plant_ensemble_noise_free,0.67,439,6.8374030787829,103.35718461588222,0.9841756356763982,0.964508563113385,1.026472264708636,0.2179121029788902,1
1.2437663411354372,1.0961421553286232,0.8771373715491505,0.6477451908813926,1.6968852311400393,1.2152997691332823,0.24376634113543716,0.046091633392186304,2140,2274,2276,-0.0035372883070607726,0.02591411105598307,V72_plant_ensemble_noise_free,0.67,440,10.796034086410035,128.3777920746277,1.4696026074982411,0.9505961197005032,0.8818839273987618,0.1297153797022207,3
1.1572425769554506,1.0662821775711107,0.858254168097282,0.6597547660833285,1.1964764803926697,0.9309329141030491,0.1820715695685693,0.02965545637343706,2136,2269,2269,-0.0031992916788878326,0.03083635730029033,V72_plant_ensemble_noise_free,0.67,441,5.623911353139087,97.5953134840231,1.1664374173298668,0.5857706805621006,0.8483404023811005,0.0646181611860079,2
1.1976601670575395,1.0297018766907553,0.8361052310228603,0.644538729289084,1.3541439286284886,0.8876439171688082,0.19766016705753953,0.025630320973943757,2119,2257,2259,-0.002597708266061581,0.031172175568910054,V72_plant_ensemble_noise_free,0.67,442,7.196407507843481,118.1635537904974,0.8298369607582816,0.5760146786720634,0.8620168086109888,0.2235462300299736,3
1.1755778048208105,1.047038283238539,0.8496066631577383,0.6679825112132914,1.2458008401501095,0.9666345685677094,0.18118751023039215,0.027604166748512345,2127,2265,2265,-0.002867340781751188,0.029714798499465456,V72_plant_ensemble_noise_free,0.67,443,10.5654569398273,116.85439382392444,1.14242393808749,0.5194880388384021,0.990914335026823,0.2162792598899018,2
1.2004071598679085,1.1017455263006442,0.8719569704048906,0.6578263740477941,1.4091786697494313,1.1514025060155788,0.21296045884065795,0.041345355754686515,2141,2274,2275,-0.00376090006462084,0.031067975255588243,V72_plant_ensemble_noise_free,0.67,444,5.541875516494516,97.19395804752403,1.6602316662975731,0.8775866848376398,1.0308633625479664,0.1802389296211026,2
1.1728378554818684,1.0737885984393023,0.8604926736609873,0.67231521149159,1.1980472499680972,0.9954281665592608,0.17988077880440723,0.030265714681506295,2138,2271,2270,-0.00295163160650046,0.030365270690895008,V72_plant_ensemble_noise_free,0.67,445,7.234108532853883,99.64718491061232,1.3762037232018225,0.5400055879539191,1.0423528537672948,0.1997407668514915,1
1.2039743061094703,1.1128846565348312,0.8947513492786137,0.6704053563683143,1.4455664311776428,1.1380748063120527,0.21950682215564,0.045485121050644076,2148,2282,2283,,0.030548762111534122,V72_plant_ensemble_noise_free,0.67,446,5.932485045666834,91.813804462339,1.7541106296012994,0.7410098893696373,0.8743732813682149,0.0709672893072272,2
1.192641414350244,1.084359543318474,0.8457726030321316,0.6319303025805749,1.3350384823469663,1.0833623991339072,0.19814148892606953,0.0343384401299345,2138,2263,2263,-0.003088751074972918,0.029701614731661552,V72_plant_ensemble_noise_free,0.67,447,7.619797134831535,109.70441421751508,1.2690989230808487,0.9819668284461038,0.9857094237274888,0.1499761401893349,1
1.1720905656603207,1.0392438565815438,0.821815713817592,0.6227398304467215,1.2250168085414073,1.0886855946127285,0.18322074861275128,0.025651620464510267,2119,2249,2250,-0.002538489894159237,0.028292523286421067,V72_plant_ensemble_noise_free,0.67,448,10.237810478889449,86.78442199905948,1.105555725435691,0.8994861054248446,1.0722605218122498,0.1641914279895008,2
1.2030809089635253,1.0909301092248946,0.8494671626714594,0.6278808042699868,1.4019599031912127,0.8603503240595373,0.2053396697590213,0.03717164827790787,2140,2265,2265,-0.0034039170585352914,0.029166278101757204,V72_plant_ensemble_noise_free,0.67,449,7.042032665397028,140.20654077091766,0.9298848834378656,0.854144946946384,0.8199533562122008,0.2299058179409805,1
1.2295551002221128,1.090505483631791,0.8997138847789728,0.6902686793977737,1.6204573551160908,1.0047283456009053,0.22955510022211278,0.04426979909783079,2140,2283,2285,,0.025099280531324153,V72_plant_ensemble_noise_free,0.67,450,11.476029008616162,141.51336986095575,1.380544226507726,0.4437880311658584,0.7525048142440633,0.1245777717027131,3
1.1856818153116684,1.0760253313384096,0.8349374331176511,0.6345957842914957,1.5382615206834156,1.279507515189273,0.2618712633388318,0.030610244054000483,2126,2258,2260,-0.002872413453369655,0.05770447680274304,V72_plant_ensemble_noise_free,0.67,451,5.210194349785648,89.97554419551791,1.2869036921336283,0.9463792361862756,1.0759395309537836,0.1644460993379971,3
1.1562931543438355,1.066716160600667,0.8479048714519896,0.6465498269675208,1.190476726654526,1.0808517625700103,0.18211025704215844,0.029038896586409572,2136,2264,2265,-0.003573513539212417,0.032656977867050685,V72_plant_ensemble_noise_free,0.67,452,5.702298964592737,114.19022234551724,1.3123440925865488,0.8048769790801487,1.0614165226403032,0.1233173192912999,2
1.1841055904983708,1.0170883100836345,0.836620645336516,0.6536542782059066,1.2846751682505122,1.0084669781409925,0.18410559049837083,0.02341288470353344,2099,2256,2257,-0.002927607450742431,0.028137234349561058,V72_plant_ensemble_noise_free,0.67,453,9.816847438025384,73.36218800393888,1.0265208350603443,0.5099706392239802,0.9354194888216862,0.1383880843757932,3
1.1563423263015118,1.0570149095994845,0.8514008859989357,0.6567548105993896,1.1067841603514084,0.9437857010208874,0.167973628330379,0.02554366907193529,2126,2265,2265,-0.003379734777573114,0.030903411607472675,V72_plant_ensemble_noise_free,0.67,454,7.70447909926914,121.65253285621684,1.1007105846000231,0.6110032330282696,0.916295289809366,0.0511379221874788,1
1.2208623485721293,1.0758285030885046,0.8745496353614048,0.674379065621705,1.5239109197804162,1.1594484962557403,0.22415800849666856,0.038234617627146236,2138,2275,2277,-0.003335465127955419,0.03171953829018692,V72_plant_ensemble_noise_free,0.67,455,7.833564331762712,78.05658267230135,1.5538944716088494,0.5593511365237773,0.9439387200202924,0.1547189407457659,3
1.245601505086423,1.0945591076617511,0.8776641951415765,0.6496289393500779,1.7276298106410732,1.194297119560304,0.2456015050864231,0.04631659949456053,2140,2274,2276,-0.003346486445153656,0.025264007540351407,V72_plant_ensemble_noise_free,0.67,456,11.930338753194563,81.4545684310976,1.4605900974919623,0.9010018256119868,0.7637369128807505,0.0544122986043801,3
1.204346980659709,1.089506512907533,0.8948090915967136,0.6862720230816862,1.4509026264602098,1.180816130373793,0.21128008359824713,0.04098582987337551,2148,2282,2283,,0.02922079108558151,V72_plant_ensemble_noise_free,0.67,457,11.622089600981216,81.01065725996645,1.7424040348802623,0.4770310323042127,0.8711569265770435,0.0438919599055327,2
1.1991131684399918,1.1031968227318552,0.9006077764991077,0.6927073126012498,1.581152381986174,1.0849088835696867,0.2516252345379515,0.045514598652828454,2148,2285,2287,,0.04504267502648429,V72_plant_ensemble_noise_free,0.67,458,5.1889331696207694,87.619575805717,1.7211717597028842,0.4285688090205024,0.914779671563512,0.2009150526840117,3
1.2530377568387703,1.1544291436001115,0.9176486859157936,0.6704069157590015,1.7253859787456913,1.0798153314397267,0.2530377568387703,0.05917533963583249,2151,2287,2287,,0.028050481640607083,V72_plant_ensemble_noise_free,0.67,459,7.308372951400977,148.0473954122554,1.736927912707174,0.8587558108982958,0.8563028409217224,0.2052111494463307,1
1.228718393019508,1.1061596749605886,0.8842100779985329,0.6668572837428194,1.5876361933345526,0.9561261783550401,0.22871839301950803,0.04589760309787485,2148,2278,2279,-0.0027611012111603663,0.028396825221609134,V72_plant_ensemble_noise_free,0.67,460,8.616897984635562,96.8451377748426,1.3724403094778423,0.6260589949639047,0.8297651716389022,0.2317420222414264,2
1.2652850389889694,1.1589965366647375,0.9231949350310669,0.6759886678259969,1.8109402576293845,1.021584837812604,0.2652850389889694,0.062091371371362815,2151,2289,2288,,0.0274776122858289,V72_plant_ensemble_noise_free,0.67,461,8.640224639139936,95.92941303966316,1.7718563671487768,0.7136692378448113,0.8015380061441988,0.2248743717067393,1
1.1596248495842068,1.0481335296234604,0.8357004254575158,0.6303354899714483,1.173965241915814,1.0063921189413045,0.1775998674834247,0.026268053677779114,2126,2257,2258,-0.003096397637331627,0.03011530714844657,V72_plant_ensemble_noise_free,0.67,462,7.753327442316262,130.16632761268596,1.022324857260149,0.8173490946175603,0.9771428121086964,0.1110050630493068,2
1.1890424233017294,1.0750910425664668,0.8305281633971294,0.6070849940104697,1.3175549489693097,0.8539072596805412,0.19553869984531125,0.032133497270856064,2136,2256,2256,-0.003530974633268547,0.029668675307806813,V72_plant_ensemble_noise_free,0.67,463,6.717973179350609,105.44701911455,0.8371283491292668,0.9016104698265558,0.766902464410147,0.12878418062576,1
1.1897134986429305,1.1056917425702086,0.895468360194127,0.6645115644970918,1.6408804755051016,1.2373072450306521,0.25345166209882897,0.04814225993469709,2148,2281,2283,,0.03755584169268,V72_plant_ensemble_noise_free,0.67,464,5.163104335675868,130.8864161247232,1.7164915810852817,0.8653077457421213,0.904243591825284,0.1054134791802487,3
1.2050649148259138,1.0988448255795045,0.8757594894321611,0.6725172676767749,1.4157619469845197,1.0224834807712244,0.20708091269232765,0.039694588236098276,2140,2276,2276,-0.003638113086601416,0.029179349215651573,V72_plant_ensemble_noise_free,0.67,465,8.44737739595651,77.33118681513676,1.5274194627239726,0.5781044114670617,0.9535813634606448,0.2165648978256381,1
1.2028470741544182,1.0960851763748631,0.8511069427502524,0.6227351800675058,1.403388856214669,0.9617929076221758,0.20721867737959743,0.038088067450009755,2140,2265,2265,-0.0034250118728843615,0.029419526901540483,V72_plant_ensemble_noise_free,0.67,466,6.596297213332611,129.7700300308481,1.058578094692781,0.9925881346367634,0.8249980646382431,0.1349839086800573,1
1.1489241990100012,1.015958705280982,0.8381700804643175,0.6583803182425574,1.069397892119402,0.8762384423409958,0.1584849565206814,0.01996996040834853,2099,2253,2253,-0.002923026633072946,0.024826321407723784,V72_plant_ensemble_noise_free,0.67,467,10.2274517078094,104.36454624438872,0.9103354803708532,0.4754856334542635,1.031581333475592,0.236740077011092,2
1.1745466792812056,1.0811244211984214,0.854465446694108,0.6422702570410778,1.210939802021397,1.2246328012191086,0.18261691146737924,0.031202267934207082,2138,2267,2267,-0.0036852100832032953,0.03029833998721254,V72_plant_ensemble_noise_free,0.67,468,6.663348047316012,149.07067660929445,1.4527181497124233,0.9981774810893784,1.0940195953444394,0.0526325004207773,1
1.200211788203788,1.0355336568557263,0.8402866320858624,0.6428130549655459,1.4531380777430385,1.17599039906971,0.23350987825054959,0.02785225355031984,2108,2260,2261,-0.002842708836708451,0.05151444300075614,V72_plant_ensemble_noise_free,0.67,469,6.367272599058145,83.97244866566729,1.1384143185212667,0.7081972755850106,0.9283163687880676,0.0929298158993882,3
1.2004539448917821,1.0618142520580791,0.8324487890767649,0.6131670377546637,1.4195318446790033,0.9910097627043336,0.20294685637443433,0.032923576148272966,2136,2257,2258,-0.0028185816525983934,0.02868754143038954,V72_plant_ensemble_noise_free,0.67,470,11.237639063712097,137.54026520048217,0.904291144951912,0.928888598794454,0.8646426056696416,0.1619171020307063,2
1.2103083677492914,1.1059769169446017,0.8968430053551484,0.6812588207565904,1.4724074212637135,1.035127316226959,0.21424690345142094,0.04333436817627902,2148,2283,2283,,0.028961031982040808,V72_plant_ensemble_noise_free,0.67,471,10.27679921275864,87.23091024942804,1.549389848278515,0.5060678832656242,0.7865691656762289,0.0724637512001225,1
1.1889574172634436,1.0747282723157687,0.8464628732585348,0.6380883638309659,1.3215779148351012,1.1578159122444835,0.19464523812021506,0.03262220345317227,2138,2263,2263,-0.002888009861726598,0.029486575094784584,V72_plant_ensemble_noise_free,0.67,472,10.845127031208436,120.15796546722214,1.3306856621382597,0.9223898585085404,1.0543763365895469,0.1442946323217819,1
1.1639255969854148,1.0669104927501836,0.8549748443404587,0.6630040593615764,1.1450696549696775,1.0079904702293168,0.17377972137642606,0.027799723781398993,2136,2267,2267,-0.0034834916564922833,0.030770198483608624,V72_plant_ensemble_noise_free,0.67,473,6.975471742487674,83.73348214261503,1.3263087063104415,0.5904229123316997,0.9845576487737489,0.0895203146926003,1
1.2008526056159585,1.034412022421582,0.840313012136068,0.6426149952371627,1.3827913956014877,1.343666407495137,0.20085260561595852,0.02687185737018303,2119,2260,2262,-0.0028820908584928024,0.03229212841799134,V72_plant_ensemble_noise_free,0.67,474,10.641667034974985,129.4657312831245,1.263391202854646,0.8151827221956396,1.0875680822546907,0.0792740565667013,3
1.2073886485495984,1.0699283143519818,0.8453914927922339,0.6497434591972494,1.4548778732259908,1.206251432616512,0.2099581842002245,0.03510855943587122,2137,2263,2264,-0.002831846498809393,0.028896419555306085,V72_plant_ensemble_noise_free,0.67,475,11.66890236527626,70.53479659293963,1.5038977308299448,0.9056375078799666,1.0890225296293432,0.2094971035850399,2
1.1860531023854413,1.0715721147013952,0.8664300871856465,0.66606804427713,1.3155593975153033,0.8855040029235467,0.1957780255611321,0.03407381095299745,2138,2272,2273,-0.002994691391768237,0.029781857669211265,V72_plant_ensemble_noise_free,0.67,476,7.734641345522084,138.2060222990499,1.0821756700437777,0.5752498384333692,0.7997759398970216,0.1384699863791295,2
1.2284222120141797,1.0963200525285095,0.8745596136608291,0.6528873389751306,1.6057859058619277,1.185534328904548,0.24561852440377385,0.0444876020804222,2138,2274,2276,-0.00371269814417689,0.03302938900234076,V72_plant_ensemble_noise_free,0.67,477,7.052933859894989,95.04759933250536,1.5619335296417538,0.9116906769235276,0.912268174326182,0.1421899675245875,3
1.1872524726113385,1.0861072694832024,0.8770481583789596,0.667308883172863,1.572979180810869,1.1929450529982792,0.2535935339101434,0.03711326452613067,2138,2276,2278,-0.003528042241814987,0.047981813667507645,V72_plant_ensemble_noise_free,0.67,478,5.686910336873929,129.17710640472353,1.3625519138585211,0.6556871557683428,0.8442595668534721,0.0550834098420355,3
1.1755956542661632,1.0578303740800012,0.8312900237647873,0.6220076150504202,1.2509161161573163,0.7899100406722848,0.18928943356529548,0.029348640441932423,2127,2256,2257,-0.0034610889101091176,0.029823153376963285,V72_plant_ensemble_noise_free,0.67,479,5.804175910239045,88.56425465877741,0.8305511074698392,0.7157055603339049,0.7748119612754953,0.174072272895686,2
1.210044138870609,1.1156584030576926,0.895326792648906,0.6833247067939607,1.4410384224037647,0.832503401832776,0.2114849051747809,0.0442954121418352,2150,2283,2283,,0.029302103370744126,V72_plant_ensemble_noise_free,0.67,480,5.567476100260327,113.11457401019324,1.2954457988592245,0.4731795381779615,0.7591466426907333,0.2076479825831987,1
1.215364852764209,1.096707083818889,0.8845012756152475,0.6737173163709174,1.5022827340005196,0.9515356003451884,0.21677366431542855,0.04263351914027193,2141,2279,2279,-0.002709106763598835,0.02883569891117288,V72_plant_ensemble_noise_free,0.67,481,8.611341334571257,133.47199346034284,1.311304137986531,0.5887030416641059,0.8354555550129812,0.2063444891047998,2
1.1714537782013679,1.045024938001387,0.8117256736430529,0.5995018902330598,1.2007217594681578,0.9183931267016755,0.17811661476186136,0.02462801749067936,2119,2244,2244,-0.003770787663083873,0.02633540885410457,V72_plant_ensemble_noise_free,0.67,482,9.05228078041868,99.57475168062771,0.8304729015501283,0.8982927520851458,0.9952214652924088,0.2399286219751928,1
1.1788159866033792,1.077604896584777,0.8467280721489472,0.6409272480948607,1.2336031191644812,0.9757506647623673,0.18494989926731864,0.0310514756812751,2136,2264,2264,-0.0033978730012389578,0.030167018734166495,V72_plant_ensemble_noise_free,0.67,483,6.122697717825819,122.19134315374716,1.1604964215456413,0.8045838321896356,0.999213143039094,0.2002263321410186,1
1.1701848217519584,1.0762607476394592,0.855300257046075,0.6392713134301847,1.6054583794793438,1.1971927220991734,0.2531472840588742,0.038229762811202855,2138,2267,2269,-0.003210097696424951,0.044756442376300054,V72_plant_ensemble_noise_free,0.67,484,5.17311560984342,100.19630093089918,1.349740218582812,0.9634916421143606,0.9177538839768432,0.1198088989498842,3
1.1578252029559908,1.0459007151009196,0.8501554804326323,0.6600463977218487,1.162141284037441,1.1323821329279078,0.1750724683854863,0.026076265029528662,2127,2264,2265,-0.0032095105019639253,0.030399095746605376,V72_plant_ensemble_noise_free,0.67,485,9.870208672481276,133.1506416692017,1.3029434884620033,0.6691795536784997,1.0842085306730485,0.0886775795803948,2
1.2080962094092675,1.0812583244680085,0.8603089233313187,0.6469006089331769,1.46531503218629,1.2049378700185758,0.2121925212024991,0.03818772354113563,2138,2269,2270,-0.002735979433701251,0.028942106335480222,V72_plant_ensemble_noise_free,0.67,486,11.580123671815793,116.09802698149858,1.459217421023247,0.8980651762944208,0.993821301947591,0.1369001873713068,2
1.2348833002406474,1.1131315662889263,0.8945961399656573,0.6617903875500084,1.6480094985069096,1.2579649626885279,0.2362312232412549,0.04914205614086891,2148,2281,2282,,0.02829036909163718,V72_plant_ensemble_noise_free,0.67,487,11.96198902865845,108.81705317242807,1.750203209934136,0.8791775432236627,0.8745602838823686,0.0832166404984872,2
1.1552747533879348,1.0536295470734292,0.8632939913548644,0.6902725978232463,1.1335128402872838,0.9717791187495357,0.17249229529506271,0.02705032953720214,2127,2272,2273,-0.003219923197832621,0.030309756926035103,V72_plant_ensemble_noise_free,0.67,488,7.1194689162812,148.28735717411516,1.3137614068956187,0.4292319533707659,1.047576629231488,0.187745661465888,2
1.1880575207205237,1.0713751102443276,0.8258351869629026,0.6266665598373797,1.2940487912445446,0.956244920372658,0.19277780799898836,0.030196444527552,2126,2254,2253,-0.0033253511120065536,0.029738555826231083,V72_plant_ensemble_noise_free,0.67,489,5.769972408950716,72.13969991190541,1.0948578458057594,0.9623921732917086,0.9773611299024249,0.2369287227139229,1
1.1896407677772987,1.0970730396457493,0.8921114452092975,0.6925319969404659,1.31833032946384,0.9057881458550765,0.19586881845658644,0.038205108370848256,2147,2283,2283,,0.029993555713679232,V72_plant_ensemble_noise_free,0.67,490,6.765037537509196,130.320750741445,1.369280178959303,0.4173075320541811,0.7947484277296456,0.1081267210150654,1
1.1940473502746562,1.062016131067361,0.8500647304040965,0.649852244420817,1.3775285360415817,1.0031126111823578,0.19840474343674797,0.03265135927855193,2137,2265,2265,-0.0028633850732058745,0.02905727676050751,V72_plant_ensemble_noise_free,0.67,491,11.048563123729355,85.59831094570734,1.1693902256893467,0.6505960093616979,0.8698350304680917,0.1354406497176708,2
1.197479548056624,1.101414832060887,0.9101919165551331,0.6981195633126084,1.5750716649569818,1.0472259851641514,0.25118873207280346,0.045034983850538,2150,2288,2289,,0.04174614377007679,V72_plant_ensemble_noise_free,0.67,492,5.364164930725071,149.7419578380813,1.529860939536554,0.4240153601836637,0.7704074435809842,0.093924395203989,3
1.1746004931062641,1.0495877158662323,0.8476105365194908,0.6570102220390889,1.2456238480034723,1.1808891098330232,0.18435033399927403,0.028256033720476394,2127,2263,2264,-0.0028513472162726974,0.02993849726333786,V72_plant_ensemble_noise_free,0.67,493,11.96894749226058,98.45015742532476,1.3995051628324608,0.6813044104467672,1.0985793521049905,0.1228573307233797,2
1.172688375594279,1.0677789718772126,0.8650961640556318,0.6759782193918848,1.2420640171915747,1.0884278770089828,0.18801326657161543,0.03173805904420297,2137,2272,2273,-0.0030643863685627572,0.030001809860655593,V72_plant_ensemble_noise_free,0.67,494,7.941151623098833,75.63039290996716,1.5429228387528051,0.5216850103945857,1.0259095897123327,0.1302277791497232,2
1.20043527921541,1.0673076931788343,0.8471469099918638,0.6351684261854569,1.5119285183253364,1.2623651011265955,0.23525691283885597,0.03483270175250524,2127,2263,2265,-0.0033451443990269434,0.04075715816970882,V72_plant_ensemble_noise_free,0.67,495,7.292972174883596,113.05900829854455,1.35079887601717,0.9917077119780774,1.0154101618465448,0.1295106158647365,3
1.2555276472827461,1.1212971604744832,0.9218100204082906,0.6861522585953362,1.7672223334231025,1.1281401588083182,0.25552764728274613,0.054889862583881205,2150,2289,2291,,0.026395916419420518,V72_plant_ensemble_noise_free,0.67,496,8.904569278831879,123.68603044052465,1.7401249382998558,0.5743635724489343,0.7935684641866495,0.1315668045144,3
1.1630951365094613,1.050425249400054,0.8514597573888447,0.6647275073843075,1.173928410523343,0.9184557818835476,0.17746361957217927,0.027164748303512145,2127,2265,2266,-0.0033943772019352147,0.030279406419942312,V72_plant_ensemble_noise_free,0.67,497,7.681840680560795,118.45288954424667,1.1066196558444032,0.5426865354004825,0.9491964283815418,0.1736967143114313,2
1.193448615439892,1.072524612054353,0.8682025745439907,0.6692579181413254,1.366253078711492,1.0829832676536808,0.19914776805972334,0.03502808503536164,2138,2273,2274,-0.003245586488558791,0.02940685122361053,V72_plant_ensemble_noise_free,0.67,498,10.636842753677612,148.43918013878306,1.353082167810109,0.6461114941181574,0.9629139949770192,0.1517414392541985,2
1.1947509665247595,1.0588494305510443,0.8628195384589746,0.6842028680183189,1.384683896415199,0.8480892265265337,0.19475096652475954,0.031863215260029124,2138,2271,2271,-0.002139585529183377,0.028302285394057547,V72_plant_ensemble_noise_free,0.67,499,11.614433194156875,139.94261606836375,1.0286828069620113,0.4041903045573438,0.8200109138465527,0.2374271475993583,2
1.2263324500692396,1.1006525488601384,0.8873690350328846,0.6623007768076022,1.5881614865906508,1.082170830305039,0.22633245006923963,0.04522772458728657,2148,2278,2280,-0.0025620183342725494,0.02822728085213022,V72_plant_ensemble_noise_free,1.0,0,10.39999104001663,129.10720107406604,1.4204597430737178,0.7458292912484603,0.815269910111498,0.1123524957594003,2
1.1975608142357446,1.1035715077814583,0.8851168565341256,0.6757208521182304,1.3645536169556165,1.1971434643607446,0.2026056500026503,0.04014239973265882,2147,2280,2280,-0.0028697195786506996,0.02993789656955337,V72_plant_ensemble_noise_free,1.0,1,7.214340716494267,140.62518792462717,1.7885521946939098,0.7153929713856528,1.0815239575370112,0.1523715676448171,1
1.2273065146505617,1.0451335668747739,0.8682084189711439,0.6688780449228975,1.6161479975213169,1.3733883639818958,0.26016981030039554,0.03437912455624099,2117,2273,2275,-0.003765979269158721,0.06098846868734742,V72_plant_ensemble_noise_free,1.0,2,5.762448377647494,90.53449283344352,1.5854967871630046,0.645953560026661,0.9946425445219872,0.0731082997100161,3
1.2289313127732335,1.0967177913892918,0.8799312125372336,0.6718347304805683,1.5956389403949092,1.1290282494649808,0.22893131277323353,0.04376815778239989,2140,2277,2278,-0.003064206499803185,0.027736616303074113,V72_plant_ensemble_noise_free,1.0,3,11.682641317650608,84.19852719758407,1.6471363607793057,0.6303011756946106,0.988109888551611,0.235106152204453,2
1.206434725208668,1.0366250691176524,0.8495302293379823,0.6643787039969303,1.4065380572127129,0.8307623032288121,0.206434725208668,0.02847369546683648,2119,2265,2267,-0.00337832836467278,0.028346944720139988,V72_plant_ensemble_noise_free,1.0,4,6.458792580531322,120.16958060495668,0.8875688907297538,0.4780796987676865,0.8075313284416229,0.2314163561651397,3
1.2259911211383385,1.0502647582700795,0.8274827242082707,0.6150834034635969,1.5353105068077062,1.14262151442361,0.22599112113833852,0.031219681245780704,2119,2255,2257,-0.003489524757705629,0.03508259902163213,V72_plant_ensemble_noise_free,1.0,5,6.920101753785092,109.05752012838563,1.0368463927117868,0.9772190439926968,0.9472291765152244,0.1598427492322332,3
1.166651458114576,1.0576423972813567,0.8453568724051629,0.653999080442031,1.168247337466068,1.0390287211856268,0.1754505667490589,0.026912512916928748,2127,2263,2263,-0.0030534206345983654,0.030391470774658425,V72_plant_ensemble_noise_free,1.0,6,8.734363778394654,107.50065628231016,1.2635622300086482,0.67420150482336,1.091994394275717,0.1765250643203947,1
1.2384901284031227,1.0838150425441189,0.8737652990815832,0.6617267569344467,1.6318783524110185,1.328787123794144,0.23849012840312267,0.04177831567767425,2138,2274,2277,-0.003456090872033908,0.028727654023223526,V72_plant_ensemble_noise_free,1.0,7,8.800238159324724,122.589916725311,1.7165322478060572,0.842755996771684,1.0869410222677742,0.1887570915418902,3
1.1981798643178272,1.1006394156612829,0.8780431043221534,0.6610468271262006,1.382510414596131,1.0258103489258315,0.20578541851924315,0.03965222799751649,2143,2276,2276,-0.003709492710745888,0.02995729983908757,V72_plant_ensemble_noise_free,1.0,8,6.420831327424678,79.53147633894957,1.448113134142802,0.7175229526544091,0.8005469891463936,0.0404361870440109,1
1.1577559839569322,1.0630025641521827,0.8598949997888294,0.6799218406000228,1.0993271110887066,0.8872811813151622,0.16819026026822748,0.02669116840059487,2136,2270,2270,-0.00307634513791959,0.031188692522595707,V72_plant_ensemble_noise_free,1.0,9,5.755022349737429,100.03174371980656,1.2383885417982952,0.4341238888808708,0.9776606336328983,0.1694622699232446,1
1.2279310050534746,1.1121286004237358,0.8964389211868287,0.6693755203037254,1.6501809463138606,1.2246579316475508,0.25769237003850765,0.04913725284309366,2148,2282,2284,,0.039955807345313454,V72_plant_ensemble_noise_free,1.0,10,5.668339814495883,137.64210861377185,1.783127503179347,0.8255387806361536,0.9773938124802928,0.1753222169310182,3
1.239781480134062,1.091198085360987,0.8876776288998713,0.6809654763702092,1.635034168432022,1.1842635574267617,0.23978148013406209,0.04344551918456401,2140,2280,2282,,0.033022873038405454,V72_plant_ensemble_noise_free,1.0,11,6.9664041090223785,90.88702363501588,1.7210029508998932,0.5592099322340329,0.9931395860684484,0.2131311556367697,3
1.1627067152105086,1.039813934306632,0.8143748611036643,0.6014802078829393,1.154013189227856,0.9838983450499089,0.17333312605850115,0.02341457326884987,2119,2244,2244,-0.0037483710549528816,0.025760283060427547,V72_plant_ensemble_noise_free,1.0,12,9.229073894129876,95.02454042138648,0.8891949898735392,0.9373112937667588,0.9715798726293547,0.1040935246093739,1
1.2071830062922126,1.0266936619707416,0.8094611860683196,0.5928522810131533,1.4231340459024666,1.0248531415592543,0.20718300629221265,0.026625452340175153,2119,2244,2247,-0.0034682161024753577,0.028382988563368183,V72_plant_ensemble_noise_free,1.0,13,8.097677922977471,114.72857822026106,0.8091615622029279,0.9692312387414788,0.9552093964997588,0.2039297378040712,3
1.1760215304005432,1.0440353213198532,0.8312756910620871,0.6297825471511191,1.2454524886071596,0.8267297169819259,0.18365338233477924,0.02700601974991688,2120,2256,2257,-0.0033133623617518553,0.030042793100761078,V72_plant_ensemble_noise_free,1.0,14,7.550072450916604,102.04502338767271,0.8320928816716991,0.6558698201426076,0.8314048663025067,0.1927723226965358,2
1.185046139565578,1.0769454987866305,0.876933207873152,0.682524734572619,1.310897405857606,1.1091345294670947,0.19265334760638142,0.03410222413085769,2140,2277,2277,-0.0031368860735906333,0.02957314196419314,V72_plant_ensemble_noise_free,1.0,15,11.385403294440827,76.98725701798847,1.5756217584920489,0.461915456825045,0.9140223808085144,0.046447927753177,1
1.219316923813548,1.1034256594258687,0.8835842543871623,0.6720348763592204,1.5227727528585866,1.0461063603048764,0.21931692381354795,0.043146628637543455,2143,2278,2278,-0.0030723392301512833,0.028284123119247218,V72_plant_ensemble_noise_free,1.0,16,11.02011348547459,128.11522481797803,1.4798806585061597,0.6439194881374838,0.9302049403079222,0.2173023752463467,1
1.2284599052116816,1.0428301073405228,0.8336464626022005,0.6336341434221543,1.5206063799174774,1.0128313893359437,0.22845990521168158,0.026982359238940795,2118,2256,2258,-0.0030583405028795567,0.044596004228533825,V72_plant_ensemble_noise_free,1.0,17,5.956435124162643,86.11781223894904,0.912741781505782,0.6547828054132003,0.8291169496691009,0.1279417972336459,3
1.2209650390288793,1.091931712369575,0.8719323022234079,0.6513664779640241,1.550025552594385,1.1171163863239755,0.22105485978060657,0.042214072013048165,2140,2273,2274,-0.0032047753993255856,0.028436831377210536,V72_plant_ensemble_noise_free,1.0,18,10.38617874312536,114.42104310352444,1.4060201694684966,0.8331823730361637,0.8780585677470507,0.1295541449640027,2
1.1856340975277109,1.0770763901291733,0.8671149991633708,0.6709028821123941,1.3010312773190176,1.1609888503814116,0.19161486394974347,0.03351831449030801,2140,2273,2273,-0.002951012019062739,0.029646564188182678,V72_plant_ensemble_noise_free,1.0,19,10.746151675410331,128.973392382581,1.5490450603543522,0.6541599862584537,1.0766741606857533,0.142437977760982,1
1.1715534345410408,1.041063641183769,0.8442314456922644,0.6573322426123656,1.2199084710529693,1.030780762589569,0.17819292827120425,0.026303511898115972,2120,2262,2263,-0.0028280627740564003,0.03006551783431033,V72_plant_ensemble_noise_free,1.0,20,10.30900242009253,111.895265192914,1.1631277304479184,0.602157955859015,1.0210358814528695,0.16024053073795,2
1.2357343307395956,1.102534140473772,0.8755889915237858,0.6505448057099346,1.6567937898689609,1.1616032345296414,0.25422867504313107,0.046454999159944485,2138,2274,2276,-0.003724679394227245,0.03614303737622904,V72_plant_ensemble_noise_free,1.0,21,5.730611534956263,97.77814989989416,1.5460865537479265,0.9577705532797604,0.9064547435362535,0.1680677673277885,3
1.150547888536595,1.020685036701411,0.8389847285371194,0.6597801479085619,1.0834489447595343,0.9439137815907616,0.1621704201013079,0.02085454251877687,2099,2255,2256,-0.0032115305221912995,0.026604243985265397,V72_plant_ensemble_noise_free,1.0,22,9.237373761740509,93.04272784892429,1.049089930832217,0.4992547027513883,1.0877003121193467,0.2143483049306073,2
1.2004434257893775,1.0435530936292554,0.8488950261042363,0.65207869344856,1.414591702686479,1.0518200650819802,0.20044342578937746,0.030901549331783483,2129,2264,2266,-0.0031480636026608366,0.025277375404337166,V72_plant_ensemble_noise_free,1.0,23,10.431967108418114,86.24264905220542,1.1650421251979013,0.6217530701040798,0.8661220451633257,0.0952804568029697,3
1.1919453308060575,1.0371635154320828,0.8404832427322269,0.6579625021043166,1.360017898175076,1.0264535073444292,0.19194533080605747,0.02823232439963887,2120,2260,2263,-0.0026794987798778136,0.025024973808843054,V72_plant_ensemble_noise_free,1.0,24,11.324350177282431,82.54590216640878,1.1831350875717104,0.5550975103684842,1.010513661972464,0.2277008269823784,3
1.2017400586679194,1.0884766427291972,0.8619988239814305,0.6500171390222267,1.4100166988764928,1.1130890433665936,0.21071152010556604,0.03879221201753267,2140,2270,2272,-0.003075118855495283,0.029033340052339263,V72_plant_ensemble_noise_free,1.0,25,6.713724684087501,107.62359123392092,1.4690893790764037,0.8733609642184199,1.0055369807520829,0.1854241410461428,2
1.214275904143082,1.1079541257669843,0.894558138399479,0.6767812060884675,1.4941160810419345,1.0174811486731326,0.21680005098354327,0.044228343882941924,2148,2282,2282,,0.028845165939866968,V72_plant_ensemble_noise_free,1.0,26,9.356940230427728,109.1607446082196,1.499081207467917,0.5785586741256713,0.8108626571020359,0.1131328539627739,1
1.2342738049942363,1.0815826424961479,0.8886451857285104,0.6797250468551951,1.6032756833606019,1.0927375732363032,0.23427380499423633,0.04140710315414331,2140,2280,2282,,0.02938526874575098,V72_plant_ensemble_noise_free,1.0,27,7.365680918207881,134.07791094517938,1.4255174783105844,0.5610634174461918,0.8397185231322828,0.1272089028866727,3
1.2228957086006422,1.0813835546313384,0.8540923978639821,0.6340121984449323,1.5735893596880839,0.9984283885514822,0.22289570860064223,0.03973612904075156,2138,2266,2267,-0.0030483393020165977,0.027594572783947058,V72_plant_ensemble_noise_free,1.0,28,11.582486600443437,100.90520051934033,1.1074505583973626,0.8273362119578671,0.7832681291970053,0.1367202972223356,2
1.268042088784191,1.1307922208883405,0.9076733758699278,0.6629654722843346,1.8435748529421871,1.0707976510797361,0.268042088784191,0.05719685973029752,2150,2284,2286,,0.027601029885840678,V72_plant_ensemble_noise_free,1.0,29,6.054312230144401,101.0810359926735,1.5846587431711965,0.8318497929187627,0.7543615511750854,0.1521236018825343,3
1.2155906656220703,1.1138676828836136,0.9215009483562073,0.6965387378460545,1.5167453289614419,1.0537564732356217,0.22441864398243028,0.049017729598084515,2151,2290,2291,,0.029198302971996437,V72_plant_ensemble_noise_free,1.0,30,7.410182184864603,110.64475896640177,1.735324571874299,0.4247283949615813,0.7598830404617871,0.0540786619834668,2
1.2169968133793105,1.0513200165222245,0.8561806811652344,0.6545282457115964,1.5050442172889178,1.5000438626496309,0.21699681337931054,0.033614029905477384,2129,2267,2269,-0.0028651727585898043,0.027699498291515745,V72_plant_ensemble_noise_free,1.0,31,11.89071031216538,89.88693015376131,1.7041405825451477,0.8919394486547094,1.0963462041290035,0.0457223228432448,3
1.2182905159556796,1.0775048286226048,0.8929805135209877,0.690198069482476,1.5454808903829662,1.000875487745311,0.2182905159556796,0.040563755534419495,2140,2282,2284,,0.024964497807183017,V72_plant_ensemble_noise_free,1.0,32,10.636216407411323,145.7334275036592,1.3326267044957714,0.4409397458017524,0.7540601974912844,0.0894605632049838,3
1.228776244575123,1.1136945653856969,0.8993247592817348,0.6773371444600926,1.5978100641053206,1.0490502084591697,0.2287762445751229,0.0473860028411153,2150,2283,2283,,0.02802589259238042,V72_plant_ensemble_noise_free,1.0,33,11.773635133495308,92.66341552989384,1.5757131989939062,0.5665617887303149,0.8045099089483612,0.1273510939762019,1
1.2322248657221238,1.0643374344782617,0.8642651469812055,0.6568673128631717,1.563252255883884,1.1679852257750172,0.23222486572212375,0.033247671566013895,2128,2271,2273,-0.003218062769112786,0.042441615736446225,V72_plant_ensemble_noise_free,1.0,34,6.790479060472412,144.94099975410393,1.147649626726608,0.690925067425517,0.8201557944731614,0.040240694712045,3
1.1854405315754142,1.0524192761130475,0.8322465278584005,0.6342105415387993,1.3168378857463976,1.182960922037794,0.19609004637312766,0.029717728276916846,2126,2256,2257,-0.0031142446839370623,0.0297327038160069,V72_plant_ensemble_noise_free,1.0,35,9.851127845040203,78.83832217462404,1.305343098098662,0.9775592855564508,1.0344309036413295,0.1074124194260242,2
1.2060139912173233,1.0885453231245423,0.8726317804567294,0.6599411605751281,1.4547883171446805,0.9922301510051226,0.21033088306161996,0.03878985734142797,2140,2274,2274,-0.00307430618704869,0.02867183053467426,V72_plant_ensemble_noise_free,1.0,36,11.063814604595375,80.38993994224217,1.2869291364207478,0.6226134848990759,0.7564668116725759,0.0613209083039836,1
1.175209320508812,1.0550844003713917,0.8259682664709529,0.6132199988666183,1.2330665733295052,0.9966592040246023,0.18276134684282086,0.027342874513546778,2126,2253,2253,-0.003307200622244486,0.029816144406642042,V72_plant_ensemble_noise_free,1.0,37,9.43906267204524,128.7125552252427,0.9488926956669648,0.9272701863551618,0.9784010837457506,0.1539574637291125,1
1.1948519959622685,1.1050003278330531,0.8977360520838825,0.6942061611805186,1.3493804333610082,1.0271671136664196,0.20075954447748856,0.04075463824343648,2148,2285,2285,,0.030091273878924962,V72_plant_ensemble_noise_free,1.0,38,6.364130912133987,125.86163756011835,1.6591341878430337,0.450249567888664,0.9075866586403472,0.1244597078640373,1
1.2274153000169954,1.0791531285404352,0.8647451972323308,0.6457571337390284,1.573674160062895,1.0903477673241633,0.24073863208321988,0.03874221347261366,2137,2271,2273,-0.003270671230779541,0.03976557964975469,V72_plant_ensemble_noise_free,1.0,39,5.638618970225697,148.28892539321075,1.1673409342176528,0.8346888710679086,0.8417912072755029,0.1273793963414197,3
1.1899449771677,1.0828007517574072,0.8832898514941284,0.6902594259008618,1.3331489860157253,1.162736972882461,0.20019844629597583,0.03719871028184585,2141,2280,2281,,0.029631323545699306,V72_plant_ensemble_noise_free,1.0,40,8.033236481919328,112.32239805676838,1.7833338825706226,0.4845347802643756,1.087748981396827,0.177026084268633,2
1.1973334343023796,1.0717047867119125,0.8627988833669796,0.6613429381077416,1.385611988135791,0.9680064628872254,0.20042724971452142,0.035106995184582324,2138,2271,2272,-0.0028566837088823223,0.029300384199428375,V72_plant_ensemble_noise_free,1.0,41,8.736583458416348,135.61540452484638,1.177147312158764,0.6427002479426149,0.8905313299247091,0.1867645488989819,2
1.2168230345853353,1.068138039406595,0.8810423968057994,0.685420827661684,1.5107068226384217,1.1404558374890439,0.21682303458533525,0.03775764349459553,2140,2278,2280,-0.002473160876274525,0.02582301856590985,V72_plant_ensemble_noise_free,1.0,42,10.087516757360124,104.26699632359488,1.5532315190917263,0.4728200509979419,0.928727336749924,0.1319318905764721,3
1.2202576775764133,1.0953587361921466,0.8760699318370122,0.6672374605023907,1.5390992178864442,0.8589301127900982,0.22025767757641335,0.041374743328128086,2140,2275,2275,-0.0031463820717453684,0.027827393029220104,V72_plant_ensemble_noise_free,1.0,43,11.063486781312344,136.03974995562365,1.0937207507594435,0.5727649284056934,0.7685472854843904,0.2302044457940159,1
1.2645631336655707,1.1384847548233903,0.8994463181111217,0.6544188176369939,1.8245086135527564,1.0411256018183856,0.2645631336655707,0.057578000915759785,2150,2281,2282,,0.027481427150915838,V72_plant_ensemble_noise_free,1.0,44,7.907639137432728,100.79986653762082,1.546042370525699,0.9490380503734194,0.7809040498835581,0.1907268814460893,2
1.2017458481431056,1.0932063993676586,0.8682863390022462,0.6506069388272981,1.6044863786683896,1.2691584678225596,0.25673526951820325,0.041988532011363995,2138,2272,2274,-0.003506859765424309,0.045300976898215106,V72_plant_ensemble_noise_free,1.0,45,5.337938998582468,106.99700306041224,1.6146008452954272,0.9729445689401908,1.0098970300502097,0.154538690759349,3
1.205765293069001,1.0702259786176578,0.845926650425005,0.6399948289152426,1.4437137527181854,0.9684642247507691,0.2077728730467141,0.03528554130254189,2137,2263,2264,-0.002930284980943079,0.028941735830378512,V72_plant_ensemble_noise_free,1.0,46,8.755331606862786,79.97680840704903,1.1429934399877766,0.7619048054469801,0.8606136389954826,0.1844476862899144,2
1.1597419526686212,1.0598389112063031,0.8572507769588732,0.6768378728819116,1.119997498732941,1.0296603304243384,0.17048488246565308,0.02660777455369616,2136,2268,2269,-0.003166113041838376,0.030921169642475155,V72_plant_ensemble_noise_free,1.0,47,7.653813458007402,73.8890730173617,1.44556185917918,0.4727296175356857,1.0820825772341114,0.1379734430331476,1
1.2357299645193325,1.0622396150572253,0.8599337825780523,0.6588060387862346,1.5662899232247447,1.1138249463751124,0.23572996451933248,0.030377229003560692,2119,2269,2271,-0.0030246126175261312,0.047154207921906055,V72_plant_ensemble_noise_free,1.0,48,6.2845556451074085,144.36369374814285,1.0310883189449844,0.6202229764832433,0.7929980351005004,0.0404975420800958,3
1.2216482027470683,1.0662084457485344,0.8478345052147667,0.6388795821955864,1.562615206590067,1.0970181779255592,0.23929532087109484,0.03511680987285997,2127,2263,2266,-0.003522355399006188,0.040525374827703686,V72_plant_ensemble_noise_free,1.0,49,5.638343078698829,80.58801389384118,1.1864132839843085,0.8341447606810305,0.8461865251302991,0.114956148368712,3
1.233563882932486,1.0793426339846326,0.8672349624351194,0.6475569732001869,1.6016390431626726,1.2096653451551718,0.23727358276897315,0.039201905644540486,2138,2272,2274,-0.0035123915946705434,0.03468032014467526,V72_plant_ensemble_noise_free,1.0,50,6.682447922744161,116.82802488372032,1.3379661600571686,0.8503064655316652,0.8474670513298096,0.0670448722402096,3
1.258596234958567,1.1185593220643533,0.9023004289277853,0.6721389535491491,1.78916681389497,1.0115642249026244,0.2585962349585671,0.053173964331161463,2150,2283,2285,,0.024727234285987,V72_plant_ensemble_noise_free,1.0,51,9.16279697193362,141.6291052401516,1.459627232527335,0.68871684376873,0.8214339802165719,0.237589145956208,3
1.2340183979562367,1.0798287639817854,0.8604054025530348,0.6402387618584405,1.6498491977180185,1.164628579910858,0.2340183979562367,0.041594476463348094,2140,2268,2270,-0.002560032567882265,0.024731710327247747,V72_plant_ensemble_noise_free,1.0,52,11.957678917691116,95.75770188487076,1.3403486393175734,0.9146464189080894,0.8481165092776866,0.1068581203223964,3
1.1568091102231401,1.0531132199936823,0.8503514421185991,0.6534748620554421,1.1651913747602216,1.0935580559385585,0.17646129816507083,0.02734099573032769,2127,2265,2266,-0.003654281817117474,0.029405551221517223,V72_plant_ensemble_noise_free,1.0,53,7.192395565466206,127.95106634649004,1.2957314420022306,0.7326372970012778,1.052524752658924,0.0813328857923758,2
1.1959418465396725,1.094511716437184,0.8614688874426222,0.6477333716636932,1.3531705206408113,0.9401188283726281,0.20108583031439964,0.03721978888737202,2140,2270,2270,-0.0030418968102584824,0.02989630796464171,V72_plant_ensemble_noise_free,1.0,54,5.606813905831828,107.4431563071516,1.220677857582694,0.7702908916520403,0.8710077441518982,0.1690250897605586,1
1.1987333365835644,1.0400050832910754,0.8539114193826582,0.669245299491279,1.3832495232506548,1.181721947344001,0.1987333365835644,0.02958427719055526,2120,2266,2269,-0.0029010744849487942,0.025975985211409425,V72_plant_ensemble_noise_free,1.0,55,10.744884415564457,108.28487436798098,1.4025327650513426,0.576342727967029,1.0884022293502456,0.1724739261671066,3
1.1353334789142406,1.0302201294465587,0.8415710158425412,0.649574871573594,0.9978796759709201,0.9814325266518609,0.15036820341254642,0.019279360676152397,2108,2253,2253,-0.0032439490599885283,0.026124490792252653,V72_plant_ensemble_noise_free,1.0,56,9.380064838177477,98.92935386791636,1.06228412091603,0.5923905630065096,1.0815483081718,0.0524264708800595,1
1.2400515068779707,1.089611849847101,0.8857535437218413,0.6689228447075849,1.6418541926942223,1.2804516628963745,0.24005150687797072,0.043304507743694806,2140,2279,2281,,0.03065968617676207,V72_plant_ensemble_noise_free,1.0,57,7.781238192268669,138.67556034783206,1.6573335879864168,0.763136028537321,0.9755675983216056,0.1388492861222448,3
1.1721860246420137,1.0536165058730218,0.8496427233158237,0.654247846362598,1.224648075472192,1.060184834647315,0.18476265816323068,0.028846429660962528,2127,2265,2266,-0.00350862337733424,0.030239442434561115,V72_plant_ensemble_noise_free,1.0,58,8.516475118714382,148.7274448188652,1.2113745000662806,0.7257150993796114,1.0512380703289876,0.1648059259926232,2
1.220824262485011,1.1015199381700456,0.8858748979495354,0.6695674548504514,1.536907257032817,1.1362091797362408,0.22218007212375457,0.044424409653175324,2148,2279,2280,-0.0026703598613438593,0.02876741601119215,V72_plant_ensemble_noise_free,1.0,59,8.895979297699522,121.3728810003423,1.6287591579371758,0.7189736289347686,0.966703881529654,0.1890383550572774,2
1.2266761838531233,1.054120723001743,0.8377416819210546,0.6315067612442586,1.5468521502748458,0.9587275927467431,0.22667618385312327,0.032967670516647264,2120,2259,2261,-0.00274667067875806,0.032000873902486626,V72_plant_ensemble_noise_free,1.0,60,6.172696686443656,74.84451899391472,0.9816587870021984,0.7450299645375633,0.7810203028008723,0.1501877448822634,3
1.257326973732862,1.1179273250557047,0.9168637163826628,0.6833107572385059,1.777113393598245,1.1332403140008014,0.25732697373286206,0.05410469239464133,2150,2287,2290,,0.02592733022537108,V72_plant_ensemble_noise_free,1.0,61,8.666779632139695,109.19391904899284,1.7530994365547006,0.5901284114542631,0.808866358642823,0.1360124525794977,3
1.1952156228288193,1.1003945308203444,0.8891667435254244,0.6894456938015158,1.3484495035865065,0.9361653188007251,0.1998658492495755,0.03945051456618353,2147,2282,2282,,0.029873247561817307,V72_plant_ensemble_noise_free,1.0,62,6.211533396735801,113.95037573478784,1.470732603150545,0.4442638581431355,0.8847533266026454,0.1854938754262153,1
1.1837731247792447,1.0888367382779933,0.8842488577911305,0.6930799729460498,1.2769489218243635,1.079636327188563,0.19063158303885364,0.035723157893957504,2140,2280,2281,,0.03021238482717603,V72_plant_ensemble_noise_free,1.0,63,7.61448086489131,133.65916985548083,1.662535064526978,0.4621233665936617,1.0323809914771678,0.1548746298481374,1
1.1960335453065007,1.081633711154284,0.8450869017470315,0.6278302308134056,1.3608861947059006,0.9501574632647631,0.20003235451770385,0.034783339735021415,2138,2263,2263,-0.0030796866224305484,0.029396423278958306,V72_plant_ensemble_noise_free,1.0,64,7.736263144792845,138.38007460613125,1.0326933451954714,0.9022665728395723,0.9090144791122688,0.2051722115501008,1
1.1872165810561521,1.0292172854384276,0.853969700970572,0.6771960438963196,1.3111032886766296,0.9363174608385285,0.18721658105615213,0.026730863196562888,2119,2266,2268,-0.002919831101307586,0.025570883972620084,V72_plant_ensemble_noise_free,1.0,65,9.093443997409054,135.7061801089704,1.0427855686227876,0.4520442621828906,0.883186899576593,0.1524844668083488,3
1.2263308781931945,1.075269716134363,0.8618924459861745,0.6532073850161344,1.574647146495316,1.0662710009270358,0.22633087819319453,0.039329609115133356,2138,2270,2272,-0.002800122656709911,0.025228983069974342,V72_plant_ensemble_noise_free,1.0,66,9.796367726085988,124.9023002199786,1.2871518803099136,0.7523356708171485,0.9454170313811217,0.2328686857309133,3
1.2157872840670447,1.1160687197515071,0.8828834891284048,0.6522089658195698,1.4936814661059241,1.167286414839539,0.21984438441440446,0.045034242083769535,2147,2277,2277,-0.0034589133151399385,0.029364978781065032,V72_plant_ensemble_noise_free,1.0,67,7.102650647139644,124.79656291837074,1.6064464510413805,0.9812739555801986,0.9076275108333368,0.0921723220184675,1
1.2009044419706705,1.0421806727587721,0.8469482219218938,0.640682568800183,1.4178693985788333,1.140714216538737,0.20090444197067048,0.03087773709350074,2129,2263,2265,-0.003071546898827537,0.025383268149432814,V72_plant_ensemble_noise_free,1.0,68,11.039900405972544,119.92051214018764,1.139088884506501,0.7710191924930354,0.8812415768567066,0.0458538731962742,3
1.213641225029741,1.087212411949729,0.8909948396165905,0.6799265717712791,1.5154514081569352,1.037328632706761,0.21364122502974103,0.04128005043937891,2140,2281,2282,,0.028175414457080272,V72_plant_ensemble_noise_free,1.0,69,11.67772782803378,132.64878681051647,1.3724605152118317,0.5329886051400452,0.7718272134916772,0.0725490566460956,2
1.171113273376784,1.076492830113543,0.8628486174959398,0.6669935595625267,1.1920353717857322,1.11224731388041,0.18060625388432494,0.03085155576831817,2138,2271,2272,-0.0031738830384060493,0.03083413815893299,V72_plant_ensemble_noise_free,1.0,70,6.782578590322011,110.66179827674472,1.5259496622200506,0.6637406044450264,1.0792004820769097,0.1104415056124675,1
1.1655291492988487,1.0538081167798725,0.8208145130788327,0.6192263237183099,1.1498171860086068,0.9000896276008424,0.17488259173022058,0.02489381714603608,2119,2248,2248,-0.003104913070678568,0.02902856002722376,V72_plant_ensemble_noise_free,1.0,71,5.097739393057601,74.1473525616366,0.9643236190654308,0.8782287270266838,0.967607581814408,0.1821957175869377,1
1.2296587005867998,1.0613850274870624,0.8509462350027883,0.636223649484631,1.5579679313882278,1.2389629519238794,0.22965870058679982,0.03369994160797049,2128,2265,2267,-0.0035310257465006726,0.037003513550593725,V72_plant_ensemble_noise_free,1.0,72,7.355502234218537,139.6035745019512,1.1834940153601958,0.902229123565946,0.9199230857336004,0.0825248015499684,3
1.2008664433162508,1.0920905311680498,0.8644745103850484,0.6479047549512787,1.4061959061959495,1.2479944073067721,0.2074628107979568,0.03818471149298304,2140,2271,2271,-0.002795615515480514,0.029448078293201174,V72_plant_ensemble_noise_free,1.0,73,9.834197207277818,104.44531091033892,1.599246931644209,0.983536419258072,0.9862297552291164,0.0641581593540373,1
1.1712349190711782,1.0529324484254134,0.8314548345978632,0.6264274909108108,1.2038131607382279,0.9215163721068382,0.17850596949000397,0.026540519369333233,2126,2256,2256,-0.0033995707948002757,0.029927542253066486,V72_plant_ensemble_noise_free,1.0,74,8.895742107810007,132.0825141742179,0.912842863058376,0.7858287406841036,0.9557633010501524,0.1890161401389723,1
1.2432278870486957,1.0965254090301568,0.9012302540745544,0.6784305233105437,1.6726943676730257,1.2300717711270064,0.2432278870486957,0.04612924128199919,2140,2284,2286,,0.030913495618827058,V72_plant_ensemble_noise_free,1.0,75,7.587529740566357,89.54541868013871,1.7072177007619032,0.5992863957642729,0.8130434907741083,0.0506093674556209,3
1.1891125547506611,1.0501251359032135,0.8256296017816277,0.6178889202810497,1.33608936048797,1.133843964677626,0.19352260529811538,0.029407278812282955,2120,2254,2255,-0.003401887200629052,0.029412343401373664,V72_plant_ensemble_noise_free,1.0,76,10.778362809970996,115.30347977053282,1.1216134503805828,0.9910033815677456,1.0592148523591998,0.1745857065525109,2
1.189336652190423,1.099255852859901,0.8822318790068332,0.6729979533527682,1.3121352543951428,1.2094386833004434,0.19644361438964641,0.03799372768932424,2143,2279,2279,-0.0030750906049633177,0.030408038803581006,V72_plant_ensemble_noise_free,1.0,77,6.511076909836426,123.82678137500956,1.7868544379715376,0.7215825138652388,1.0524560967412682,0.0881814235663987,1
1.2371482557073474,1.1269442253904218,0.9088820406975809,0.6800623955861221,1.6415785414799284,1.1033424051425471,0.23714825570734743,0.05150165772059646,2151,2286,2286,,0.02798759229567871,V72_plant_ensemble_noise_free,1.0,78,10.966710087196963,129.80023285033542,1.724569992719705,0.6479717875918721,0.8785939650403786,0.1730013102940101,1
1.2309765584505294,1.071089883449039,0.8563040927918443,0.6403652399437463,1.5846041150459609,1.0322275293248584,0.23097655845052945,0.038231635781547806,2138,2267,2269,-0.0030656965617900937,0.027905306775463323,V72_plant_ensemble_noise_free,1.0,79,7.434921278391236,133.54629466272252,1.118552647292724,0.8255628315727521,0.8680684054820871,0.1911185310052948,3
1.295895415248399,0.973499443173937,0.8224084281423591,0.6064979541108243,1.4333496955105363,1.3487203452176688,0.295895415248399,0.02084107627464592,2065,2240,2242,-0.003849842967698894,0.08512302386703063,V72_plant_ensemble_noise_free,1.0,80,5.673389466511575,104.04744476530917,0.8820948921491105,0.8718684222579303,1.0869531080224464,0.0778966481590384,3
1.2416067236967276,1.0876737790596214,0.860430410476116,0.6383515940868844,1.6931309951130165,1.1225558655144667,0.24160672369672764,0.04362531046921831,2140,2268,2270,-0.002588976462418048,0.0246176995969567,V72_plant_ensemble_noise_free,1.0,81,11.450217006019065,104.92909069324794,1.3210010563675527,0.9387043188482024,0.8801464366931836,0.1781010041661381,3
1.2811592524543411,1.1377908757535582,0.9090088355678536,0.6669704386948407,1.95053853318168,1.1261349943599699,0.28115925245434115,0.05992194004903497,2150,2284,2286,,0.024076148921541307,V72_plant_ensemble_noise_free,1.0,82,11.870709640329268,95.88598542920676,1.7539239785598375,0.8129028698694165,0.8473716650677953,0.2263948224140667,3
1.2061370262946904,1.0956733338452525,0.8765906586724193,0.6681820666327574,1.4374966549040071,1.0860593240952179,0.20967168068429776,0.039869737165625634,2140,2276,2276,-0.00354503618619332,0.02907209345826045,V72_plant_ensemble_noise_free,1.0,83,9.67444372738706,79.08217722333261,1.5610009105851803,0.6470587404831719,0.9164381706841042,0.1330521389807205,1
1.2160260318662732,1.0886565886396653,0.8805442960971446,0.6643926237465061,1.5226135571556227,1.0418563389187763,0.21602603186627323,0.04137332272126175,2140,2276,2278,-0.003150671722841135,0.028345833356992367,V72_plant_ensemble_noise_free,1.0,84,10.69202088691611,135.95326586502293,1.311029846119654,0.6792080617847827,0.8113866501351479,0.1103156869235487,2
1.2260117743419718,1.0793141614789197,0.8850245378073736,0.6944123407630465,1.560201892360879,1.1855266726158746,0.24313262928364443,0.0382855165312205,2137,2280,2283,,0.05224285436326204,V72_plant_ensemble_noise_free,1.0,85,5.668991860467393,141.86985863318094,1.6362934984247604,0.4569922469241813,1.0388012503969002,0.2199721111154612,3
1.180344635534824,1.0205770732743618,0.8410696677947025,0.6641324552905047,1.2690931487415067,0.8889234034320499,0.18034463553482394,0.024318975116135066,2119,2259,2261,-0.0023953364736284777,0.02530726841809261,V72_plant_ensemble_noise_free,1.0,86,9.118174947306752,87.55133228247237,0.978639128320458,0.4417826450532626,0.906996892836066,0.2039213945883432,3
1.1726333370692628,1.044739630395689,0.8400972763120395,0.6471468110395263,1.2237219867067446,1.0293913313392276,0.18178526935239225,0.026980898104594826,2120,2260,2261,-0.002688072748924624,0.030227743595323653,V72_plant_ensemble_noise_free,1.0,87,9.283083525118762,110.65357498264348,1.145539822331865,0.6865484114391489,1.0324193733509606,0.1767078054264099,2
1.181559318312949,1.067495884720746,0.8488381776676752,0.6464874706560634,1.272700149399158,0.8916570233895036,0.18756142741877713,0.03073695447429271,2138,2264,2265,-0.0032454182687234106,0.02966282939382192,V72_plant_ensemble_noise_free,1.0,88,8.435341048504007,125.41472750385094,1.007867630706702,0.6735520019838812,0.8690499219834863,0.1721555807424327,1
1.2098909249408702,1.0968657734636427,0.8754750137481917,0.6591517943203559,1.4720204791141722,1.080116839086839,0.21910910509715587,0.04208557799086271,2141,2275,2276,-0.003688724319358482,0.028960709127284323,V72_plant_ensemble_noise_free,1.0,89,6.8331677008087786,80.60617276115724,1.5176911916205027,0.7828109240241254,0.8712719513425371,0.119199438892561,2
1.1989414282326385,1.0395835546614463,0.8505290356793764,0.6595984103763035,1.3909552655741144,1.096527697058315,0.1989414282326385,0.029714397872203993,2120,2265,2267,-0.0031705914212486795,0.025796144696082157,V72_plant_ensemble_noise_free,1.0,90,10.167368016130911,97.61157599351056,1.2397728973593132,0.5962638007678415,0.9565392742787578,0.1290790786896454,3
1.1927080292083567,1.0905786363533767,0.8701488683712526,0.6667429191159657,1.33635134160042,1.155016735921054,0.1981067701678223,0.03665277031489886,2140,2274,2274,-0.003437478949058371,0.029818404889441652,V72_plant_ensemble_noise_free,1.0,91,8.21679372789981,112.54497688444256,1.6320572511361355,0.7196197008332335,1.0814067751652594,0.170533704297859,1
1.2264155296226351,1.081599736511437,0.8855917230658467,0.6894604358075256,1.554304528928674,1.223020725426219,0.2391582031625954,0.039212749683145434,2138,2280,2282,,0.04549785667928874,V72_plant_ensemble_noise_free,1.0,92,6.2313816748516615,115.55412061470676,1.7050826019060408,0.4877225138628785,1.0331155332678792,0.191605660602043,3
1.1546593356107742,1.0384474186145782,0.8293131587910214,0.6221411638119622,1.1049784334840165,1.0193377476971048,0.16606671903609604,0.022656287795674954,2119,2252,2252,-0.002940152126657831,0.02713893600622752,V72_plant_ensemble_noise_free,1.0,93,10.310542932323642,136.48494353357296,0.9459774869766604,0.8345529522465753,1.0290842198980172,0.0855638697372447,1
1.280451778607664,0.9598354339612168,0.8310472076571751,0.6228504635839283,1.4096373185643054,1.2647849744276274,0.2804517786076639,0.01995341834370638,2066,2244,2246,-0.004068107930420502,0.07879054583084588,V72_plant_ensemble_noise_free,1.0,94,6.013829563722655,106.22574888010728,0.8701822179535599,0.7172698987030591,1.0667866592497364,0.1009219292215485,3
1.2333668170182577,1.0825195353532693,0.877004631275655,0.6608614697953925,1.5987687060753342,1.29963171288217,0.23866877652746576,0.040088589640737866,2138,2275,2278,-0.0034696742256469727,0.035242004582783704,V72_plant_ensemble_noise_free,1.0,95,7.040863079477784,123.2216784073252,1.546909329769827,0.7923230788658415,0.9254901512944408,0.0780996084645826,3
1.1916453117024044,1.0785163876269184,0.8488106053675205,0.6296450541555554,1.3671012868726504,1.0234797350736375,0.20640245597689755,0.035834157471220325,2137,2264,2265,-0.0033285102903495315,0.029049757242815444,V72_plant_ensemble_noise_free,1.0,96,6.283406697250235,98.9035430850612,1.175763525422528,0.9567118669500267,0.8306516242465659,0.0698557097464471,2
1.2143697939462157,1.090945819311246,0.8565916072854262,0.6396768815291483,1.4975386077583146,1.1515320403143605,0.21619060771700482,0.039372637180454376,2140,2267,2267,-0.0031035455586625868,0.028498082689446758,V72_plant_ensemble_noise_free,1.0,97,11.663318816302422,102.6100018093786,1.4013819625174402,0.967028651458374,0.9519228833861124,0.1444827738423816,1
1.2639686456436414,1.1256533770755732,0.9144780764699769,0.6753220570723787,1.8353547199861757,1.087298194224204,0.2639686456436414,0.056356850014624295,2151,2286,2288,,0.02461181537616297,V72_plant_ensemble_noise_free,1.0,98,10.303253884823317,124.1281407423161,1.6324274269197483,0.6813611541893415,0.7879446629595771,0.1655040490308844,3
1.155520698966116,1.0377824547619316,0.8412515370398872,0.6559791209755363,1.1101636094830498,0.7684553299035278,0.16546488246441982,0.022764173475532862,2119,2258,2258,-0.0026747866385689635,0.02770370605791328,V72_plant_ensemble_noise_free,1.0,99,8.597826674778533,72.18646268869091,0.8657910445822239,0.4314445903176647,0.7943304797407656,0.1157876960059475,1
1.2370107419129637,1.122143556301585,0.8922760354884223,0.6688411999020093,1.6340801822816728,1.0030248094727252,0.23701074191296367,0.04932808422240726,2148,2280,2281,,0.02798800783505828,V72_plant_ensemble_noise_free,1.0,100,9.416341852645049,86.76505248719835,1.5422658765669317,0.6661178048652382,0.8484084429658311,0.2192568147886729,1
1.208570382665646,1.0363828777272175,0.8520032479744694,0.6669345281907056,1.4200597093107334,0.9989997919830718,0.20857038266564598,0.028628680901285213,2119,2266,2268,-0.003238110552977081,0.029135014807008086,V72_plant_ensemble_noise_free,1.0,101,7.599361273429519,95.15667202451482,1.123163011545726,0.4930056870916144,0.9062723737902532,0.1741719640371245,3
1.1752820850478716,1.0720660174611756,0.8721707712877971,0.6861437869447506,1.2387955963344948,0.9166265271126057,0.18821672092743413,0.03297697399078421,2138,2276,2277,-0.0035753659116886673,0.029582649755569568,V72_plant_ensemble_noise_free,1.0,102,5.836216208795711,148.0024899155632,1.28939550709149,0.4722157914380206,0.9332535183548384,0.2001936949978078,2
1.1604520919216696,1.0333857013517622,0.8285043416190345,0.6403199103017788,1.137064733387428,0.9015577312551535,0.16763133793489238,0.022208485031757656,2119,2250,2251,-0.002594427348815069,0.02554586289086158,V72_plant_ensemble_noise_free,1.0,103,10.420054961567,77.00074088442852,0.9632883029207406,0.5865977085059945,1.019647388333329,0.2334269233951992,1
1.240256747107742,1.0866447635595993,0.8849562355287348,0.6649950864177325,1.6565016305474156,1.249903887433905,0.24025674710774192,0.04338577695132045,2140,2278,2280,-0.002602770279201491,0.029262764228231042,V72_plant_ensemble_noise_free,1.0,104,8.42490614706486,85.95930872940755,1.6161660538629303,0.7372757436872432,0.8435558210587117,0.0562359288846302,3
1.2592206075679577,1.1128286098360365,0.8845967535731438,0.6489001758169752,1.7867885032503603,1.0939598416708955,0.25922060756795773,0.0510284506089053,2148,2276,2279,-0.002834655830260408,0.028368720794390345,V72_plant_ensemble_noise_free,1.0,105,6.306517630339533,91.29813048049502,1.448506945441982,0.9561134947795056,0.7704271353688448,0.1347833816958818,3
1.2390103502921184,1.1336291931261313,0.9117952574584252,0.6760786528564758,1.6499066236993252,1.0558706333808416,0.23901035029211837,0.05335744103915449,2151,2286,2286,,0.028200949858226743,V72_plant_ensemble_noise_free,1.0,106,9.118727919206007,136.8038985063166,1.641331715968593,0.7004552820075602,0.8211843851541013,0.1575222486248355,1
1.1994440016671633,1.0671082374208978,0.8314047596133611,0.617051975990089,1.4065674187713815,0.9762309265941396,0.20272104773832833,0.032601653514760146,2131,2256,2257,-0.0030964037069130352,0.028559570568147397,V72_plant_ensemble_noise_free,1.0,107,11.58057859167886,101.585958459238,0.9763679744711956,0.8832351065662389,0.8526728458712901,0.147754713388089,1
1.16953520740029,1.0781841666399115,0.8792727798505194,0.6803475356858659,1.2462436610589704,0.9060971949586417,0.18876483280527956,0.03411593129131556,2141,2278,2279,-0.0030692673411446955,0.02932889041099873,V72_plant_ensemble_noise_free,1.0,108,5.145169343662946,127.86767633170388,1.261897805477516,0.4954598796025228,0.7947192705871088,0.0551588018224429,2
1.230966678834031,1.1275302116988628,0.8985853907848387,0.6589078527020162,1.603302439453967,1.0615459450530433,0.2332991036866019,0.05044045365404304,2150,2282,2282,,0.02872358130481034,V72_plant_ensemble_noise_free,1.0,109,7.8851467935329635,106.22322091734358,1.529993063397882,0.8477176267718418,0.7510154214114461,0.0699998660828287,1
1.2304805221973703,1.1071885696941894,0.8942529545320228,0.6737972967610723,1.6068003597848355,0.9633624860279353,0.23048052219737025,0.04707862118671733,2148,2281,2282,,0.02820826204881377,V72_plant_ensemble_noise_free,1.0,110,8.715872659875842,96.5415464705684,1.4115615673357174,0.5689438264978608,0.7710226424041121,0.1661130650805939,2
1.1799681511931897,1.0488090818308997,0.84341833355036,0.6604615929539006,1.2797743941506923,0.7891762933374303,0.18357477812479117,0.027033332931445834,2120,2262,2261,-0.0020642099129546034,0.028669348090552438,V72_plant_ensemble_noise_free,1.0,111,11.17694403210806,114.08755055365803,0.8510221414860846,0.4695207242977017,0.8085250160300237,0.2267191553843059,1
1.1703692998098747,1.0505152180958692,0.8373586378858388,0.6380233251244336,1.2506915382141406,1.252344156598648,0.18853480690201696,0.028192535757356047,2126,2258,2259,-0.0025578479341695137,0.0298943170797612,V72_plant_ensemble_noise_free,1.0,112,9.52380808028667,87.80423971091656,1.408469841753638,0.9707833960903348,1.081428888256171,0.043909171269877,2
1.216629252105928,1.1071945230751326,0.8923444138353471,0.6668994647150852,1.5191364311809625,1.098068307303847,0.21975679940066395,0.0445379364955478,2148,2281,2281,,0.02864944016763582,V72_plant_ensemble_noise_free,1.0,113,10.996441414031755,131.0404694374806,1.4930844422018834,0.7236253672985151,0.8105726457024985,0.0663103942764693,1
1.1900929231017918,1.0612980995562595,0.8301033029714048,0.6174387079578603,1.3523377421123106,0.9537236417371957,0.19704130746668969,0.030701468833598162,2127,2255,2255,-0.0031366294903087434,0.028937461002564113,V72_plant_ensemble_noise_free,1.0,114,10.868719553151385,81.85169521636763,0.9447381143786604,0.8442789005453022,0.7655303184717666,0.0492883566125139,1
1.1918317468049913,1.0497165258725794,0.8224555865889245,0.6030393753295856,1.3670712948876034,0.9791629290153137,0.1953869826073258,0.02991848193722121,2120,2252,2253,-0.003167345179081737,0.02889197676376254,V72_plant_ensemble_noise_free,1.0,115,10.500267887277328,114.01803941298544,0.8498937894576105,0.923489891335922,0.81921588869898,0.0940680067405071,2
1.1794777375972603,1.0666031696126177,0.8591285040965941,0.6741943177487276,1.255076094982127,1.0140213267668996,0.18432044210560727,0.03042440283161056,2138,2270,2270,-0.002754485959705519,0.02964225925641628,V72_plant_ensemble_noise_free,1.0,116,9.99892269561268,131.1233595993454,1.3210143738733502,0.5507764779965442,1.059599900044884,0.2305963632943392,1
1.2143578403651323,1.0690902060371523,0.8963390294451681,0.6997601912242905,1.5044583013020383,1.272137059802828,0.21435784036513228,0.038721874014009866,2140,2284,2286,,0.02566137301320337,V72_plant_ensemble_noise_free,1.0,117,11.690384709523356,142.92364854696726,1.7754203974057925,0.4088225401805788,0.9293725559393944,0.0461923436934579,3
1.2264045131946784,1.0333293967161743,0.8330204146815214,0.6445303792499051,1.497152635105179,1.2605798871360605,0.22640451319467836,0.024591002431924993,2108,2254,2257,-0.0034221520777656476,0.04544938660311826,V72_plant_ensemble_noise_free,1.0,118,7.625705615829888,78.91050024736434,1.1979573053027552,0.7038656832009356,1.0963670043185672,0.1559421618464307,3
1.2014325765485907,1.0398630252699856,0.8445686084923988,0.6512700670825959,1.418296574923342,1.234533317499561,0.2014325765485907,0.03014844238188021,2120,2262,2264,-0.0028111229212687615,0.025494205889921684,V72_plant_ensemble_noise_free,1.0,119,11.824664160733624,75.719024550325,1.3748349424201347,0.7307873107469592,0.99742335529185,0.0812453616005207,3
1.1960498725598936,1.0390148767446086,0.8619228140197919,0.6834354752567054,1.3645211972941658,1.1535133390177221,0.1960498725598936,0.029346249554752474,2129,2270,2272,-0.002651095935075194,0.02597684624324481,V72_plant_ensemble_noise_free,1.0,120,10.54719001071419,142.05398543873275,1.3919800528306547,0.4962655135725592,1.0587235887721915,0.1581684546775967,3
1.153123109528205,1.0288436114328823,0.8451253321977461,0.6612727453812173,1.1174092885087108,0.788153045990835,0.16689191114598234,0.02262277717133607,2119,2260,2261,-0.002598766343814662,0.028881816896192403,V72_plant_ensemble_noise_free,1.0,121,7.651725997926606,111.09733048425274,0.8384506008661443,0.4559818332756831,0.8049543472703611,0.1071018481752051,2
1.2818025815915814,0.9954260390238888,0.8521608924156332,0.6803671420441304,1.4433572704878443,1.1922296092061933,0.28180258159158145,0.023773386361770326,2066,2264,2266,-0.003685875359677359,0.07984417205248451,V72_plant_ensemble_noise_free,1.0,122,5.559065078161737,93.24029881974064,1.2012597699000236,0.4017184379902556,1.0568622965659928,0.1555747962933786,3
1.1738598285435176,1.0824267914811287,0.876730857133288,0.6966169793243053,1.1999030406296893,0.951789874904915,0.1809437295114078,0.03251050514617981,2140,2278,2279,-0.0031386884268249436,0.030679142113262836,V72_plant_ensemble_noise_free,1.0,123,5.686828704229136,146.26347124207945,1.465590390417938,0.4043377453313028,1.0272574094545817,0.2240411852324177,1
1.1757659718214353,1.0649730924911263,0.8717126122904348,0.6824936967655639,1.2594143308622012,1.0406912673636064,0.1897500955610829,0.032075068911394826,2138,2275,2276,-0.003660597416389022,0.030212620888767416,V72_plant_ensemble_noise_free,1.0,124,8.237538754596727,117.9228118623564,1.41763133470578,0.4872280193792955,0.9397457293048196,0.0968973340891857,2
1.230130349532783,1.0870137300620628,0.8894416589628829,0.6801689118985397,1.6129118429457296,1.0594605349777924,0.2301303495327831,0.043334131932884414,2140,2280,2282,,0.025013348389602674,V72_plant_ensemble_noise_free,1.0,125,10.34858920949925,90.6112340651102,1.4976997381382828,0.5009877199819078,0.8291153115193961,0.1456655382036073,3
1.2219326588112613,1.040567811058197,0.835565066054218,0.6352180583345927,1.5017918106695123,1.2962983884086547,0.22193265881126134,0.028627100571226395,2119,2257,2260,-0.0026600518730472635,0.03593723931276793,V72_plant_ensemble_noise_free,1.0,126,8.36865232363435,90.19661460703588,1.231628750928792,0.8593963519208934,0.992629592995976,0.0755853649163758,3
1.2098108100766503,1.0289792130483837,0.8117133811991892,0.6038795063686765,1.460218411631481,1.0114237438157332,0.20981081007665026,0.028028480543674173,2119,2245,2247,-0.003104565217871916,0.027413636326026447,V72_plant_ensemble_noise_free,1.0,127,8.326667156253508,72.52480045229652,0.8581478470794676,0.9368702518718438,0.7933817189507368,0.0783084105143033,3
1.1722395416972262,1.0690623343970498,0.852296103458067,0.6518123604203407,1.2033574570139531,0.7662669426374435,0.1809844618157681,0.02971846332828164,2136,2266,2266,-0.0035302474909043586,0.03042432460712008,V72_plant_ensemble_noise_free,1.0,128,5.726190297965466,111.67622199818516,0.906496832863888,0.5676566498123882,0.7662870701670262,0.1503782946098441,1
1.269535194106153,1.12379020693153,0.8988471673067074,0.668420734386384,1.8753111519151928,1.1185766364979224,0.269535194106153,0.05507796437138708,2150,2281,2284,,0.024223973481531713,V72_plant_ensemble_noise_free,1.0,129,11.8228343320224,77.14450222787102,1.7124282530671342,0.7421967436748425,0.8601230190937009,0.2218352250672823,3
1.195088188852915,1.076592267905998,0.8413928899652625,0.625678925305856,1.364106761460414,0.9917277580718095,0.20022211392229372,0.03386145258481318,2138,2261,2261,-0.0027046409747511,0.029303120531765314,V72_plant_ensemble_noise_free,1.0,130,8.829297622310888,109.71638202239396,1.0832995808663477,0.9072091439951174,0.8860984969706085,0.144741157669325,1
1.1631529948608677,1.0586963119265589,0.8644121400209184,0.6786607550729862,1.205477765263711,1.1534050990502496,0.18244875514990366,0.029428170126540865,2136,2272,2273,-0.003106153707667926,0.029836387119388075,V72_plant_ensemble_noise_free,1.0,131,8.13386313801521,71.43841926562567,1.6229723091446402,0.506249422429558,1.06009102136195,0.0673299318889398,2
1.215331774137983,1.1053406921101732,0.8780578932105801,0.6579606715821353,1.5060238061041105,1.2506433858943173,0.22471497573647503,0.04432905512241527,2147,2275,2277,-0.0034161204736676497,0.028821861215928335,V72_plant_ensemble_noise_free,1.0,132,6.799378929570047,90.0251065726868,1.79845919717961,0.9877859112547543,0.997937629794394,0.1259328377090364,2
1.2359823766688836,1.0823874552896986,0.8523539064487751,0.6206909619949889,1.666529767719161,1.0092151708404766,0.23598237666888355,0.0419717069415435,2140,2265,2267,-0.003161403559433492,0.024481486655453022,V72_plant_ensemble_noise_free,1.0,133,11.380359037330413,143.5418957872106,0.982668329830942,0.969111122557521,0.7712377713466338,0.1493680187680842,3
1.2018916194546814,1.0402202070108824,0.8351781056810095,0.6316532163368099,1.432237266083498,1.0800472329114477,0.20189161945468137,0.030342509918115122,2120,2257,2259,-0.00227101644955252,0.025111817202876252,V72_plant_ensemble_noise_free,1.0,134,10.951342027556862,81.17204435386064,1.0782283222690203,0.7790917758963298,0.8354279417764109,0.0556965938214944,3
1.229430388024641,1.0722334174107513,0.8701460721816114,0.6549736108413052,1.5839158925645513,1.321165206670432,0.2294303880246411,0.03914145362254336,2138,2273,2275,-0.0035623054580353223,0.027913053218699968,V72_plant_ensemble_noise_free,1.0,135,9.840185550248613,134.57644530195677,1.536991779248765,0.8662100409677642,0.9716150588447848,0.0856097520420869,3
1.2202148900676868,1.0994122082787698,0.9029410345476631,0.687295185908556,1.5520979239454378,1.050361411045014,0.22079480160136677,0.04509016678562962,2150,2285,2286,,0.028491945367837168,V72_plant_ensemble_noise_free,1.0,136,10.272570916861604,75.65814404787884,1.5982265362782435,0.4342283976523398,0.766558900410018,0.0746224945885185,2
1.1835680060835017,1.064805494946468,0.8667384683923218,0.6834368205773063,1.2878462301451212,0.9467779069728588,0.19050032460539668,0.032233456033119424,2138,2273,2274,-0.003309813773741427,0.029927140519711015,V72_plant_ensemble_noise_free,1.0,137,7.841141417833288,148.2536889331608,1.2602700157517903,0.4854243531627731,0.9682989569219316,0.2358360324861773,2
1.2176757279561874,1.0952018465897484,0.8831886581927952,0.6809372539380637,1.522257774430929,0.8433848498317951,0.2176757279561874,0.04124835967220097,2140,2278,2278,-0.002827434969942346,0.027929024810994463,V72_plant_ensemble_noise_free,1.0,138,10.839735846801217,112.2956514092923,1.175550004036396,0.4421792541885597,0.756089541181453,0.2246432299496333,1
1.1966258770581049,1.0012167009558726,0.8451730574885548,0.673180784824068,1.3186684256711299,1.1151527588492882,0.19662587705810486,0.021367206137234616,2099,2259,2261,-0.0026795763074441664,0.03221392421712177,V72_plant_ensemble_noise_free,1.0,139,8.73861041410493,86.13769851319513,1.1585973271818757,0.4263182662286675,1.0889932418198085,0.1703573876982339,3
1.200611507761184,1.0044393141790524,0.8471056954429517,0.6690901788994316,1.3448985739316348,1.0355477881563777,0.20061150776118408,0.02206458364558421,2099,2261,2263,-0.0029601943857516092,0.033430601658804626,V72_plant_ensemble_noise_free,1.0,140,7.960744826028068,102.61790447482808,0.993766996974285,0.4383301305774103,0.9016555450331992,0.08264876895109,3
1.1828909381387096,1.0523801198150862,0.834610810287022,0.6321617324167179,1.28878720658803,0.7732395639909695,0.1902947543332132,0.029250708999802318,2127,2258,2259,-0.0026602142964063237,0.029850697558288397,V72_plant_ensemble_noise_free,1.0,141,6.631311370259185,85.88873623663076,0.8261761422180912,0.6176615735452132,0.766475616702546,0.2053749463201879,2
1.2296151486193854,1.0614580566201333,0.8495787307536492,0.6288814342849421,1.5591132988943073,1.1113709529749871,0.22961514861938537,0.03357690960463755,2128,2264,2266,-0.003591647121738655,0.03694520957990921,V72_plant_ensemble_noise_free,1.0,142,6.640069876645814,143.72933740054964,0.97616118174877,0.8669412135653796,0.7879193391787194,0.0495313683450232,3
1.1611541997562602,1.0566923082514001,0.8586419008953934,0.6731188887993926,1.142251368619085,0.8609104666409249,0.17220529410992302,0.02678050201768203,2136,2269,2269,-0.0029914317440207783,0.03056125012983313,V72_plant_ensemble_noise_free,1.0,143,7.856836588555026,92.79330694877842,1.100978383917816,0.4376264420910067,0.830427800864316,0.0718695033150563,1
1.1460413662275437,1.027534789499603,0.8423622343417201,0.6526878473649997,1.0978713689546766,0.9009618970223312,0.1653994380484467,0.02185544788733569,2117,2258,2259,-0.0026515539606766507,0.02837520737470467,V72_plant_ensemble_noise_free,1.0,144,8.074019880348327,125.76881461669596,0.923810183884731,0.5663833554664174,0.9214205455294242,0.0840751800081838,2
1.2169157849448984,1.1126473406185071,0.899069865449838,0.6801962870844547,1.5077282242001973,1.1828004589263514,0.21883939387060725,0.04563709590600073,2150,2284,2284,,0.028847522170413864,V72_plant_ensemble_noise_free,1.0,145,10.349923185282552,130.25409429143207,1.7990886419186245,0.6549619092734005,0.9545315298547464,0.1290449137406263,1
1.2253978181501255,1.0690536919915388,0.8783921786066299,0.6764265793586831,1.5495968869482313,1.3110543210110908,0.2253978181501255,0.03802081551355319,2138,2277,2279,-0.002808518618425654,0.028197058706738387,V72_plant_ensemble_noise_free,1.0,146,9.715114862823048,121.14644998988636,1.6878792841231376,0.6310045826530074,1.0222216442842234,0.1140471763492366,3
1.2322730618617446,1.0466998242984116,0.8443021100279828,0.6585301566593673,1.5312412870437175,1.148001628615704,0.23227306186174457,0.027020468296536104,2118,2262,2264,-0.0032713240005824034,0.04981750098966753,V72_plant_ensemble_noise_free,1.0,147,6.440687895772471,98.29909025023558,1.175136362426147,0.5821042287300496,1.0341766362084592,0.2032335699204597,3
1.211580053574247,1.1045901186058977,0.8929453637100446,0.6784756812033826,1.4736830047458966,0.9880904037083571,0.21790027018821578,0.04443487038234876,2148,2282,2283,,0.029045723552764136,V72_plant_ensemble_noise_free,1.0,148,6.342713880907854,135.85357494578795,1.4655346946991996,0.5974293936633199,0.8613872201134662,0.1836310140922304,2
1.1992845609691516,1.0816228715868927,0.8695626482711458,0.6745040980172241,1.39308563884672,0.7956967426524695,0.20079131999996114,0.03597659789998288,2140,2274,2274,-0.003120776315665831,0.0287647482834128,V72_plant_ensemble_noise_free,1.0,149,8.846113995776257,100.9183973584666,1.063527023519888,0.4420857751856034,0.7591671957610991,0.2201892456967281,1
1.2007716212054904,1.1104580095727399,0.8926861538353821,0.6784946585429448,1.3853147793363982,0.9292646347636555,0.20562687805471058,0.04217103282986191,2148,2282,2282,,0.029968113274625008,V72_plant_ensemble_noise_free,1.0,150,5.16942706869923,126.37176312544072,1.40375143330417,0.5659688233773484,0.8095922966691553,0.130865752553512,1
1.232424507659549,1.075938243436055,0.8600592191519658,0.6455708030114606,1.6086270988521298,1.1058282074030183,0.23242450765954903,0.03999337610350389,2138,2269,2271,-0.0027860049762613946,0.026188774054539232,V72_plant_ensemble_noise_free,1.0,151,8.92750522394564,105.09033313525715,1.3101716915446149,0.8305341213914603,0.9025509548490518,0.176377363455354,3
1.2208233691996064,1.0645706868842963,0.8455300428609172,0.6367049954404104,1.5582819510988049,1.0061997005715084,0.22082336919960643,0.03661266470291524,2138,2262,2265,-0.0029863482644750944,0.024760968572356656,V72_plant_ensemble_noise_free,1.0,152,10.78126685323199,88.04314054608298,1.1130867453188196,0.7696499412526716,0.8395982272736648,0.1758844230455847,3
1.1621912153646041,1.0425840458780968,0.8206359278598152,0.6091573864497959,1.174330829545514,0.958467077593685,0.1783728725275482,0.025257059581517024,2119,2249,2250,-0.0029378516447209854,0.029347337856320155,V72_plant_ensemble_noise_free,1.0,153,6.509294643474716,114.48932219409043,0.9183543391067944,0.9193869675865328,1.0085991374084131,0.1799273970148557,2
1.1549290985338168,1.0152279934617703,0.8193253722792762,0.6135414531357544,1.121334804040278,0.9763611718652487,0.16581509021102714,0.020614284971852314,2099,2241,2242,-0.003202703177090066,0.023895801128530292,V72_plant_ensemble_noise_free,1.0,154,10.234708941941978,85.3258671285591,0.8613143085595194,0.75440889253711,0.9870837071153008,0.1073688791775354,2
1.2141998423786893,1.0579696504114593,0.8437216112959746,0.6429414875642945,1.502251037048142,0.9693710738909899,0.21419984237868928,0.034399627164351534,2129,2262,2264,-0.0028393274213839837,0.02502842595960142,V72_plant_ensemble_noise_free,1.0,155,9.743331256911851,87.55782926036008,1.1033193898263192,0.689291744287104,0.8892291100196732,0.2324988078888802,3
1.127538592724636,1.0351834532513604,0.853466413645114,0.6774727048878375,1.0089568527817787,0.874889849633869,0.15116434449566252,0.020871018826839623,2119,2264,2265,-0.003611936746491342,0.02945367723615444,V72_plant_ensemble_noise_free,1.0,156,5.109537322080909,127.01943816159528,1.060946379641081,0.4395891598604799,0.9957091875015274,0.111297120662923,2
1.185529227645545,1.0691292536852672,0.8265209036175092,0.6065523823527244,1.2928933747643678,0.8876313202738979,0.19227389240612736,0.030716557177408118,2131,2254,2254,-0.0035563229020562598,0.0298302909421182,V72_plant_ensemble_noise_free,1.0,157,6.719938711375016,111.87579815614562,0.8707167757610269,0.9346951330781796,0.8524282941964493,0.1696109986338344,1
1.2192897688667879,1.1090764304981635,0.8793965242993704,0.6507901892445644,1.52556679353553,1.067835920709056,0.22555500808689133,0.04564877644786578,2148,2276,2277,-0.0035473908058264877,0.028731183097479907,V72_plant_ensemble_noise_free,1.0,158,6.177858476858303,136.71708767864902,1.4280031268702844,0.918203557585332,0.894426834888151,0.1728159847271306,2
1.2021791348757498,1.0846599154199943,0.8557408787254297,0.6468404848283884,1.4058285594037896,0.9187034043155156,0.20435783756304926,0.036455322753426854,2138,2268,2268,-0.0032018797576227023,0.028974698061258852,V72_plant_ensemble_noise_free,1.0,159,8.624892468538047,104.76425575168246,1.1321245615481188,0.7112768889322045,0.865099054607452,0.214255873746037,1
1.1678686398659057,1.037436701790228,0.8425220098598524,0.6674589545364484,1.199721315108008,0.7504840101161832,0.1730459985671995,0.02381400072342189,2119,2260,2259,-0.0018990853364447553,0.027144692180322227,V72_plant_ensemble_noise_free,1.0,160,10.748205622403628,112.16998399213918,0.8017270681175414,0.4039213422868769,0.8074266438602811,0.2252664139021521,1
1.2001386147086957,1.0381591960697332,0.8497779985521776,0.6524760482126953,1.395378644206747,1.1476945493011725,0.20013861470869565,0.02958692879582017,2120,2264,2266,-0.0032304078091275365,0.02616877616920421,V72_plant_ensemble_noise_free,1.0,161,10.273371702074916,134.07256106017678,1.189451940636475,0.7041774430033724,0.9615125076339592,0.0961625287914538,3
1.168126160776945,1.0378009264199837,0.8485869301924065,0.6627739212858306,1.2061108792524042,1.0945253391271967,0.17507383672005017,0.025696685510262815,2120,2263,2265,-0.0030345647479506715,0.02997991618396223,V72_plant_ensemble_noise_free,1.0,162,11.853829329816396,131.1175672700595,1.2005642153464806,0.5991058040137323,1.01268536924634,0.0859925166178272,2
1.1677657881885577,1.0630628854517519,0.8419172221879616,0.6480931011381905,1.169672907310906,1.0422496490209847,0.17733420382517395,0.02744887981526941,2126,2261,2261,-0.0028727791558222867,0.03073895369147328,V72_plant_ensemble_noise_free,1.0,163,6.796937249380585,81.45229300728316,1.3047429824712249,0.751838314864159,1.073122261795159,0.1540860065753167,1
1.1886235233818836,1.004816999392507,0.8198994900736448,0.6189243160405281,1.3009673583996049,0.9873648292996309,0.1886235233818836,0.022015181492583125,2099,2244,2246,-0.0035482637354844588,0.0256727194356432,V72_plant_ensemble_noise_free,1.0,164,8.640127609430273,82.62785589283786,0.8465461171279511,0.7005076952800882,0.9352450832152784,0.1451573628630847,3
1.2121925450110398,1.074523767862164,0.8602962765921511,0.6409239748816167,1.6056782273014574,1.069209662865417,0.24690249135498266,0.037484448766468434,2136,2269,2271,-0.003031783096681198,0.0433489454578313,V72_plant_ensemble_noise_free,1.0,165,5.054942950901363,111.96649864947751,1.1401816370301818,0.808651591651161,0.7795269800786183,0.0768722605407054,3
1.2349878976624562,1.0825688155463136,0.8940045621966952,0.6940447205527814,1.5964234369253503,1.0976189403328658,0.2349878976624562,0.04068486912735761,2138,2283,2285,,0.033823845234641325,V72_plant_ensemble_noise_free,1.0,166,6.505410731641469,142.9100837330384,1.4975112297872206,0.4430561864511558,0.8624938420055654,0.1432756401915246,3
1.1924000082958015,1.0823589784593426,0.8773474830026049,0.6750525544458871,1.3577988053570527,0.9951078135450389,0.19814647727200474,0.03602342676992377,2140,2276,2277,-0.0032123966393730894,0.029262769817827827,V72_plant_ensemble_noise_free,1.0,167,10.41809994880622,125.31650489666806,1.3101071000298066,0.546198870053576,0.8257697111252839,0.0785387220068405,1
1.1995636909297,1.024929302640885,0.8386383031338784,0.6543774282784364,1.371760799468521,1.18408601946222,0.19956369092970005,0.026023066769335256,2119,2259,2261,-0.0026424843191559986,0.02778887195315627,V72_plant_ensemble_noise_free,1.0,168,9.787129015431631,76.48075185792831,1.2826854692842575,0.6322610419973411,1.0790887493230237,0.1528944143189682,3
1.1474303701770205,1.0449800534051312,0.8237198345323973,0.6062902565820673,1.0538536433322554,0.9723188833569565,0.16082958953427462,0.021920580223537364,2119,2248,2248,-0.003383184128440027,0.02839128235575128,V72_plant_ensemble_noise_free,1.0,169,5.9108670088003565,117.06606766716004,0.9147771014966546,0.9464094420963604,1.0064326627983144,0.0458600123246593,1
1.1976215033258237,1.0395647586616756,0.8449438698460753,0.6437863024465832,1.3868473596509312,0.8714716307558145,0.19762150332582373,0.02961304972396334,2120,2262,2264,-0.002938161257468915,0.025517025372430058,V72_plant_ensemble_noise_free,1.0,170,8.358020772217738,137.50449944148363,0.8322727265411384,0.6293051043649946,0.7615078733283609,0.1291669731991122,3
1.2068371743528274,1.0719051066916374,0.8608260531627097,0.6584596265131336,1.4602552860335871,0.9049355433735441,0.20683717435282745,0.03617505086669799,2138,2269,2270,-0.0024974202485000753,0.028327852240272122,V72_plant_ensemble_noise_free,1.0,171,9.913239714512784,79.2420708879395,1.1257772263794332,0.5535315240191314,0.7749440437182392,0.1587923197097443,2
1.2307056524238063,1.0742767426369229,0.8571683624286497,0.6489025095711943,1.6072090713919946,1.3259518727798905,0.23070565242380625,0.039574096947341826,2138,2267,2270,-0.0027043143193584947,0.025320701841552884,V72_plant_ensemble_noise_free,1.0,172,11.934361308733674,97.73660317845352,1.6326148024806024,0.9579615282048136,1.0998885995073948,0.189696789924124,3
1.1685349947401078,1.0587783532640258,0.851658273159338,0.667330544053895,1.178470721257274,0.692238963523572,0.17565392347630593,0.027459811072797765,2136,2266,2266,-0.00336830932535419,0.030191037337044424,V72_plant_ensemble_noise_free,1.0,173,6.212046086260788,95.39506065377763,0.8599102974627322,0.4114496686004645,0.7606903030217851,0.2316497877503621,1
1.181045693313353,1.087204644355599,0.8825935216563191,0.6843483873720051,1.26887345673325,1.046982395883737,0.1904868991049684,0.035243496947361674,2140,2279,2279,-0.002851805514608004,0.03042361678840133,V72_plant_ensemble_noise_free,1.0,174,7.378269743214535,76.22244670693918,1.5945012283468951,0.4592188548409069,0.895741826718198,0.0500501409105909,1
1.1845201462417518,1.084357901008533,0.855811030772709,0.6477003028467576,1.2812964351411957,1.0429523340745508,0.19222357918462474,0.03368874449843145,2138,2268,2268,-0.003443973783850199,0.0303468671747662,V72_plant_ensemble_noise_free,1.0,175,6.087374357908513,97.89902625349326,1.343618227435722,0.8155095898212827,0.955202548940006,0.1158915699207473,1
1.1576134501872044,1.0599273533097597,0.8518930356996908,0.6688760306275624,1.0955555032004787,0.8378501412867372,0.16750842747056383,0.025857518778417892,2126,2266,2266,-0.003651370618321331,0.03113481102698379,V72_plant_ensemble_noise_free,1.0,176,5.389798744331677,93.72816821874328,1.1139051844581758,0.4750179271952409,0.9616946008055336,0.2118662303007726,1
1.2561920606502706,1.1158483083641222,0.9016857561581413,0.6704445823573574,1.7574623322933052,1.177571721250016,0.25619206065027056,0.05196594379605314,2149,2283,2285,,0.028446907512361896,V72_plant_ensemble_noise_free,1.0,177,6.881995555058463,110.95677831145504,1.7301435251620645,0.7603432807777171,0.8879672958449674,0.1738344214717333,3
1.2200660552709048,1.051426970468071,0.850937059839117,0.6407077364647107,1.5149398839813948,1.4529260241682582,0.22006605527090484,0.03324814233460212,2129,2264,2267,-0.003358706945562973,0.029431137909206706,V72_plant_ensemble_noise_free,1.0,178,10.693609654242008,126.19682247819352,1.4881269326256583,0.990521363994316,1.0631167253325708,0.0507421958899348,3
1.2090397446567391,1.0974954106493782,0.8579690580643616,0.6432109593317022,1.4441624749456068,1.0895328337779415,0.21222399999822028,0.03940836330214582,2140,2268,2268,-0.003233165483960877,0.029279785445689877,V72_plant_ensemble_noise_free,1.0,179,7.403633577759771,94.88748907927372,1.4222303066975686,0.9566607876517824,0.9681252376020772,0.179724031904133,1
1.254215627498087,1.111999977894315,0.9053729206277892,0.6641214085278468,1.782320817274134,1.2304682149983441,0.2542156274980869,0.0524415978906008,2150,2283,2285,,0.0248655431417526,V72_plant_ensemble_noise_free,1.0,180,11.56931489870476,118.80866022683492,1.66144647403173,0.8280413442764964,0.7777273417459951,0.0571054896567814,3
1.195760561365217,1.0966415538909482,0.8958365288030723,0.6939140848204598,1.3739704444301015,1.0748680477893353,0.20711906497133703,0.04121761771866975,2148,2284,2285,,0.02925107304136154,V72_plant_ensemble_noise_free,1.0,181,6.433624417033812,76.89683606962525,1.780901808106405,0.4035743822523406,0.9390366443948778,0.1382381514774118,2
1.1605588268971234,1.064496261487671,0.8598451194417317,0.6738346809049356,1.1220285352818715,0.7989015120269589,0.17107035991189368,0.027483734448830986,2136,2270,2270,-0.003077394403012227,0.031025129260788153,V72_plant_ensemble_noise_free,1.0,182,5.485159159066801,120.6189300679024,1.0398826403636672,0.463760446403203,0.8435416736999477,0.1434868315218614,1
1.1577411613950797,1.0518476837395985,0.8638842866676768,0.680969590002464,1.179631338392677,1.1843994985033814,0.178266879422726,0.02772554785428926,2127,2271,2273,-0.003141111466389159,0.03031459184775054,V72_plant_ensemble_noise_free,1.0,183,9.04307088992929,94.5712974668758,1.6007385974676307,0.4991210663312419,1.0942540444044797,0.051874100879057,2
1.187739863572788,1.0969658182706974,0.8784516887076083,0.6718089511088483,1.3020263710870013,1.0872966673912896,0.1952272004250062,0.0369875937786634,2140,2277,2277,-0.003514486281168424,0.03049941731803485,V72_plant_ensemble_noise_free,1.0,184,5.508141211608862,76.95464978723953,1.6339196961261182,0.6366650475255263,0.927822406290112,0.0644817754704525,1
1.2311722986401668,1.0620155229937431,0.8805872948480182,0.6945167311946507,1.5488906719319386,1.2396467142622196,0.23117229864016675,0.03336648020641821,2128,2279,2281,,0.04077642720010877,V72_plant_ensemble_noise_free,1.0,185,7.465804714288769,144.05044754171865,1.4879491448718951,0.4254998378263616,0.9219156564696678,0.0710919463659985,3
1.1595022257491896,1.0666439806702304,0.8701954268776488,0.6895501489881636,1.1743447008696235,1.012736653208887,0.17838949890348843,0.030023389941117962,2137,2275,2276,-0.003915560614065487,0.029453681719367353,V72_plant_ensemble_noise_free,1.0,186,5.608063120285918,108.71725572054854,1.4971043690736638,0.4238085297662398,1.0375011379882229,0.149231795731349,2
1.2298368684446095,1.0587461545851797,0.8273352522056485,0.6125775937643962,1.5757738644820192,0.8855353293302969,0.2298368684446095,0.03484788464854178,2128,2255,2257,-0.0033488186262959976,0.028616423898349064,V72_plant_ensemble_noise_free,1.0,187,6.1979639126493815,87.22979602710939,0.865026149966652,0.8527607486038642,0.7808084059635884,0.2291068917391741,3
1.188514806441437,1.070327976535164,0.8656667324590401,0.6841046450755054,1.3229531274787478,1.0351405925116677,0.1914897835163103,0.03241782568950446,2138,2272,2273,-0.002729692471472538,0.02906296402336439,V72_plant_ensemble_noise_free,1.0,188,11.767391709746986,75.52997323433593,1.4756996035405303,0.4134315969484348,1.0268267401111717,0.2194992422663631,1
1.2058553163723094,1.103425820479723,0.8872973000822536,0.6775799769470884,1.4284785693409547,0.9190159041490558,0.20947491373332938,0.04162024571767572,2147,2280,2280,-0.002629996429000142,0.029325570406055324,V72_plant_ensemble_noise_free,1.0,189,7.157408229829455,79.25429194848118,1.4024573048735784,0.4956305637895002,0.7939580042329079,0.1480210590970175,1
1.1974575401887908,0.9953125295321613,0.8322289862635279,0.6345963137377045,1.3280020250498659,1.051681561360382,0.1974575401887908,0.020779621028558005,2098,2250,2252,-0.0029077642912255,0.032601219787519176,V72_plant_ensemble_noise_free,1.0,190,8.22993485392966,97.90327665080557,0.8557112140471964,0.6056533956363193,0.911266905636818,0.0702376581879936,3
1.186560853563679,1.0619463949039127,0.8295547665171713,0.6089144833737455,1.3130775416244505,0.8788139600923972,0.1970937093157774,0.03145249877709668,2127,2256,2257,-0.0035555156756033493,0.029543819203469823,V72_plant_ensemble_noise_free,1.0,191,6.347313171164219,129.3946951126079,0.8300656864829423,0.9080765184586872,0.84083641306493,0.1869258065537288,2
1.165891581048689,1.0548431086420758,0.8619766253176704,0.6738563125109205,1.2078025014764995,1.0273969048185527,0.1825747276084979,0.028942016059237352,2137,2270,2272,-0.0029892700681448856,0.030399161549992115,V72_plant_ensemble_noise_free,1.0,192,8.174029274641882,123.14964800937145,1.3078604018157325,0.5392165689650908,0.963030922963231,0.0896621145245897,2
1.2214416608864505,1.0955552838347662,0.8669053328837528,0.645105334988906,1.5560558313884096,1.0367085197909671,0.22783148045985468,0.04293339607029851,2140,2271,2272,-0.0027551782911303248,0.02874739720925934,V72_plant_ensemble_noise_free,1.0,193,7.664203182173582,75.12854315298539,1.3221614171183544,0.9095798134574812,0.7595082305925984,0.0813626633163724,2
1.1709031818615867,0.991470639237086,0.8461154370491979,0.6703820356182516,1.1863972053044893,1.0501113978570338,0.1709031818615867,0.01970224740362784,2099,2256,2258,-0.002640793172857957,0.029484084147279876,V72_plant_ensemble_noise_free,1.0,194,10.266531055550274,102.84414400777727,1.0427407299641995,0.4360699231607595,1.0215916079126408,0.0872744598228368,3
1.1870241875685963,1.0607741065046143,0.828034460709362,0.6276614453680591,1.312437057685742,0.9577504797212335,0.19780562384111922,0.030848075512438466,2126,2255,2256,-0.0034413253518513235,0.029189356338421568,V72_plant_ensemble_noise_free,1.0,195,6.012914656492788,75.30967238197148,1.0877619973644967,0.90112165959998,0.950617379676032,0.2222542000570654,2
1.263664493249964,1.1535195920727428,0.9248763374060626,0.6748043253932992,1.8110228947319476,0.9975472157629024,0.2636644932499641,0.06134394404844845,2151,2289,2289,,0.02730959939466504,V72_plant_ensemble_noise_free,1.0,196,9.59147760573332,144.19682416971054,1.6060812746836686,0.7412082802857793,0.762583264483361,0.1988041070009853,1
1.2479794284462442,1.091971313988192,0.8635921584720987,0.639750749048225,1.7035472143581285,1.0657181655379229,0.2479794284462442,0.044377322792113705,2138,2270,2272,-0.002910870985921598,0.02871325491268184,V72_plant_ensemble_noise_free,1.0,197,6.637162374032092,93.91542110415658,1.2836582154909806,0.9273731753387774,0.8208865319732943,0.1705897659708803,3
1.2253824471388077,1.1162903450999972,0.8730054817343652,0.6394704082667786,1.5492914790676338,0.8843961242636276,0.22538244713880773,0.04586508364810621,2147,2273,2273,-0.0031388773785196705,0.028700884663560577,V72_plant_ensemble_noise_free,1.0,198,6.313576048132715,142.71005951678558,1.0913980731475237,0.8857964993965388,0.7710441696797813,0.2107247129054208,1
1.2488199806296059,1.1305139313836512,0.9040602315749016,0.6653611042089306,1.721606344231954,1.1376087438236362,0.24881998062960586,0.05455982444744497,2150,2283,2284,,0.028044056266529394,V72_plant_ensemble_noise_free,1.0,199,8.241802286988609,113.6857408225309,1.7346919890487462,0.8552388040241805,0.8689010593988185,0.1720666631355086,2
1.2460373131132185,1.1110694462051394,0.8778628576783922,0.6448799875551772,1.7114547332643593,1.0192500745346509,0.24603731311321853,0.048746018706709464,2141,2274,2276,-0.003568412599842121,0.027215684834185794,V72_plant_ensemble_noise_free,1.0,200,10.619390063739798,137.24563079312418,1.268782525781348,0.9038705517143945,0.8236384237425503,0.211074761882393,2
1.1693320308666462,1.056379886149094,0.840683873946448,0.640741677146708,1.1892268778194601,0.9401721205094171,0.17724213201303018,0.027056038444124488,2126,2260,2261,-0.0028550884917076043,0.030123544596438734,V72_plant_ensemble_noise_free,1.0,201,8.62184643101354,146.71176907715426,0.9920018316318452,0.7411748984422106,0.9764501416665304,0.1799219159920872,1
1.2274798584922642,1.0707963299949848,0.8504087305831178,0.6387715276079865,1.5545493812181261,1.1936524017542522,0.23392016030907525,0.03638890394194644,2128,2265,2267,-0.0035381194580260235,0.04138146902383477,V72_plant_ensemble_noise_free,1.0,202,6.41266869655278,128.82021524081154,1.2948425300387465,0.9285001647545348,1.026685507644815,0.2081899394411309,3
1.235092636393529,1.0748064286339356,0.856553570911704,0.6291394762183656,1.6271514349627254,1.108288547683554,0.23509263639352906,0.04003417713682589,2138,2267,2269,-0.003059397046442738,0.02761474702229072,V72_plant_ensemble_noise_free,1.0,203,8.206272432391204,118.70374463819282,1.147226801686826,0.9598115270300056,0.7892854223847381,0.0809503397679755,3
1.277846237151979,1.157378550020294,0.9176151994778141,0.6636378867909333,1.9119035271994946,1.050720750486278,0.277846237151979,0.06329424960596013,2151,2286,2286,,0.026749536893988957,V72_plant_ensemble_noise_free,1.0,204,11.416979198429026,100.62514070062618,1.6827440432138756,0.8793373602924723,0.7550787845856576,0.1829720923994798,1
1.2565617915219496,1.1413765177958037,0.9226286564963626,0.6870084420150805,1.7639662399070792,1.0121278987279294,0.2565617915219496,0.05863326020501241,2151,2289,2290,,0.02773633983935908,V72_plant_ensemble_noise_free,1.0,205,7.525042337405165,83.9026372547814,1.7992552569345457,0.531332551856724,0.8269927986007959,0.2382060164572343,2
1.1971155413669567,1.079744160366695,0.8522305338247326,0.6530792637739423,1.3690323405943556,0.9867403010271452,0.200250281640187,0.034622869868088824,2138,2266,2266,-0.003243935881725439,0.02925287922096098,V72_plant_ensemble_noise_free,1.0,206,8.643835660785383,76.29654270992762,1.2964894110558614,0.6961693204930879,0.9595930401367484,0.2254439657409677,1
1.2376810164942285,1.1302912845624533,0.90531666589072,0.6786064895111383,1.637047308580367,0.9582548276749592,0.238893765933182,0.05293280836552208,2151,2285,2286,,0.028421801830713855,V72_plant_ensemble_noise_free,1.0,207,5.167624844563753,72.19686620776088,1.632659969110155,0.5801059770352531,0.819463390586739,0.2335729098048184,2
1.2063807859114775,1.0859451867914296,0.848980395667212,0.64052682639138,1.4366564147029917,0.9943840542392632,0.21039773217825375,0.036886856440789026,2138,2264,2264,-0.002920302460768322,0.0291063497231141,V72_plant_ensemble_noise_free,1.0,208,8.101305343235378,71.30608806383916,1.2348500608748545,0.8832178847183588,0.853703490888823,0.1471898315795534,1
1.2340344471452032,1.0816585474279592,0.8867366951280691,0.6852104677950572,1.5956850574212544,1.0327426966493616,0.23403444714520316,0.041059287079365375,2140,2280,2282,,0.029018291870271717,V72_plant_ensemble_noise_free,1.0,209,6.873791942343729,130.30649612978422,1.4108164078097791,0.4952330621278541,0.8750335871177812,0.2019567253875112,3
1.2351298335698195,1.0825741845067396,0.8606577597317976,0.6408761579077085,1.6471598508881462,1.0020916047912216,0.23512983356981954,0.041984004192212244,2140,2268,2270,-0.00259465186410329,0.024804921526236035,V72_plant_ensemble_noise_free,1.0,210,9.912883575062876,101.44497994436122,1.1672193869740553,0.801358339868546,0.7977814703667141,0.1728279267033861,3
1.1837346467154992,1.067459809287053,0.8418911210973826,0.6255213338285068,1.2938486405700451,0.8917244717321818,0.1904407390888816,0.031072043475517896,2136,2261,2261,-0.002722346033471963,0.02953041986740579,V72_plant_ensemble_noise_free,1.0,211,8.705385764363427,149.2066619299757,0.8617615838223778,0.8220558184872488,0.8086422455346645,0.1181508849797216,1
1.1828659729315814,1.0667092040701927,0.8376294923317645,0.6281462550749353,1.279178504758703,1.0985092956260414,0.18919907430017546,0.03039732877577449,2136,2259,2260,-0.002720416165670374,0.029717265482713584,V72_plant_ensemble_noise_free,1.0,212,9.648517505885028,135.1811857157519,1.1768702692469306,0.9571888481097006,1.0675381116964129,0.1732114812664311,1
1.1717505498486696,1.0340345682318817,0.8288183329036565,0.6272764639239998,1.233152359034082,0.8417795834517354,0.1786466330828671,0.025180196720323744,2119,2253,2254,-0.0031991771101848145,0.028187038590495206,V72_plant_ensemble_noise_free,1.0,213,9.122288873409715,79.31561426977512,0.8094587297250782,0.6141194484365342,0.7548650199993373,0.0758484773149529,2
1.1636952348945369,1.0619629011612783,0.8437858453501466,0.6471495569221688,1.1463070476721766,0.9677995663952894,0.17465261258173048,0.026931642992763533,2126,2261,2262,-0.0030410881271842978,0.030935840757291277,V72_plant_ensemble_noise_free,1.0,214,6.310747209010341,81.65392669711657,1.1898303104839696,0.6951552346259311,0.960793319895472,0.0995514116964072,1
1.1753129826167406,1.0683442917231725,0.8387305235567498,0.6362459242395587,1.214666111656444,0.994740526224374,0.18263598666547076,0.029191988534533243,2136,2260,2260,-0.0028257691180777985,0.030403688476852597,V72_plant_ensemble_noise_free,1.0,215,6.500632620615381,111.32006804877336,1.1654743779436392,0.8295181623340547,1.0617645223983865,0.2239096039197842,1
1.1941347658271417,1.0806607139867603,0.8829984355109578,0.6774477542905057,1.3777383181705816,1.1897219935349106,0.2044796581299504,0.037747753236157616,2140,2278,2280,-0.0026408945580002415,0.029737761275394403,V72_plant_ensemble_noise_free,1.0,216,9.788023697268953,101.79773866551996,1.6620233090311618,0.5870504209069118,0.9300795524669716,0.0486145259521249,2
1.2325409856979972,1.0775594231921617,0.8346457951583237,0.6370937936029795,1.56460072780025,1.4655958859679927,0.27594065377908095,0.027677144443088803,2075,2256,2258,-0.0031074314207302778,0.06390155412118825,V72_plant_ensemble_noise_free,1.0,217,5.388069308519698,81.87759124779195,1.311028928944315,0.9384233475057367,1.05477489052997,0.0599094709318029,3
1.214848218494467,1.062910255317622,0.8674172365971513,0.6742094666078176,1.492131897579381,1.1180898183011958,0.2148482184944669,0.035819416582629965,2138,2272,2275,-0.003485299693186713,0.025792242573976498,V72_plant_ensemble_noise_free,1.0,218,9.873379172090528,100.95029862277566,1.4624273252325948,0.5509393574583383,1.0015333939950106,0.2041143899554932,3
1.152404798844271,1.0362038440091461,0.8197556477523364,0.6068687078702903,1.0906966527459956,0.9902615351092072,0.16483458642250315,0.02177718535715916,2117,2245,2245,-0.0038255983522164122,0.02544823347398184,V72_plant_ensemble_noise_free,1.0,219,8.796024661660807,107.02139189398514,0.9047033233002209,0.8973472259276842,1.0269503802507507,0.0949369020441805,1
1.1550552940343453,1.0256726117029675,0.8244932862596314,0.6284657739160251,1.152694183542209,1.089337529385805,0.17302460340171844,0.02226638143025028,2117,2247,2248,-0.0027720440765250515,0.02622695480771997,V72_plant_ensemble_noise_free,1.0,220,9.72465458685502,74.14700907436453,1.0877733988781948,0.8209480403379328,1.0328552356153486,0.0567823546183526,2
1.2060049456983684,1.0999560551640246,0.8794928392251795,0.6735985748377828,1.4220297092709209,0.9427209075682778,0.20753876759964185,0.040471570278857394,2143,2277,2277,-0.0033396726627887233,0.02914321574888068,V72_plant_ensemble_noise_free,1.0,221,7.587858339718389,120.56566957785462,1.3610674895339143,0.5803352574911064,0.901579566758344,0.2364305865727635,1
1.2266314064482182,1.0428723183962125,0.8242199582475552,0.6072160761264587,1.5231978630540226,1.1018617755815137,0.22663140644821822,0.027658536713861315,2118,2252,2254,-0.003612573667564352,0.041342206442388285,V72_plant_ensemble_noise_free,1.0,222,6.652961235206114,107.41094546424564,0.848808380569581,0.8805277739666516,0.8126811821837245,0.0553360937245707,3
1.1586695970818317,1.0432057227636924,0.8515792454353066,0.6672355430104853,1.1641545465761205,0.9663002149048837,0.17583665044866725,0.02579017632929187,2126,2265,2266,-0.003375703855554875,0.030663007070847348,V72_plant_ensemble_noise_free,1.0,223,8.064991359381349,91.23908546706464,1.1912458498124876,0.5023298481783621,0.9524529269322858,0.1031612567186746,2
1.1894427221627129,1.0916688216265027,0.8852901118473244,0.6929276161463742,1.3142170290027142,0.9935583237870205,0.19485386493823076,0.0370323281689809,2143,2281,2281,,0.029908606005714766,V72_plant_ensemble_noise_free,1.0,224,7.380668104365686,103.76554603860932,1.5626737352963054,0.4068181755511796,0.9524666128434242,0.1800896937992117,1
1.1706997424369696,0.9990768100009101,0.8435445800701569,0.6695362455676865,1.1921691820240665,1.0391705696093836,0.17069974243696961,0.02057486814881433,2099,2256,2259,-0.002424057274673772,0.026971729199444017,V72_plant_ensemble_noise_free,1.0,225,10.415025237850916,109.36525913099648,1.0714708860650606,0.4607970821381476,1.0726214458644905,0.1551117624505995,3
1.2192051378856865,1.103399978968874,0.8658319629942611,0.6508359957963221,1.511599020146144,0.8620703598705636,0.2192591860665758,0.042189884066519544,2140,2271,2271,-0.0027141036029600172,0.028704394263288746,V72_plant_ensemble_noise_free,1.0,226,6.9368248239224695,75.75689016873666,1.1807759946255512,0.6954720576713911,0.7789921406900115,0.2263908190823919,1
1.1940116995226504,1.062670288787662,0.8230976780889174,0.6119244793618828,1.3627746878927196,0.8979217705235476,0.1982680255584348,0.03080545677261912,2126,2253,2253,-0.003186494178937158,0.028974635707371688,V72_plant_ensemble_noise_free,1.0,227,9.406376521374854,84.51842769552681,0.8970688419412267,0.8615753852842762,0.823359583843351,0.167763062950622,1
1.190030455425408,1.054627583649565,0.8170773066451061,0.6132489645002231,1.3323742541195607,1.0491412851305113,0.19377223778225527,0.028687326743903094,2120,2249,2249,-0.0025468952278306094,0.02838117304631882,V72_plant_ensemble_noise_free,1.0,228,11.148256700197429,88.55367637668243,1.054665062009403,0.9875435701719004,1.039978222239598,0.2245478559958106,1
1.225866452620515,1.0810992275619813,0.8838384063308637,0.6820644834714912,1.5713013516960812,1.058737258314809,0.22586645262051497,0.041174460039179496,2140,2279,2281,,0.025361076338836108,V72_plant_ensemble_noise_free,1.0,229,9.605494496423166,127.0150064648543,1.4580643369521191,0.5262556067376667,0.9075934999890392,0.2018757344784293,3
1.212466944611526,1.0984302823192333,0.8804928274766521,0.6539464327166944,1.4907769691891621,1.0179278151546445,0.21967828555555702,0.04313740259010603,2148,2276,2277,-0.0034224918263834865,0.02909066892311829,V72_plant_ensemble_noise_free,1.0,230,7.362704160964553,147.0246936514697,1.2785121640626982,0.8160603359189322,0.800737391526528,0.1071338541381967,2
1.146922107306319,1.0457031104187633,0.8357826996285875,0.6387302802114481,1.0540729576465777,0.9095563739364582,0.16066018716395458,0.022226364165472946,2119,2254,2254,-0.003577354017495788,0.028812465569061807,V72_plant_ensemble_noise_free,1.0,231,5.919218902233238,74.14692771117797,1.0371228706095086,0.6784867813860624,0.9432244402740948,0.0480474863205845,1
1.2243861007649925,1.0998623314632363,0.8639763958121365,0.6429226802914282,1.5600861695878687,1.0749759837211452,0.22438610076499255,0.04243543650719743,2140,2270,2270,-0.0026206558570221585,0.028041787147649933,V72_plant_ensemble_noise_free,1.0,232,11.662464487986618,123.06753268001025,1.3274072915098931,0.9036612570210544,0.9240713705220186,0.2039951881873642,1
1.1816930609087466,1.0872958753999484,0.8756558954838145,0.6757267043029311,1.3014681960821648,1.1550168308608701,0.1985254827775471,0.036677004875321,2141,2276,2278,-0.0035962502326801213,0.02958199261688832,V72_plant_ensemble_noise_free,1.0,233,5.798087296647497,107.42774095887984,1.733758434917601,0.6377488858090888,1.0999118634069698,0.1654776789522942,2
1.2311237989219304,1.1118911316041504,0.854948237481618,0.6319035837605457,1.5835697905431985,0.8612162112951224,0.23112379892193036,0.04443193653624178,2140,2266,2266,-0.003346980845030601,0.028645518983872353,V72_plant_ensemble_noise_free,1.0,234,5.237745191970987,76.40586550531712,1.1059089514821625,0.9526595447764264,0.7526538573672266,0.2265928493352202,1
1.218082134414888,1.075888036774146,0.8873354273281167,0.6911261417504545,1.5335097391380506,1.044888939873231,0.218082134414888,0.03970416087971188,2140,2280,2282,,0.025058245340516372,V72_plant_ensemble_noise_free,1.0,235,10.600076749691064,122.15082762516349,1.4583860725159368,0.4247358815258705,0.8621765921219288,0.1548279570705515,3
1.1537278282535657,1.0479581567060867,0.8397805352029704,0.6456860280660605,1.0783655370324787,0.8064048906342661,0.1644974620229338,0.023608418451810272,2119,2259,2259,-0.0028691371922447344,0.030498822551360938,V72_plant_ensemble_noise_free,1.0,236,6.378113714884686,130.5123074559595,0.8658492185585577,0.608545025923958,0.9177200749092944,0.1901482319332348,1
1.2006781697835205,1.082121171283867,0.8804972290349147,0.6742254897390956,1.419203655210787,1.0092884409865348,0.2077020913458456,0.038521431760689936,2140,2277,2278,-0.0031304645351652003,0.029444079031681225,V72_plant_ensemble_noise_free,1.0,237,8.663485333735023,75.23621966723726,1.4092794979852696,0.515209593691685,0.7921454757490239,0.0713814234213227,2
1.1873564359827427,1.0827202872254267,0.8790972050513524,0.6728894714348621,1.344510497544441,1.0416276789095171,0.20295776760030226,0.03727178326326038,2140,2277,2278,-0.0033263759098901666,0.029483974902074994,V72_plant_ensemble_noise_free,1.0,238,7.049449817764838,74.9359555934693,1.494280090516629,0.5619081064959531,0.8349621253805373,0.045833964953055,2
1.1852553309856142,1.0609808859560887,0.8402004159918399,0.6370971200722796,1.3114109693490923,1.00118017696961,0.19101521212239247,0.030043293896088754,2131,2260,2260,-0.0023090488835618684,0.02915305600263851,V72_plant_ensemble_noise_free,1.0,239,11.35219340334807,95.05571084255446,1.0947671475185632,0.7412258954198778,0.8984854882144863,0.1196143069168268,1
1.1292732814548967,1.028049859088401,0.8475500318267214,0.6617367230199752,1.0042045863307574,0.9143535801848075,0.1514161997562138,0.020458920843210274,2117,2260,2260,-0.0027940504467793567,0.027218791163362566,V72_plant_ensemble_noise_free,1.0,240,6.377057113229865,132.75803704035167,1.012583001634094,0.5460232040656918,1.0068406900950588,0.0737428609661767,2
1.168341596642245,1.056984992925338,0.8328167801545401,0.6239952308127361,1.1810884191769417,0.8194923849378775,0.1775264858148693,0.026803539539256998,2126,2256,2256,-0.0034661730594749483,0.030345044802754018,V72_plant_ensemble_noise_free,1.0,241,6.70497510626567,115.31660690571414,0.8254757574996079,0.7292742294294596,0.8341569816907031,0.1530776827510835,1
1.1692820574615872,1.0779073885396262,0.879000506102133,0.6917826039892897,1.2309126083555502,0.9644272290398808,0.18729736574380795,0.03359560458570447,2141,2279,2280,-0.0029665430066962506,0.029514993005037127,V72_plant_ensemble_noise_free,1.0,242,5.140592771012501,127.5346839292794,1.4570947585185017,0.4284360334213182,0.951929374330912,0.1525977992082768,2
1.2111539922090828,1.0520197371777031,0.8602408027101629,0.6615200032250099,1.464291353376221,1.3081126406574364,0.21115399220908282,0.033307830470203026,2138,2269,2271,-0.002717068048794385,0.026612051103697354,V72_plant_ensemble_noise_free,1.0,243,11.01212371217839,133.85948136049268,1.5080336721975516,0.7457155709857088,1.084575514168515,0.1233743377715514,3
1.2408801815322497,1.1026386233271286,0.8928186160973502,0.678521613552562,1.6511726712493888,0.9509599383326488,0.24484620208306618,0.046685321788972986,2148,2281,2283,,0.03695999164750985,V72_plant_ensemble_noise_free,1.0,244,5.072004084139057,83.40083017954191,1.416303826020282,0.5056254142187442,0.7967414105945946,0.2235869098933097,3
1.1548645167635505,1.0429539761480071,0.8254112324924701,0.6186270540224369,1.16267571007674,1.0439924952122945,0.1756929585927447,0.02487564912781574,2120,2251,2252,-0.003087963338022574,0.02913973541370818,V72_plant_ensemble_noise_free,1.0,245,6.638751244476393,92.71454386990337,1.0576591058032545,0.9335953535635836,0.9834593662748616,0.0593152189115754,2
1.2065428513912275,1.0960630878536934,0.8654004617157377,0.6402539034192796,1.447866870654877,1.15019172631672,0.2125594012928329,0.03990721672708199,2140,2271,2271,-0.0028056643447643757,0.029182346883861232,V72_plant_ensemble_noise_free,1.0,246,9.596037741180844,114.18793726407894,1.3995644388911304,0.988584633432567,0.8679257698485205,0.0497112997622419,1
1.2224708353925426,1.1206945785746645,0.8940431517719287,0.6581175746868282,1.5511330902190263,1.050019652259241,0.2308778318860194,0.049214564886071795,2148,2281,2282,,0.0288081364665993,V72_plant_ensemble_noise_free,1.0,247,5.4111041174607655,135.22068179967823,1.4882315649450244,0.8715887043918927,0.8175579580792824,0.125663195967496,2
1.185963407632012,1.0080271409831745,0.8379111774230071,0.6474499271687925,1.2840177275301623,1.0288706122008122,0.18596340763201202,0.022647701204640682,2099,2256,2258,-0.0028291932438834835,0.027348142515482454,V72_plant_ensemble_noise_free,1.0,248,9.189833988858734,121.40477940532983,0.9338980624947216,0.5968000749172899,0.9228159220768806,0.0827549100619218,3
1.173287133015751,1.0807448386412801,0.8781302713525001,0.6856162738057243,1.2161734701921918,1.1092073851789188,0.18385168021762976,0.03280294665785955,2140,2278,2278,-0.003396691871250956,0.030734696748517365,V72_plant_ensemble_noise_free,1.0,249,7.611217665922168,77.3231099250643,1.6827578868986002,0.4614014353578907,0.9805032384746712,0.043195802047045,1
1.2285970351503703,1.107608531342076,0.9073415970565826,0.6844353964477726,1.6051754942591558,1.0647768547277474,0.22859703515037033,0.04791596042631043,2150,2285,2286,,0.02820548535378231,V72_plant_ensemble_noise_free,1.0,250,10.375546309023235,98.97481530082338,1.609136113809971,0.5080659569506992,0.7759467683749157,0.0945157489878332,2
1.2411638516599934,1.1220362472829275,0.8998489216911831,0.6620374314813612,1.6777354310522503,1.1053635395282466,0.24116385165999343,0.051909899729733304,2150,2282,2283,,0.028233699132729217,V72_plant_ensemble_noise_free,1.0,251,8.588808023761382,122.87884020540277,1.581699143148475,0.8400773976395457,0.8155226776160065,0.1312331378663853,2
1.2139047568040444,1.08060449759424,0.8696158602518644,0.6615617120547057,1.5103700115470309,0.9926163954901595,0.21390475680404442,0.03900388793874083,2140,2273,2274,-0.0030771319218399805,0.028135417410831032,V72_plant_ensemble_noise_free,1.0,252,10.873446658172636,83.0453141056631,1.2752916056956891,0.59762694847752,0.7970416187419025,0.1286244986073624,2
1.2184449976184912,1.098716386548289,0.8666114203663425,0.6473588418463033,1.5208732605724529,1.038374965421444,0.21913136119604726,0.04165362804421886,2140,2271,2272,-0.002788083942366736,0.02842616931947184,V72_plant_ensemble_noise_free,1.0,253,10.320423787007368,104.12486065386084,1.3266043981332782,0.8275613912267614,0.8685739761439836,0.1643622672094885,1
1.2206453984683716,1.0584385034027293,0.8527243061258627,0.6485961374237436,1.560910428007833,1.4527043713044931,0.24410424589962165,0.03342768710117393,2126,2265,2268,-0.0033278317922758654,0.04811269125519191,V72_plant_ensemble_noise_free,1.0,254,7.111329573847373,86.46969495267535,1.557359969197484,0.9433378185293984,1.030511399460909,0.0485453188558621,3
1.2323355726432061,1.047569323825713,0.8343238545687283,0.6375485116614712,1.5347885872915175,1.1223186312547577,0.23233557264320615,0.026847556415495275,2117,2257,2259,-0.002937177021566669,0.054192249959167604,V72_plant_ensemble_noise_free,1.0,255,5.863640936053502,121.3641053954452,1.0196377045803915,0.7336925986914242,1.0322003328501197,0.2310908092502155,3
1.2377167405213378,1.015432227118213,0.8426945249217976,0.6514638963524398,1.4452475400813405,1.3220996463754993,0.23771674052133784,0.023880486283672665,2077,2259,2261,-0.002844937435841421,0.051806869536313194,V72_plant_ensemble_noise_free,1.0,256,7.866428329721085,109.33524359467496,1.161486070138512,0.6471641238100595,1.019214932626641,0.0454326392236677,3
1.2241860872667731,1.052434970747517,0.8376441348998571,0.6263090046141366,1.5564839715423247,1.1660429757269863,0.24195250992825112,0.031069961982412842,2119,2259,2261,-0.002965531791968429,0.052470216283431625,V72_plant_ensemble_noise_free,1.0,257,5.693269376975826,97.55476726845512,1.0667816569579962,0.8741404704437297,0.8624889358610285,0.0762302217895062,3
1.24705242240902,1.1228187169152708,0.8923801498676933,0.650146019061996,1.7159918124810751,1.0517564730320172,0.24705242240902003,0.052301204998446274,2148,2279,2280,-0.0026120888886606527,0.02790401708000534,V72_plant_ensemble_noise_free,1.0,258,8.664607899691237,138.88796764552984,1.3916359210222669,0.9391451248062428,0.7813999522284604,0.1491159476872364,2
1.2243574679278246,1.1034682099837507,0.8748680573108628,0.6576285106830124,1.5630298298518674,1.0219464634223043,0.22443912420312628,0.04355788436845529,2140,2274,2274,-0.0030567939186329357,0.028223062988796954,V72_plant_ensemble_noise_free,1.0,259,10.506381744435334,76.0326907145339,1.4101815537384284,0.7319198750364266,0.822248684574844,0.1506863580801906,1
1.1413451145045501,1.040554119389673,0.8451630964469273,0.6590910478291293,1.0622664257392542,0.9017552012623531,0.16062402965058498,0.022998797318431036,2120,2261,2262,-0.0031544087287620607,0.029168706484707485,V72_plant_ensemble_noise_free,1.0,260,5.45782969920354,107.58363266396437,1.0748913808608198,0.5524177427389346,1.009716638945723,0.1512966222362405,2
1.2171407697113419,1.0930224210179633,0.8671275862202104,0.6597563684891804,1.5117769914941888,1.037069120113177,0.21714076971134189,0.04019039125050506,2140,2272,2272,-0.002562181969549014,0.028127798791446113,V72_plant_ensemble_noise_free,1.0,261,11.91025757109838,101.22763438787428,1.38474990612105,0.685934568609885,0.9471231860714766,0.236551675146906,1
1.224362667197745,1.0786530065874844,0.8766853237379941,0.6590754243975787,1.5952593946393403,1.0660224649790726,0.224362667197745,0.041037338876156106,2140,2275,2277,-0.003074511953456922,0.024739661874256136,V72_plant_ensemble_noise_free,1.0,262,11.930454109263373,116.88231541411444,1.256107498825079,0.6708797488524996,0.7538584709171183,0.0651239109651392,3
1.1485124063599288,1.0316373541989305,0.8349965724102834,0.6313929226323582,1.1296184586998588,1.1187879959218896,0.1701404710568275,0.022862904740810035,2119,2255,2256,-0.00351852982604453,0.028783002146312908,V72_plant_ensemble_noise_free,1.0,263,9.442787740027256,145.55989840875327,1.062753596034879,0.8414525785200726,1.0658551586650946,0.0401771475291052,2
1.2409829220311823,1.093467166775799,0.878466982395,0.6617514432277053,1.6718406709276374,1.2164648058070593,0.24098292203118232,0.045055288624096454,2140,2275,2278,-0.0032143024606233316,0.025160529673625476,V72_plant_ensemble_noise_free,1.0,264,10.766339757290506,121.80335799645356,1.6294456406505566,0.8108855988500985,1.0103560317751958,0.2154333185867355,3
1.2368205781648838,1.1143661000824145,0.8967727336969091,0.6733231086142605,1.6451892719866215,1.0684355350661514,0.23682057816488378,0.04932220543630733,2148,2282,2283,,0.028171556968037637,V72_plant_ensemble_noise_free,1.0,265,8.95857368938947,85.32651916513609,1.6400982288843722,0.6419559799779895,0.8518934380094388,0.1778887202779651,2
1.1852265250405445,1.0738580430412714,0.8758815550088709,0.6893176707430339,1.2993934312602218,0.7977965856646794,0.1945282124166947,0.0345523687347679,2138,2277,2278,-0.0033503942157755663,0.02986766818324993,V72_plant_ensemble_noise_free,1.0,266,5.944162427429183,148.4323869115118,1.1033327007195268,0.4083881364230471,0.790687240228795,0.2124197170845305,2
1.2459671915123471,1.11878914423678,0.8995129546597088,0.657582638560956,1.7263194525387473,1.1564595942493245,0.24596719151234714,0.05200975704281468,2150,2281,2282,,0.027654918250039184,V72_plant_ensemble_noise_free,1.0,267,11.310720099927938,108.09451148157578,1.5718689409194244,0.8767668415026673,0.7523496936819057,0.0607826635825192,2
1.2266411048672288,1.0797201867260136,0.8820967931784038,0.6809044563014479,1.5725054805365166,1.1979253459407828,0.22664110486722877,0.04085210229040898,2140,2278,2280,-0.002508783971499533,0.025645447053360915,V72_plant_ensemble_noise_free,1.0,268,10.391860670046116,106.70514717915964,1.6873073600052235,0.559857368513524,1.0190087218337267,0.1954883408399031,3
1.2252891845051654,1.0431809761289201,0.846657358419351,0.6493368049173803,1.5040045409669087,1.1186748171479006,0.22528918450516544,0.02845529637773728,2119,2263,2265,-0.0033895257434034434,0.04066154265742106,V72_plant_ensemble_noise_free,1.0,269,6.968640644186235,144.27189416684763,1.0400723601618953,0.6906280886211689,0.9330299407650364,0.1365489106719127,3
1.2593193463615067,1.110028504594598,0.8811283083951881,0.6555843626095648,1.8039605395187588,1.065754131444262,0.25931934636150666,0.05037400235871909,2140,2275,2278,-0.0030710569725741943,0.024397197119752745,V72_plant_ensemble_noise_free,1.0,270,10.75095547918782,88.70388719259768,1.4763027842936474,0.8111598986167134,0.8558349253296944,0.2339939417454293,3
1.2127093284097128,1.104234386006353,0.8739343743674873,0.6553148787216456,1.466924225897392,0.8444534816199254,0.21348600808221607,0.04199901126496512,2143,2274,2275,-0.0037085539096327162,0.02893703928670255,V72_plant_ensemble_noise_free,1.0,271,6.716677387134499,142.2280973018768,1.081148728254964,0.7011964888063367,0.7826175982052034,0.2288403354792939,1
1.2244035227241548,1.0301571847607511,0.8113464889986859,0.6022668059446941,1.4950781020812762,1.1537805021849699,0.22440352272415476,0.024268804456041296,2108,2242,2244,-0.0038678934573394617,0.04486424870715555,V72_plant_ensemble_noise_free,1.0,272,6.767760437079838,93.44360701971712,0.894835654660179,0.9436199316817048,1.018659581901525,0.1820528950556765,3
1.2280133219367477,1.0681666335749083,0.8655518715951014,0.6506561256551389,1.5757676793286555,1.4248294027118504,0.22801332193674773,0.038046671221307206,2138,2271,2273,-0.003001113720590644,0.028143822885686065,V72_plant_ensemble_noise_free,1.0,273,10.613400784855113,125.57323284958544,1.622421052388238,0.9476995747341695,1.023696897632417,0.0654220346501604,3
1.2239237274873576,1.128140719876309,0.9225360877190669,0.6951038398959891,1.5550189629145008,0.979986571228608,0.23013485173187354,0.052490238443981756,2151,2290,2292,,0.028815120721167542,V72_plant_ensemble_noise_free,1.0,274,5.262179055061859,142.76640289374905,1.6688167094769644,0.4866043673670424,0.7937094994660525,0.1576876744828948,2
1.1990327070323776,0.9923545221504225,0.8284679055775552,0.6275988049810484,1.332371180537899,1.0658972850095934,0.19903270703237763,0.020273181650665613,2087,2247,2248,-0.002906514335634255,0.03392636707522767,V72_plant_ensemble_noise_free,1.0,275,8.215832169953474,98.9893187068664,0.8416236531469392,0.6476031130211598,0.9624256481226784,0.1053402445602832,3
1.1723207289049316,1.0499465987763765,0.8477276184710271,0.6520378430471991,1.2278116010294005,1.100454164622972,0.18397696293915877,0.028237382782329845,2127,2263,2265,-0.0032730864397426942,0.030300904076489443,V72_plant_ensemble_noise_free,1.0,276,9.547946679931515,131.09012185764257,1.2439338007602214,0.7249609113131561,1.04653987009217,0.1276546601645424,2
1.2309578086272488,1.0865342421673292,0.8815857081993286,0.6667309851890324,1.6192237880715816,1.0633813637820693,0.2309578086272488,0.043048796477722674,2140,2277,2279,-0.0026445864226162163,0.0249117726307988,V72_plant_ensemble_noise_free,1.0,277,10.571871669101508,141.0841425825625,1.3443094360060994,0.676250339101004,0.8436953157461059,0.1591079758388446,3
1.2347154326615681,1.0398375598979506,0.8610692127907299,0.6679701270729514,1.5695463029874854,1.2531243703180512,0.2617808684381062,0.03144853625583359,2109,2270,2272,-0.0032217112784043486,0.06233559093459262,V72_plant_ensemble_noise_free,1.0,278,5.019204424139027,119.67957541902211,1.3398746494532312,0.6045391527417426,1.0033324504763117,0.1417402587504349,3
1.2132060908616453,1.072514383015742,0.8581358519875325,0.635654670079721,1.6044617935043413,1.2072155799931277,0.2468438380473681,0.037089582459290005,2127,2268,2270,-0.0031047753996031073,0.04279099173110423,V72_plant_ensemble_noise_free,1.0,279,5.738694098655831,139.6855503107326,1.2200998269876906,0.9573771475932492,0.8669999496026313,0.0660129811618917,3
1.1498021137608172,1.0529456649963271,0.8535730285264318,0.6668948295849503,1.0754450222478256,0.9319830622027401,0.16344351183714378,0.024319544224022688,2126,2266,2266,-0.003573102620252235,0.0313797358591692,V72_plant_ensemble_noise_free,1.0,280,6.850855181118682,87.19684089124104,1.1978009138707648,0.5040128241090985,0.938492752814454,0.0422779435871483,1
1.1847047655600922,0.9993015883669341,0.8173439546757959,0.6149858883651186,1.2822996684521055,1.0967335368944344,0.1847047655600922,0.021203279007756756,2099,2241,2243,-0.003514251244156784,0.02606454522753654,V72_plant_ensemble_noise_free,1.0,281,9.93935667164932,78.07515987970724,0.9079757499410462,0.7854733076480979,0.9823855062454818,0.082972805089633,3
1.2144717624473018,1.0978259157751653,0.8724079288737772,0.6445035414606581,1.507439769630062,1.0311030014275038,0.21766532621104706,0.04167329146760583,2140,2273,2273,-0.0028580888670843266,0.028509758066276536,V72_plant_ensemble_noise_free,1.0,282,10.924877261674531,132.48316743446384,1.2130313829613155,0.8485362466113373,0.7723259752224781,0.0720922482088521,1
1.1802582705800877,1.0432852224534719,0.8446759439965371,0.6564628477976897,1.2842293220999366,0.7853458662691124,0.1815966819672019,0.02750706825432534,2120,2262,2263,-0.0025967160235566447,0.028980362882213284,V72_plant_ensemble_noise_free,1.0,283,9.2750800129277,117.41789941122228,0.8233689453637117,0.4958269410867504,0.7655421572834278,0.1824341110354615,2
1.1397435064519421,1.0451188543498737,0.8371195030822165,0.6380822749681591,1.0930360984972916,0.9734573239781994,0.1672817792508876,0.02335163614759392,2120,2257,2258,-0.0034144334856105385,0.02984025665837553,V72_plant_ensemble_noise_free,1.0,284,5.177811114485681,133.2003181380829,1.0301661465473813,0.7530181649352947,1.0636217841404505,0.1501076635552722,2
1.1875522575779924,1.0675463816292987,0.8542960394678389,0.6534571660020561,1.3286613162665228,1.0296825355506218,0.19323436681096973,0.03193352046967402,2138,2266,2267,-0.0030920089764371627,0.029113164829913663,V72_plant_ensemble_noise_free,1.0,285,11.796500860089076,99.31749300178696,1.2190570303749442,0.6561259573948094,0.8925876325807749,0.0992451818030251,1
1.2059622931930505,1.088114919142876,0.8633994694713021,0.6559351325611029,1.4368985354177073,1.1748545331534945,0.20827707227280068,0.03789857609494896,2140,2271,2271,-0.0026765339043293476,0.02882179563897469,V72_plant_ensemble_noise_free,1.0,286,11.553198240837649,101.07056675731874,1.5489941209787172,0.8054928158467418,1.037461868302052,0.171827637972462,1
1.2208699553526978,1.1116350035341835,0.8855469687254339,0.6495869393592347,1.5452687177486375,1.1003355052158086,0.22866683728763681,0.04698338721181129,2148,2277,2279,-0.0029963187020634018,0.028750368209655264,V72_plant_ensemble_noise_free,1.0,287,6.792492143137142,148.83354937124665,1.4303038239869064,0.967407940189433,0.8358924132660497,0.1042078839759161,2
1.2423457221380765,1.0901560423075594,0.8723105257877835,0.6385528664384734,1.6829456757875605,1.093281771937452,0.24234572213807648,0.044753454406691165,2140,2273,2275,-0.003609361287771165,0.026097160580769385,V72_plant_ensemble_noise_free,1.0,288,8.733224728648914,141.7505432143278,1.2097753808042573,0.947388514381421,0.7766342406054155,0.1002122256904945,3
1.1379826678897362,1.0346001570436694,0.8201765702478133,0.6093807450572297,1.0811842311612059,0.9488297045731031,0.16497885058265438,0.021367389876711905,2119,2245,2246,-0.004139189184917887,0.027512352304846388,V72_plant_ensemble_noise_free,1.0,289,5.165901285022764,100.2211306007666,0.8921681091725694,0.8685703008988466,1.039133399426488,0.1427549702251882,2
1.2367581725863852,1.1195374886333875,0.8767435641069086,0.6483253681580881,1.6325385064733533,1.0208706781591235,0.2367581725863852,0.04802113933042329,2147,2274,2275,-0.0035148419124422744,0.02826379455848982,V72_plant_ensemble_noise_free,1.0,290,8.096074619590679,86.08090324535453,1.421491310397673,0.9280520587967236,0.8187664874616033,0.1751602013270178,1
1.2094413937426476,1.0421989264493485,0.8524210794224139,0.6563124124237494,1.4500438012449912,1.1634529027184666,0.20944139374264759,0.030983134069193195,2120,2265,2267,-0.0031352493557185047,0.027529986108550952,V72_plant_ensemble_noise_free,1.0,291,9.47312425739224,77.39603147010736,1.3022295249810596,0.6420374720980068,0.9079686431841364,0.0671353015633626,3
1.1901770434390424,1.088154015562604,0.8674748027589514,0.652708971573162,1.333378865101321,1.2960291098793386,0.19842159303736495,0.036250652384664794,2140,2272,2273,-0.0031549564322762695,0.029911026795579998,V72_plant_ensemble_noise_free,1.0,292,9.793097501584525,142.28213688643586,1.6446402736403662,0.9559252962610254,1.0614117573195587,0.0530893976109589,1
1.2221494458070687,1.0356520385476815,0.8420390951592472,0.6450232750912427,1.4837504602346285,1.2578084328707522,0.22214944580706875,0.026653495083448348,2109,2260,2263,-0.003135861126472326,0.03972907279287741,V72_plant_ensemble_noise_free,1.0,293,8.16324930870623,119.05722275840012,1.1464494216674892,0.7230542899403917,0.9837592551721112,0.07372433058523,3
1.1325239463626202,1.0348942181105962,0.8420713159731097,0.6484524367891601,0.9743340263442725,0.8665146985126898,0.14809172932337833,0.0192144044181486,2116,2254,2254,-0.0036158002435536063,0.027653803698786783,V72_plant_ensemble_noise_free,1.0,294,6.844253389196361,95.12968849779116,0.95953797095243,0.5567412448563919,0.9974996423545482,0.067229023169505,1
1.1606872270210526,1.0426531491420028,0.8360270863616601,0.6494732670701995,1.1327761618576642,0.9030724007203732,0.1690380034226071,0.0236782582500778,2119,2256,2256,-0.0031915955690547102,0.028231242830286662,V72_plant_ensemble_noise_free,1.0,295,8.98162665059353,79.26118854596848,1.0429372605763647,0.5651335755983783,1.0037042805245853,0.2102840922960332,1
1.206583387775944,1.0867643605344797,0.8784077416779903,0.6646397122055984,1.4608741072244644,1.1995100658279716,0.21384822698031436,0.04011753730457126,2140,2276,2277,-0.0032317541393321303,0.02926085084749719,V72_plant_ensemble_noise_free,1.0,296,10.025445385851436,86.91072668972097,1.6242986850635766,0.7292476730043858,0.8959396841490201,0.0539187277471563,2
1.231757421091023,1.0830596613413936,0.8879640772920483,0.6726499810823221,1.6229572549816143,1.3269190548745393,0.23175742109102293,0.04299226917563979,2140,2279,2281,,0.025657100019673917,V72_plant_ensemble_noise_free,1.0,297,11.645377024372046,78.87651154969932,1.799167175343679,0.677927140916915,0.9052760936725128,0.0494532676353241,3
1.2308691528750935,1.0691482218036248,0.8609916644496985,0.6427304548229106,1.5867489586253514,1.2457502542108638,0.23086915287509346,0.03784613935455673,2138,2269,2271,-0.0028688957256359717,0.02965038442559287,V72_plant_ensemble_noise_free,1.0,298,8.593786310032591,127.8403633418329,1.3408329567942938,0.912606081475782,0.9094733799013076,0.0824010420567332,3
1.1857882827820903,1.0973776517037266,0.888437624355657,0.6894121474601088,1.286888604791201,1.0872920123979934,0.19297934562216512,0.0374199180196828,2147,2282,2282,,0.030504038665810862,V72_plant_ensemble_noise_free,1.0,299,6.08195559208929,95.36909980194685,1.7458949347800143,0.468904090526739,0.988223634481852,0.1116973316800973,1
1.1370700651042949,1.042745288203395,0.8513151037884978,0.6672746108615364,1.059150341159261,0.8444639783445412,0.15940622552929895,0.02316374173552181,2120,2264,2265,-0.0034929618708006175,0.029267288015699,V72_plant_ensemble_noise_free,1.0,300,5.007132854358841,84.89345946750325,1.0499966179275133,0.4493991577497154,0.8735636715535922,0.0629614142283776,2
1.1437646299721749,1.0225377810818954,0.8473712275712217,0.6715486745597393,1.0461731498578555,0.8576180327172421,0.1544725567085885,0.019502972739046883,2108,2257,2256,-0.002717941893307774,0.02458433401493143,V72_plant_ensemble_noise_free,1.0,301,11.803909244469938,120.46588082873392,0.8869255019930177,0.4111030372643501,0.9105822030962922,0.0866641920853444,1
1.2133016942256325,1.0632212332142024,0.8265019408141373,0.6114419420570022,1.5035220442456922,0.921872599740529,0.2133016942256325,0.0342088478118274,2129,2255,2256,-0.0031184006354121937,0.027644761984521926,V72_plant_ensemble_noise_free,1.0,302,11.180045859682036,107.18669229952113,0.8825310173801453,0.8672979377983729,0.8444844289413704,0.2372030335796799,2
1.1802381214876028,1.0495208968435255,0.8506082923683802,0.6583766651492627,1.2793005331588994,0.869488737594434,0.18422209267044187,0.028875533257427154,2129,2265,2266,-0.003200173151315919,0.029567828458078482,V72_plant_ensemble_noise_free,1.0,303,9.006094825980533,137.9468244726868,0.9381676368750794,0.5665751654514557,0.8266365741682989,0.1572261254407258,2
1.2547328376311566,1.1281261675138212,0.9015691278975239,0.6609004624564185,1.7590960686222123,1.2099245934056815,0.26335708564377946,0.05520409411582501,2150,2282,2284,,0.03301185226889114,V72_plant_ensemble_noise_free,1.0,304,5.920671608557732,143.06471390241808,1.7640378292481789,0.9843665670900152,0.9373488896568596,0.1999985258935812,3
1.219661439871091,1.0558483760185164,0.8484803418894803,0.6391477350212919,1.515485369538877,1.1893257258294596,0.219661439871091,0.03429721909880064,2129,2264,2266,-0.0033978840343284796,0.027407776137742257,V72_plant_ensemble_noise_free,1.0,305,9.307831858719233,124.62335308785995,1.2580388644356086,0.8772141355050047,0.9849441828802276,0.1471608232749683,3
1.2554482003052951,1.1313068408194278,0.9087880904476977,0.6757561825760392,1.763609963865289,1.0940109803499043,0.25544820030529514,0.055422494703882184,2151,2285,2286,,0.027355787522385322,V72_plant_ensemble_noise_free,1.0,306,9.887092070056214,107.68480527264636,1.7533979142263831,0.6892068330306078,0.888031180069,0.2321540568343983,2
1.2418002944888062,1.0851993555681556,0.8692498804398864,0.6433880494096065,1.6669833852250477,1.086325903259195,0.24180029448880624,0.04280794730099589,2138,2272,2274,-0.003372520148868832,0.02866716114333645,V72_plant_ensemble_noise_free,1.0,307,7.366572506783366,101.58167396065352,1.2561387308501897,0.8525186107376824,0.7644420339691133,0.0889772246872743,3
1.1932893625115957,1.0244879268761626,0.8095396923446838,0.608480890508855,1.379676975223032,1.0388393341778055,0.19328936251159567,0.026179272456757986,2119,2243,2245,-0.0033409414990388854,0.024864418480739836,V72_plant_ensemble_noise_free,1.0,308,11.728059936120996,77.07228488681895,0.9194824468863532,0.880063901694581,0.9321728014219288,0.153177939119582,3
1.1792638146180918,1.0815493038466268,0.8656211407875551,0.6722927810166156,1.2399861660187825,0.9945082437956718,0.1859627709741314,0.03283561804561193,2140,2273,2273,-0.0032512300610328467,0.0303725134266577,V72_plant_ensemble_noise_free,1.0,309,6.397190455799344,120.39627571428758,1.393893047783011,0.5854873578549283,1.0311347600308376,0.2103553248139884,1
1.1941450683943247,1.0732721886675958,0.8615151735460105,0.6594769052527979,1.3613392690547947,0.9715964506877172,0.2004924445660301,0.03502917450003937,2138,2270,2271,-0.002811559148553033,0.02957445843605222,V72_plant_ensemble_noise_free,1.0,310,7.78768736352869,127.8592693192382,1.2086143396182631,0.6596391927964111,0.9147449329832787,0.1968043537866008,2
1.170798505481525,1.0540564602986666,0.8426107152141749,0.6409651488356202,1.211531100663108,0.8598022764751196,0.1789119084154258,0.02720511711242851,2127,2261,2261,-0.0026066200983226014,0.029796185607749992,V72_plant_ensemble_noise_free,1.0,311,9.194103968697686,135.21567436399698,0.8686909719114859,0.6581429176519582,0.8184071585957576,0.1102316186804569,1
1.2206109322863754,1.1060550167978365,0.8871316486539397,0.6673606654480315,1.5325452619118538,1.1936004396412514,0.22366149625309295,0.04539897257839165,2148,2279,2280,-0.002719996828144851,0.0288257087909487,V72_plant_ensemble_noise_free,1.0,312,8.31491237637202,148.58629964187745,1.7016561489513706,0.8221476630568898,1.0286574699784572,0.1987440469992693,2
1.2833074022877486,1.013114681977833,0.8422775486963436,0.6601424429800364,1.4640920120946554,1.13504367334887,0.28330740228774864,0.02303913823573609,2066,2258,2260,-0.0030238706106831582,0.07935076709771094,V72_plant_ensemble_noise_free,1.0,313,5.065315020924507,110.86030901428296,1.0522811864612849,0.53539967779966,1.0861466065809426,0.2136931492913703,3
1.1464781363999532,1.029664812799658,0.8313945539353476,0.6326969850081037,1.0376266523553406,0.9060493067968913,0.15696521427999932,0.02031706732656957,2117,2250,2250,-0.002702393491667433,0.024845898358311524,V72_plant_ensemble_noise_free,1.0,314,9.041915108453338,146.87618008555785,0.8480858720291675,0.7068329813179686,1.090114019937554,0.219090470300201,1
1.1842136900168927,1.0624728771615903,0.8683166300300577,0.6759744138242049,1.3096435789656276,1.0932530986345532,0.19189489292508033,0.032407775471868724,2138,2273,2274,-0.003181246645168354,0.02985376689947583,V72_plant_ensemble_noise_free,1.0,315,10.233203402525618,100.96545599851588,1.4269590385271484,0.5207403797951125,0.935400849569087,0.0829818584554261,2
1.2080522282908845,1.104236285272675,0.867652721472325,0.642338718644038,1.4455761197113892,1.0253742955591854,0.21376424548767003,0.041139525371551786,2140,2272,2272,-0.002983022911192572,0.029546984109965813,V72_plant_ensemble_noise_free,1.0,316,6.340074575784573,95.95130470310896,1.3224979723826322,0.9248875586010538,0.8007724867253154,0.073082678545571,1
1.16807170151455,1.0616721640582465,0.839397737628882,0.6372948469508917,1.1698562875013971,0.9552089019104852,0.17648560510154976,0.027393210994422677,2126,2260,2260,-0.0028402903708502525,0.03053712078964277,V72_plant_ensemble_noise_free,1.0,317,6.906098580425224,144.42831081347057,1.0436643183138905,0.7985900597517732,1.0402772883374325,0.214278329360925,1
1.1493453376743064,1.0190342335355702,0.8476028397450657,0.6684554633328479,1.0896529568160949,0.9735468805819958,0.15985283525123983,0.020985030443376945,2099,2260,2261,-0.002483184653848384,0.027108564430682436,V72_plant_ensemble_noise_free,1.0,318,11.032630664952253,148.0092199476109,0.9857926634397136,0.5059103369340114,0.9534909375674536,0.0485427867170706,2
1.1712905082037957,1.0689535736635238,0.8597294294878475,0.6668806426157085,1.2004905260144758,1.0855793210450582,0.18041606288572454,0.02988435996219824,2138,2270,2270,-0.0029611059944230603,0.030419354029715295,V72_plant_ensemble_noise_free,1.0,319,8.55820718265024,122.20604369304016,1.4168996790827584,0.6385609641723815,1.0620896462783838,0.1272973912645171,1
1.1568209879370168,1.045000108044526,0.8465006900625771,0.661593640424468,1.1173754983938518,0.9631619112704761,0.1678856316590882,0.02410999532144773,2119,2262,2262,-0.0026555363710247006,0.02992238387587831,V72_plant_ensemble_noise_free,1.0,320,9.778262617808773,80.45724276691912,1.1571791430272953,0.5148983817501158,0.9533878997972188,0.0779525658243336,1
1.2231291165201037,1.0972427999612089,0.8696900872936886,0.6470033204712107,1.5551419335033971,1.117745106527619,0.22433641283678996,0.043281678835445814,2140,2272,2274,-0.003408642525760311,0.028628253313559338,V72_plant_ensemble_noise_free,1.0,321,8.92775999247242,121.76759369712111,1.4232751266154924,0.9187348430894064,0.9270751237271434,0.1754095666578121,2
1.248276475937087,1.107808336931163,0.9099241606390926,0.6817233333730255,1.7216837864182049,1.0985780117130135,0.24827647593708702,0.050645983446534516,2150,2286,2288,,0.025652681465272664,V72_plant_ensemble_noise_free,1.0,322,9.018528947329692,132.44625912837824,1.5947626709372869,0.5975037541312842,0.7939962259076382,0.1260542006462584,3
1.1498241647420497,1.0493409583193942,0.835023590900347,0.6291526811926998,1.1333319905911303,0.9194399690467759,0.17183322110737587,0.025218569382977743,2120,2257,2258,-0.0033532379892327853,0.029387056694073044,V72_plant_ensemble_noise_free,1.0,323,5.170903933428559,118.9144166336491,0.9569177814461682,0.7735798459423695,0.9294286049297996,0.1043669856309938,2
1.174967862871363,1.0710441726762352,0.8443480793421192,0.6370897600662121,1.2172377579600442,1.0813797081477408,0.18323682894287963,0.02998050609879945,2136,2263,2263,-0.003269476332191578,0.030442374024475916,V72_plant_ensemble_noise_free,1.0,324,7.244883693799649,145.89133319141803,1.2303653003816426,0.9161808519958154,1.0898865687097596,0.1668246323092599,1
1.1748872693880277,1.0780750035965,0.8828245028608017,0.6931611581835183,1.2333236301490849,1.023520343691785,0.18478586182122014,0.03304468923504601,2140,2280,2280,-0.0026459581345751686,0.030368322071925746,V72_plant_ensemble_noise_free,1.0,325,8.558981900610737,139.3269399990164,1.4761456343288129,0.4317208041462185,0.894864002193511,0.0469658990037954,1
1.165158114073478,1.070608506038942,0.8623160692932588,0.6729592608849897,1.2073231533626836,0.9901947046249016,0.184825258194792,0.031060422295249978,2137,2271,2273,-0.0034073242733494388,0.029673221167196395,V72_plant_ensemble_noise_free,1.0,326,5.089738408313585,117.37211485195677,1.375581557570766,0.5652102485737993,1.0443095878454205,0.2034619072272892,2
1.1510821062878507,1.0314775116727197,0.8481612456205536,0.6704343018416411,1.0898621175503473,0.7831990409284855,0.16124804719017427,0.021629621572897044,2119,2261,2260,-0.002046354839810186,0.026878892352793615,V72_plant_ensemble_noise_free,1.0,327,10.088499299349335,131.20764615108226,0.8165004380335978,0.4199263184143008,0.795299802309163,0.0813145779757107,1
1.1437689996824725,1.0428399929617456,0.8324808066079369,0.6270282827663359,1.0317073987204546,0.9542383239246763,0.15749925258462727,0.021439215870699205,2119,2252,2252,-0.003215351387068737,0.028147175768284072,V72_plant_ensemble_noise_free,1.0,328,6.261583920019222,110.61842886229282,0.9924589019067688,0.786281310283151,1.0381818811788015,0.0758721082576533,1
1.1799007533968018,1.0267902239403177,0.8385090169508429,0.6519078154042066,1.3037212575849808,0.8908646175783017,0.17990075339680178,0.02538985008998807,2119,2258,2260,-0.002054371269221692,0.02495717340504222,V72_plant_ensemble_noise_free,1.0,329,11.847024103573611,136.1828686768655,0.8266985613291663,0.5477049160309649,0.811925339222515,0.12510461019435,3
1.1927291293668048,1.0614562729271004,0.8502784986413916,0.6440055201369845,1.3716141740376155,1.1208186060606358,0.19860307517504494,0.03280378772650774,2137,2264,2266,-0.0032478524950799834,0.029307824788855852,V72_plant_ensemble_noise_free,1.0,330,10.944823380241116,93.2849752742744,1.270409632029995,0.7843962515650356,0.8993616335413213,0.063712823581872,2
1.1976354767608026,1.1007050626953663,0.8882669333805119,0.6749576066187545,1.3808474922888265,1.0874876792536283,0.20472729068788964,0.040281357300817736,2147,2280,2281,,0.029814632273946318,V72_plant_ensemble_noise_free,1.0,331,7.888822372607599,95.28931554449272,1.6113460976735328,0.6077365246137253,0.8675815361216344,0.0578236363667558,1
1.1998655695939289,1.070787596534371,0.8646055555473204,0.6682051650315889,1.404030469428171,0.9922824819477274,0.2002452358415805,0.03515310312586333,2138,2271,2273,-0.002910139893932031,0.028915222822439635,V72_plant_ensemble_noise_free,1.0,332,9.812715428103864,118.4909630073292,1.262646812590407,0.5770784594711583,0.919946785378589,0.2020733819750597,2
1.232152962951087,1.077252277278567,0.8763331458382662,0.677484579113581,1.578538932344293,1.3385545210432352,0.23256757092199187,0.038401400843657355,2138,2276,2279,-0.0029876929249456298,0.03767864667911813,V72_plant_ensemble_noise_free,1.0,333,7.457023909520761,90.80671652273124,1.793024724672628,0.6082523354141559,1.093622816071208,0.1705616393243275,3
1.2338269289647712,1.0433795325507484,0.83086472589772,0.6337194138466918,1.5349261810272559,0.9601382100070046,0.2338269289647712,0.02456125817542149,2108,2253,2255,-0.0035626877341500096,0.05068376532434815,V72_plant_ensemble_noise_free,1.0,334,5.473259284775588,74.85845252870882,0.8321752880028053,0.5845769437281334,0.8003489771167365,0.1286589651731861,3
1.2095229993998136,1.0403015059726544,0.8511936164289073,0.6487428387958237,1.4418211244324204,1.2480127911746954,0.20952299939981356,0.030311564372659607,2120,2265,2267,-0.003343480653071883,0.02837959854747396,V72_plant_ensemble_noise_free,1.0,335,9.821935243819766,149.41429640625813,1.2390723368926877,0.794173907803738,0.9891722471676389,0.0737006970612008,3
1.1426477453442319,1.026286684366241,0.819295602527887,0.6009097600900937,1.0347445580164172,0.9681329590235697,0.15623828323908362,0.019484364565210386,2108,2240,2240,-0.0029583657767491616,0.025610545334284085,V72_plant_ensemble_noise_free,1.0,336,8.94688022688119,107.34804260055915,0.8330691211935759,0.8772327422610584,1.06878641000169,0.1019312760809753,1
1.2275405286177294,1.0838944566317226,0.8889091961100326,0.6850705592894162,1.5865544167739463,1.0952264456441467,0.22754052861772944,0.04223099830685418,2140,2280,2282,,0.02528830203514909,V72_plant_ensemble_noise_free,1.0,337,10.083262974844338,105.4771652460638,1.5656266082256365,0.4883804582306051,0.9002450311443908,0.1734190279789688,3
1.2258193131348523,1.043176286908597,0.8465746059737455,0.6346110110868957,1.5944896194869411,1.3367395265259123,0.2550420143485621,0.03209487579014167,2117,2263,2265,-0.0035476717061534223,0.05877956064021039,V72_plant_ensemble_noise_free,1.0,338,5.786865015934543,139.635040243743,1.239795363402921,0.9490110832119052,1.0087221790213572,0.096718159558222,3
1.181985686749526,1.079306043040345,0.8784912835817063,0.6888124018523523,1.2764070271769357,0.9444318008377559,0.1890178653115282,0.03388080930920685,2140,2278,2278,-0.0032236230187683967,0.02990995596648993,V72_plant_ensemble_noise_free,1.0,339,8.402823938796542,128.75705069029738,1.3425142049844316,0.4333761394287689,0.8704860451190266,0.1217183457419514,1
1.2079447072954406,1.08246306555506,0.865248711126947,0.6429187450050713,1.467831700524965,1.0191032455297997,0.21215095582226162,0.0389503202912998,2140,2271,2272,-0.0028646789367997158,0.029007086981606145,V72_plant_ensemble_noise_free,1.0,340,9.185334330928391,140.10513525342685,1.1412883449955982,0.8311165874240509,0.7894413529866658,0.0834348918220419,2
1.2547135665580498,1.1157723510283328,0.9146308755101893,0.6871340298182051,1.7543626959217067,1.1576724454545226,0.2547135665580498,0.05296044144370329,2150,2287,2289,,0.025877475492539492,V72_plant_ensemble_noise_free,1.0,341,8.83059481029489,142.8161564516069,1.7878633903243069,0.5973707080933144,0.8884092944550166,0.1815670147902792,3
1.2335649557751878,1.1012452603962966,0.893590317258931,0.6846785754105674,1.6370718163132691,0.9345038649662056,0.23356495577518777,0.0456305661368135,2141,2281,2282,,0.027076604288086337,V72_plant_ensemble_noise_free,1.0,342,11.6250838205692,111.51043558392246,1.3631299091401383,0.4544736836970507,0.796189465300181,0.2276515734339991,2
1.2123672136457369,1.0778145261013272,0.8490403752366026,0.6361840882836414,1.484908457133788,1.1645467488311696,0.21306131895521285,0.037520382068886825,2138,2264,2266,-0.003367030654599779,0.02873532153076841,V72_plant_ensemble_noise_free,1.0,343,10.337556252604516,115.27527320596906,1.358978243315208,0.9796232736407976,1.0319857975702382,0.2008853098479285,2
1.227344098246176,1.076455589850855,0.881573849992634,0.6702422442402548,1.5740831900665944,1.0283172319814,0.22734409824617607,0.04040308560183381,2140,2277,2279,-0.002741546778575426,0.026678919201356344,V72_plant_ensemble_noise_free,1.0,344,8.210711537614626,142.32321122798376,1.260062356596662,0.6166152475855882,0.79004152475851,0.1138350897282054,3
1.2720999699620585,0.9786220614718866,0.8570704330860519,0.6810423516497804,1.532033122303535,1.2962478731876936,0.27209996996205854,0.02465116190147508,2066,2267,2269,-0.003241377113232979,0.07878403448998905,V72_plant_ensemble_noise_free,1.0,345,6.15644971468706,112.68238695113295,1.2328792668813464,0.4342057673868084,0.9856693706578766,0.053391090071,3
1.230649611439032,1.1170606987264082,0.8790632446411573,0.647722817978671,1.5942784517799915,1.1261732311021855,0.23064961143903195,0.047109589370296336,2147,2275,2276,-0.003689554562418634,0.028389067121083578,V72_plant_ensemble_noise_free,1.0,346,9.388455329328078,124.40935129151592,1.50963645291773,0.9886089942990024,0.9079845023513484,0.164564717413169,1
1.1539721966138503,1.0325989328124665,0.8132358320815378,0.6091743722539403,1.088981289751478,0.9753747792680993,0.16578363187702982,0.020989584048762715,2116,2238,2238,-0.0027603680923227168,0.026100829911505086,V72_plant_ensemble_noise_free,1.0,347,7.375580079330595,72.87987218126995,0.932239443243033,0.9588548357720844,1.0789885058781448,0.1635090273118373,1
1.2374055741211119,1.094854782505557,0.8935886558970304,0.686402486284343,1.6455925520647106,1.0600601929247206,0.23740557412111185,0.04542478139230495,2140,2282,2284,,0.025259950156589328,V72_plant_ensemble_noise_free,1.0,348,9.35588527648562,84.60546126477772,1.6190070330077275,0.4610635074395311,0.8997502789010791,0.223357341658139,3
1.2189751349975428,1.0364327873094326,0.8268611824404477,0.6182188867798295,1.4780632633873527,1.202957817829757,0.21897513499754284,0.027943760772449863,2119,2254,2256,-0.003588546558578379,0.03466639946540906,V72_plant_ensemble_noise_free,1.0,349,7.994251153651463,144.07697956114075,1.0290159138707389,0.9635762510316772,1.0720327833251555,0.1872782841914421,3
1.2413061854563967,1.126693900878784,0.8873221566516687,0.6524631699286642,1.671348476789314,1.0377370936529073,0.244847603635735,0.05183103210553008,2148,2278,2279,-0.0028367149763242226,0.028376533329731668,V72_plant_ensemble_noise_free,1.0,350,5.398250646152401,86.71975456447188,1.5197880835553734,0.9682073237320066,0.7993658203631505,0.1624521184371558,2
1.223125799560427,1.0504722207251507,0.8492570292357351,0.6413638727609721,1.521298884936683,1.509412695755529,0.223125799560427,0.03194841641104279,2119,2264,2266,-0.003429625559632892,0.032960356746509545,V72_plant_ensemble_noise_free,1.0,351,10.061588505896117,124.45122817398588,1.500547146318071,0.9825776236049356,1.088996178396899,0.0438031491169791,3
1.2233946240076627,1.1185978013788955,0.8996635316724704,0.6731982858652187,1.552211510948105,1.1063608664829485,0.22901067304661504,0.04898392355156437,2148,2283,2284,,0.028724870156849658,V72_plant_ensemble_noise_free,1.0,352,6.332476063827741,116.99480388606338,1.7157434688758708,0.7199260131253086,0.9070168058878538,0.1661835311380859,2
1.2073006109853603,1.0507323210582808,0.8331244732356426,0.6109243934962809,1.4781093735845923,0.9934878439788752,0.20730061098536035,0.03281319634368168,2129,2257,2259,-0.002443909263474218,0.024774577931822694,V72_plant_ensemble_noise_free,1.0,353,11.100451425810848,139.74985995696358,0.8351732725241997,0.9014887536372236,0.7756672375620907,0.0870930138740932,3
1.1609714461650138,1.0525706977236655,0.8476862472945583,0.6619952650432356,1.1396426203745205,1.0970936716385893,0.17217860059318002,0.025638719032025446,2126,2263,2263,-0.002859296579389661,0.030568188836085808,V72_plant_ensemble_noise_free,1.0,354,9.662424633821232,71.16521650123565,1.3954520529828391,0.6067011829910016,1.072525654005713,0.0826291340241637,1
1.130634927166209,1.0337407718979827,0.838463305954397,0.6333695476207641,0.9614120507027794,0.8942006907271202,0.14624568296302165,0.018739978028708203,2116,2250,2250,-0.0029382582317746524,0.027742167574033916,V72_plant_ensemble_noise_free,1.0,355,7.079564310528119,144.03470019742247,0.8557174514633492,0.7041183358228509,1.058915599960131,0.0839926333031043,1
1.1587761138495571,1.0585088532323013,0.8552829895983906,0.6720030938987386,1.1118560556664991,1.004338493156892,0.16918729203004967,0.02623287204591621,2136,2267,2268,-0.003435116809039453,0.03090873112444137,V72_plant_ensemble_noise_free,1.0,356,7.570078264133752,126.85002756208692,1.3037073658310252,0.5549654743074302,1.088547264412169,0.1641286304375057,1
1.16619138948963,1.071564260914498,0.8612964074582268,0.6668017520768543,1.1634647199129977,0.9290068369788664,0.17704832775604928,0.029446903364390518,2138,2270,2270,-0.0030044242826821606,0.030988355951947932,V72_plant_ensemble_noise_free,1.0,357,5.930296480733707,87.19501870753166,1.2581524954753864,0.5397505656775115,0.8860945835746717,0.073547210987299,1
1.2498345062283778,1.1286682805260102,0.9015382485436251,0.6695124828759028,1.726096433434521,1.1166148193837386,0.24983450622837777,0.053895127466370374,2150,2283,2284,,0.027973732692955444,V72_plant_ensemble_noise_free,1.0,358,8.143580195786306,82.05903509986474,1.7789932836170557,0.783266757603483,0.8766609990503877,0.1945732066781582,2
1.1982777149062485,1.105000774532522,0.8990905237960516,0.693727168578351,1.3763831503277104,1.049560167175993,0.20370289732668967,0.04149254575144425,2148,2285,2285,,0.02981746990436296,V72_plant_ensemble_noise_free,1.0,359,7.350916354706706,145.4044884661462,1.6569073172916498,0.4817038984810776,0.9082647414246682,0.1220901097238317,1
1.1735151550114646,1.0591050008277596,0.8613316356534639,0.6842112063064174,1.2241564437415766,0.9725215225347235,0.17954089169897425,0.028592014042785063,2138,2271,2271,-0.0025879242116217793,0.02967328993558538,V72_plant_ensemble_noise_free,1.0,360,10.65971240238778,108.94871228946764,1.2930709577960289,0.4203713146201459,0.9869670073519008,0.1808895707020743,1
1.1948863034694042,1.0842071172047398,0.8825219364671818,0.6807442123563022,1.3787538425019972,0.9867253742222685,0.2005699559872356,0.03693187991451905,2140,2278,2278,-0.0029569324238851837,0.02912335363717644,V72_plant_ensemble_noise_free,1.0,361,10.786506167098402,91.9588956846967,1.3711227679034563,0.4576394835179035,0.7870064358806996,0.0579880309066978,1
1.2206143147437847,1.1032414152027021,0.8785716188534488,0.6575588316346906,1.5327908046175822,1.1801131615162845,0.22382103502371353,0.04446745113378041,2147,2276,2277,-0.003455031314123705,0.028789834430328565,V72_plant_ensemble_noise_free,1.0,362,8.152399738132656,135.7424483549031,1.6174899083493957,0.8978042929614218,1.0194791146843634,0.2009759524924567,2
1.1661663064561767,1.0448394381101949,0.8255503376596687,0.6205974363303317,1.1802132570114612,1.1409964119755678,0.17586321123445248,0.024807106134641373,2119,2251,2251,-0.002714725089187365,0.02798234258109944,V72_plant_ensemble_noise_free,1.0,363,11.509863292068347,107.1332298445946,1.1318893029419024,0.941137451588774,1.095536020994115,0.0965610396746312,1
1.2406756445695986,1.0919422380217694,0.8846215969970966,0.661169873594359,1.6701390163952008,1.3558132533311464,0.24067564456959856,0.04523222357418768,2140,2277,2280,-0.0026209950608199195,0.025986832983894592,V72_plant_ensemble_noise_free,1.0,364,10.9840486664894,133.98504386288087,1.7545371515462156,0.89738896133834,0.9944107821413696,0.1181787909834641,3
1.2280410214327055,1.1026845132726395,0.8633269036264455,0.6428606143808546,1.584087265772154,0.969199723503277,0.22804102143270555,0.04335035842436427,2140,2270,2270,-0.0026462574969050214,0.02810079590409309,V72_plant_ensemble_noise_free,1.0,365,9.74600696653592,82.51563583093281,1.2452077317154604,0.8390368063874598,0.7975883612901601,0.1774212875112565,1
1.1911284261343351,1.0862702125285506,0.866446049348984,0.6555231840251441,1.3416857850175679,0.9660884026283,0.19917715451292417,0.035975862924758566,2140,2272,2272,-0.002874380453415827,0.029792440252458086,V72_plant_ensemble_noise_free,1.0,366,7.648061696882519,82.99186961783248,1.2633030618527177,0.6705041191120202,0.7861914859557454,0.0529558342205613,1
1.2302559672171995,1.0796463873107212,0.8636023284011209,0.6507276433772928,1.6183221799347651,1.0555431298601092,0.23025596721719954,0.04090870537178339,2140,2270,2272,-0.0026261732847423984,0.024730223102850557,V72_plant_ensemble_noise_free,1.0,367,11.05009281871082,98.42781000811593,1.2852521279695486,0.7399456904625141,0.8606966307057475,0.1812047287888059,3
1.2065783850830574,1.0839413254718129,0.8591638097806511,0.6541253200796211,1.4416878682360077,1.014990777964194,0.20738121506918783,0.03700354540256338,2140,2269,2269,-0.002773864199639007,0.028543248457536086,V72_plant_ensemble_noise_free,1.0,368,11.121543050121993,102.27901025415386,1.2889621106097582,0.7002157831350722,0.9400043051637436,0.2169162880822377,1
1.208957786937808,1.0140499786987638,0.8362220826402247,0.6426714470454611,1.402263049783373,1.314031828654758,0.2089577869378081,0.023426136652769065,2099,2255,2258,-0.003008884831059579,0.035260749898291976,V72_plant_ensemble_noise_free,1.0,369,9.485197076217188,107.60594566125448,1.1655270581745052,0.7210778428644886,1.066933438825654,0.0605499907495659,3
1.2032252318265189,1.0820052281446695,0.8470478117074463,0.6355204905962172,1.4138146373155454,0.9550300691097486,0.205499378937247,0.03583991059544295,2138,2264,2264,-0.003031486206365553,0.02892624619844897,V72_plant_ensemble_noise_free,1.0,370,8.959909556737268,101.12994806685371,1.121402211794769,0.815701087755933,0.8906218031893657,0.209379049675182,1
1.2139135190241412,1.1070393224224375,0.8940032205061708,0.6854351327853119,1.4837926027245003,1.0925218421410503,0.21492586439227557,0.043671009691764864,2148,2282,2283,,0.028807371929969072,V72_plant_ensemble_noise_free,1.0,371,9.875556565568658,92.91257571794893,1.7297096963290768,0.5102759458079399,0.9492395954024998,0.1795337851408038,1
1.2185013843178196,1.1052139157235605,0.8891282774647802,0.6753476765490567,1.5216736023475024,1.108160448747277,0.2186711662386831,0.04378310386703317,2148,2280,2280,-0.0024295080195359917,0.028414444837470132,V72_plant_ensemble_noise_free,1.0,372,11.469964240264924,115.31595181425746,1.6153915165790942,0.628695971210712,0.9286503352313964,0.1661401997292784,1
1.232863251443315,1.0872290312203767,0.8833802616963731,0.6669508633369947,1.62483569848653,0.9767641271568006,0.2328632514433151,0.04346056743081721,2140,2277,2279,-0.002628664159087005,0.025246058265534055,V72_plant_ensemble_noise_free,1.0,373,8.910273884169916,119.40143911320006,1.2552404473809888,0.6125830652506339,0.7622289234960552,0.1476790390347792,3
1.2243974175248353,1.1083852553936957,0.8591157834763108,0.6254473721588028,1.5445341500572831,0.8425557540636778,0.22439741752483533,0.043732036617682435,2140,2268,2268,-0.003338723501975767,0.02854128136218481,V72_plant_ensemble_noise_free,1.0,374,6.639342272723984,137.96478044347035,0.9463003269568746,0.9182693298359856,0.7530931156960309,0.2308345043730621,1
1.2421402051086001,1.1321631385882673,0.8990284092416524,0.6705859565191477,1.6602528600263988,0.8913097891557709,0.24214020510860013,0.05221436173837488,2150,2282,2283,,0.028063861308018856,V72_plant_ensemble_noise_free,1.0,375,7.205282831233472,79.79293101737966,1.4303095761228717,0.6111951346369605,0.760226783103534,0.2357602411687194,1
1.1559166850784122,1.0392573769280382,0.8212181950822377,0.6175175081348909,1.1445362268008525,1.0333232437812794,0.17369975444642494,0.023994326236945487,2119,2248,2249,-0.0029547026873233836,0.027708829936131885,V72_plant_ensemble_noise_free,1.0,376,6.536317027488625,93.93455363505996,1.0548752840545133,0.9337085636725486,1.088340713200706,0.1572111409327437,2
1.2350489384848156,1.1094881562929784,0.8710826364085777,0.6341811137792163,1.6351070231561344,0.9783286817035495,0.23622043184583852,0.04727407054199034,2141,2272,2273,-0.003062242896101866,0.02834354958244889,V72_plant_ensemble_noise_free,1.0,377,7.200066864027251,118.26930961941642,1.1904272088346153,0.9752617180410684,0.759330352043214,0.154205843819146,2
1.14627813470721,1.0193235837167443,0.8185986680698121,0.6078307028342058,1.1083691146885153,0.9326885974744583,0.16690742149114657,0.020573688707838357,2099,2241,2242,-0.003452778518656697,0.02424326972899382,V72_plant_ensemble_noise_free,1.0,378,8.046848536288527,85.25743378860962,0.8208203477726159,0.7871737222309212,0.9418501170444628,0.079425909517771,2
1.1677396436921892,1.0749213535640103,0.8581825909065757,0.6583582531375244,1.165155629371205,1.0050225702643942,0.1771183561071179,0.029780822579039395,2138,2269,2269,-0.003355886422088926,0.03103427788809654,V72_plant_ensemble_noise_free,1.0,379,5.563523704073526,145.6955658586603,1.2660424194215851,0.7168980240819354,1.0068148661839786,0.1202319757230174,1
1.1880817315965955,1.0958876401363589,0.8877308863120295,0.6898668029021493,1.3030027847165202,0.9182043508377636,0.1944738568059583,0.037632306737271394,2147,2281,2282,,0.030212994686074524,V72_plant_ensemble_noise_free,1.0,380,5.877566532863209,133.62890714095016,1.399066921409761,0.4518929953904343,0.859472463363002,0.1499445261476676,1
1.2191314153992403,1.0981119124091343,0.8889546731930698,0.6671609951355569,1.6288309059533557,1.2003064430188115,0.25275451953896133,0.04446854140359321,2147,2280,2282,,0.041114552425293605,V72_plant_ensemble_noise_free,1.0,381,5.673220430928248,130.1943836624184,1.5988157766301552,0.7634256734999496,0.9010475144795054,0.1137261694404543,3
1.2263625161454104,1.113753609519322,0.9001471790927673,0.6794220805376945,1.5806786972750886,1.0617710758152636,0.2268288547664261,0.04715602224598395,2150,2283,2284,,0.028250772223723963,V72_plant_ensemble_noise_free,1.0,382,11.1402475166216,71.96869403095104,1.6477841056075355,0.5401786786125153,0.8027361326767621,0.1097240899400291,1
1.214540346894467,1.062996731697595,0.856774614972972,0.6564652581914923,1.5669196172380748,1.2984423166250432,0.2554264642507409,0.034221766807467656,2126,2268,2270,-0.003053977933226483,0.05718647764161222,V72_plant_ensemble_noise_free,1.0,383,5.338438715897972,90.34430575842528,1.499010734143646,0.7721413183291039,1.0419323464682002,0.1397377703771524,3
1.2747690953377895,1.1525303145647237,0.9218657866908002,0.6690637613607532,1.8896986160065756,1.1082362837479278,0.2747690953377895,0.063191806565158,2151,2287,2288,,0.026959734940984026,V72_plant_ensemble_noise_free,1.0,384,9.554613597226112,148.89006104648195,1.759428087406127,0.8912723310520245,0.8442696378519975,0.2206463288079423,2
1.2165224519599867,1.07341063887184,0.8783713995508664,0.6877328784254628,1.5313469884856612,0.9979230529186107,0.21652245195998665,0.03834416731218543,2140,2277,2279,-0.0024421655365634196,0.02479612576650858,V72_plant_ensemble_noise_free,1.0,385,11.62848960687478,113.02367078242708,1.3667429700809808,0.4193866193458658,0.8858789227622764,0.2176775769338602,3
1.2415113071886092,1.098182136873238,0.9079367020049094,0.6961072626965122,1.661478754720181,1.1428587207101926,0.24151130718860925,0.04714018956229934,2150,2286,2289,,0.026893036671160386,V72_plant_ensemble_noise_free,1.0,386,8.420951777962973,92.76583111456594,1.797470851077899,0.4065684501226826,0.8890411660869546,0.1587014828457312,3
1.2023185723653373,1.0915842730134169,0.8788714707921257,0.6624351999158554,1.42425634833792,1.253739174497237,0.21248349622946394,0.04053821445432067,2141,2276,2278,-0.003431942297797209,0.029305581415026483,V72_plant_ensemble_noise_free,1.0,387,8.727518475444075,135.83414740244675,1.6912586604163011,0.8482563677476698,1.0172764001334884,0.1015476958696832,2
1.1587597351477277,1.0605862404503106,0.8546583789298994,0.6635491435624662,1.1155819038999817,0.9505795031490198,0.17010440262606474,0.026621501833647875,2136,2267,2267,-0.003532974417409403,0.03102043099877072,V72_plant_ensemble_noise_free,1.0,388,6.8654961356949045,136.12548329838015,1.1681198298324906,0.605475570011972,0.9775430118859008,0.1106810566168988,1
1.1995476018713844,1.0916627641715289,0.8702675695286602,0.6581710744425759,1.3984792839092568,1.3331468725117182,0.2060948090932604,0.03818570117329077,2140,2273,2274,-0.0033386341160794608,0.02945075786954554,V72_plant_ensemble_noise_free,1.0,389,10.967558643588694,99.3404489347812,1.7993736970033685,0.9155887332409666,1.0590375198161246,0.0644507598646714,1
1.1952904699460172,1.034687991530075,0.8521355240196156,0.6617434374275848,1.3712085023376201,0.9525673989871917,0.19529046994601718,0.028771130372180553,2120,2265,2267,-0.0030634883108385056,0.02569145138388773,V72_plant_ensemble_noise_free,1.0,390,8.987187468766788,73.20057981176586,1.0648597199086995,0.4783909900882127,0.7748587071598245,0.0594987260457497,3
1.1965677132098371,1.0374095380794903,0.8388297452510085,0.6376741708626871,1.3792568017442477,0.8795042583093222,0.19656771320983712,0.0288926269894172,2120,2260,2261,-0.00253859249508723,0.02547286267871296,V72_plant_ensemble_noise_free,1.0,391,8.509788602121876,129.7793693920083,0.8315550265172232,0.6537875815677598,0.7971865999028906,0.1576105037689634,3
1.1858286887108478,1.0518644391163996,0.8593834113718428,0.6846031379652984,1.3161330663076931,0.9861398048317551,0.1858286887108478,0.029733830687674725,2137,2269,2271,-0.0024701592410972507,0.028770310651524245,V72_plant_ensemble_noise_free,1.0,392,11.545812104259362,113.21157553616338,1.26882842983286,0.4160735220299265,0.9962901298134378,0.2359458036678871,2
1.2126920724097507,1.1189647107669796,0.9041520643426713,0.6868317236849173,1.46633618955802,1.0408523999214452,0.21536614018230882,0.04620409261418715,2150,2286,2286,,0.029405378955297934,V72_plant_ensemble_noise_free,1.0,393,6.737225980399963,130.71397641974357,1.6771099881852716,0.5544182113637928,0.8901323048554667,0.1567109355968337,1
1.2687335732796972,1.1201558614964664,0.8862205765862771,0.6474328942590293,1.8705625583214012,1.1020737478945926,0.26873357327969716,0.05386775543441997,2141,2276,2279,-0.0026399674229943175,0.02423791677990117,V72_plant_ensemble_noise_free,1.0,394,11.36178894372044,115.57529322146208,1.4582056028163404,0.9638544683468372,0.8287815501944932,0.2036122116904878,3
1.1827568949176441,1.0759175067075573,0.8775212740964017,0.6910341284399835,1.285552460610751,1.0297154894838525,0.18899264742389899,0.033367693683192076,2140,2278,2278,-0.0031630586994771874,0.029667123953832863,V72_plant_ensemble_noise_free,1.0,395,10.196847490499326,148.19535616193832,1.4403237103010038,0.4536210844566339,0.9480307306220558,0.1266327551033207,1
1.1423452812545607,1.0263365816230872,0.8475633078396085,0.6729652671614521,1.0330528512395971,1.0008058743458472,0.15403594249064878,0.019849288608958682,2117,2258,2258,-0.0025690405608779165,0.02527925903956363,V72_plant_ensemble_noise_free,1.0,396,11.973396419742762,85.23226443190595,1.1679120728803796,0.4240326153187436,1.0908373853995512,0.0968085493667929,1
1.2087519797706239,1.0550983902569424,0.8566472141194862,0.6552693393431389,1.4773081953998788,1.0235795459068568,0.20875197977062387,0.03419748345967695,2138,2267,2269,-0.002699452392362219,0.025077158595453897,V72_plant_ensemble_noise_free,1.0,397,10.428062767327075,75.1250328993846,1.1914612179237718,0.6021575823951612,0.7993219805059033,0.0853621957429705,3
1.2253134836528328,1.1222395849732831,0.907215836154653,0.6677221929562747,1.5805539216583804,1.172946539660061,0.2341746787871013,0.051008875502800484,2151,2285,2286,,0.02873838688328889,V72_plant_ensemble_noise_free,1.0,398,7.159746828242004,126.07002264193495,1.738015607792324,0.8346869047652377,0.8180328652485942,0.0571160700086354,2
1.2086778206735926,1.1111635051149371,0.8984353307810757,0.6746335096941295,1.4618479998876597,1.1550608501908997,0.21950339856430712,0.0459370539075777,2148,2283,2284,,0.029010164336311206,V72_plant_ensemble_noise_free,1.0,399,6.266840811021766,146.17857559876393,1.7289077219528273,0.7432239359852657,0.9280689297097012,0.1119312234174805,2
1.2017206648576721,1.0814007507406989,0.861529116404723,0.65477470821663,1.4193654858179119,1.076515976961092,0.2053747562683288,0.036310492039083,2138,2270,2270,-0.002617845711119093,0.02876978280503595,V72_plant_ensemble_noise_free,1.0,400,11.78992764290374,88.96958329539382,1.3609571246985417,0.7111575230294621,0.9003479147867326,0.1172212875517482,1
1.233809532676429,1.1162915027110496,0.8912891940614245,0.663227328245916,1.6190850985457619,1.1992904367026884,0.23382765553837803,0.04915442062666143,2148,2280,2281,,0.028434093810314698,V72_plant_ensemble_noise_free,1.0,401,8.559801520409135,145.68914897020238,1.723796376050689,0.8982241927431008,0.9975545078887532,0.2030690166336894,2
1.2162695185360568,1.0940770553753119,0.8759773513346194,0.6551389063716222,1.6138498907375154,1.231178083187324,0.251891959213548,0.04291497652844889,2138,2275,2277,-0.003595941249320748,0.04414995221738782,V72_plant_ensemble_noise_free,1.0,402,5.691020570802678,145.41066080089792,1.550405274752169,0.9154888187455364,0.9947055308446592,0.1642262534364988,3
1.2048999595389847,1.0950208338021787,0.866247469293685,0.6554983666311037,1.4357743113661425,1.1601708070859198,0.2166502351587556,0.04044466541394515,2140,2272,2273,-0.0030761889490923274,0.02910352461610599,V72_plant_ensemble_noise_free,1.0,403,5.948785226815181,77.63082479404406,1.6257496811855967,0.9384570401693022,0.9813679378555112,0.1420461313550798,2
1.2627419139443565,1.1114323686778729,0.8866495043863059,0.6541323648922115,1.8379222051722004,1.1250903356067385,0.26274191394435653,0.051671453655886844,2140,2277,2279,-0.002495643404315252,0.024453516452607627,V72_plant_ensemble_noise_free,1.0,404,11.247656674640291,77.66810623411563,1.5193528509932963,0.8958533209134111,0.7687453412657396,0.1256977035196022,3
1.2417959254074495,1.1473417142230693,0.9172839691921248,0.6833003622151806,1.6462200254105515,0.9985480366306438,0.24179592540744954,0.056076978482956945,2151,2288,2289,,0.02856517373043732,V72_plant_ensemble_noise_free,1.0,405,5.424468004979971,95.59381706019776,1.7749243198753155,0.5956390347580313,0.8517593147936102,0.2293766717817013,1
1.179724192195351,1.0501737390366155,0.8394542096752908,0.6448349922399851,1.2665277025531527,1.0263141177194632,0.18676298458537754,0.028541386919364805,2127,2260,2261,-0.0026910054786976113,0.029958145477618325,V72_plant_ensemble_noise_free,1.0,406,9.025644787114318,107.298872162654,1.1630190391194797,0.7162320139785034,1.0467123151201625,0.2199675306111871,2
1.1625706784920615,1.0377263514257908,0.8509561553138361,0.6782909219616589,1.1572320046708575,0.9855339691288234,0.1728899507019359,0.024887214126545522,2120,2265,2266,-0.003227990174358636,0.030628670673015446,V72_plant_ensemble_noise_free,1.0,407,9.27864014468796,73.75500708750587,1.268327088594248,0.4036144756712601,1.032784936541015,0.1751189452048432,2
1.2398349801207635,1.0904236614752476,0.8870362445151021,0.6782874588704325,1.6450940101597449,1.1895829535569113,0.23983498012076354,0.04404847444905282,2140,2279,2282,,0.02712480906425041,V72_plant_ensemble_noise_free,1.0,408,8.546636087443837,91.81629479229572,1.726802823360578,0.5927701541833272,0.9897357073274978,0.2065255083760397,3
1.1692056297744269,1.0652901488984932,0.8479943607291967,0.6451824824207761,1.1908653754180643,0.9849605314212698,0.17996578188534618,0.028735976083362903,2136,2264,2264,-0.003225791866890399,0.030545749476295958,V72_plant_ensemble_noise_free,1.0,409,7.447973702086157,99.83225469680116,1.167772603230024,0.7219105894984084,0.9136905019853566,0.0699825402719048,1
1.2011665632747732,1.104185169041452,0.8686701986407235,0.6473851023441943,1.384876040461278,1.011368835936052,0.20552732814670138,0.03978820593711599,2140,2273,2273,-0.0033174919838796385,0.02987268340947491,V72_plant_ensemble_noise_free,1.0,410,5.206659258917591,132.47465946620605,1.3171849854237836,0.8777018735464635,0.9031429501710014,0.1516225039816103,1
1.1944947278398452,1.0877295204897381,0.8633332217118607,0.655159239603006,1.3583306145724756,1.05471185785217,0.2013730854900082,0.03629247451966597,2140,2271,2271,-0.0028275931230194854,0.029724459764189026,V72_plant_ensemble_noise_free,1.0,411,7.863402068733372,79.32196071021234,1.4103980470111916,0.7553835523566196,0.8921873451021604,0.0936689225899522,1
1.2217678587339207,1.077157918973425,0.8773503790992498,0.6780132192414214,1.553257596785151,1.156158273916716,0.2217678587339207,0.039803585200108065,2140,2276,2278,-0.0030204458389709076,0.024999028527528555,V72_plant_ensemble_noise_free,1.0,412,11.576267389641153,130.66873418442373,1.5540124660546404,0.5893155241941855,1.0069531722696974,0.2088601537016196,3
1.1954291032475783,1.0916361927641267,0.8725091151409944,0.6604513607306091,1.365511279804094,1.2237305830735836,0.20182402537558897,0.03768394957601462,2140,2274,2275,-0.003658717289740856,0.029649026394913847,V72_plant_ensemble_noise_free,1.0,413,9.663481085614876,129.45688175300404,1.634276876287997,0.8303195716119749,1.0313085053733766,0.0946624297191693,1
1.2379435035970676,1.111296584766413,0.8995693846424986,0.6716658341568861,1.666032527859447,1.037479761309911,0.23794350359706762,0.049155798054087096,2150,2282,2283,,0.027642050806886642,V72_plant_ensemble_noise_free,1.0,414,10.736966610164536,110.03902563835828,1.47922647059975,0.6360978928027521,0.7695619783148037,0.1296314859445774,2
1.1843699382538995,1.0575351859834927,0.8534496182464669,0.6608297065967328,1.2980472784892538,1.0226114783207345,0.18926654239192087,0.03071389473461918,2137,2267,2268,-0.0032023683542756983,0.029738540942358282,V72_plant_ensemble_noise_free,1.0,415,9.367556296344569,147.74651771449564,1.1939782190723365,0.6592885151224483,1.0139112038960647,0.2097855932264881,2
1.190917506832962,1.068167111026388,0.8325612111235833,0.6276684142929865,1.3307110474199122,1.0672472720036825,0.19552789109993207,0.03132139857310777,2131,2257,2257,-0.003213150116410478,0.029415221929179003,V72_plant_ensemble_noise_free,1.0,416,9.399566815790417,95.89550816899516,1.1975040084424022,0.9465190637817336,1.0420351955907603,0.2082986851114942,1
1.1406286701954529,1.0224627028959352,0.8402664979467185,0.6566946688952431,1.0146533833709983,0.9171983443241647,0.1515234149669007,0.018805943952846318,2099,2250,2250,-0.002259287519665601,0.02337163806427789,V72_plant_ensemble_noise_free,1.0,417,11.122168938247071,77.30716500931032,0.9915353408672758,0.4690326676526528,1.0756962323645602,0.1641795415956833,1
1.1296587015178061,1.0370079007155035,0.8405347959998966,0.6407083705028936,0.9381115215570526,0.789178101722301,0.14399685515819116,0.018548077487218068,2116,2251,2251,-0.003274685692130647,0.028780632026791597,V72_plant_ensemble_noise_free,1.0,418,5.233352023396017,109.07737171436388,0.8335276808021633,0.580633538732894,1.0189825948009053,0.164016344330043,1
1.1879853809941214,1.0924317425174856,0.8724933582132426,0.6563393322275441,1.3141716197969462,1.1457141240961728,0.19678322498282097,0.03671405872917903,2140,2274,2274,-0.003493377065015369,0.03025892648227213,V72_plant_ensemble_noise_free,1.0,419,7.398966258856007,136.38986815298065,1.4923725312957965,0.8413672838259512,0.9401124146632396,0.0421909950804908,1
1.2075311838469127,1.0601486907180502,0.8281501464675045,0.6169957188488557,1.466788758869156,1.0556734570382076,0.20753118384691271,0.03327203413986739,2127,2255,2256,-0.003086021913577651,0.028190092331083827,V72_plant_ensemble_noise_free,1.0,420,11.708621729371986,95.8804128579951,1.0577380867048207,0.9509723085328944,0.909906236682415,0.1675489571722938,2
1.2282507417586648,1.078104476631776,0.8706614264369796,0.6525464463219773,1.589470813246607,1.4738980753014128,0.2433222929668153,0.038677179079770196,2137,2273,2275,-0.0037060167510152187,0.038987539982798136,V72_plant_ensemble_noise_free,1.0,421,7.57791904327381,135.4873784047806,1.6521383085367105,0.9649730811265672,1.008916680008903,0.0441932431589029,3
1.2393048742160513,1.0892825967172597,0.8822987410902818,0.6586499244837714,1.641410923517225,1.1977865251347288,0.2393048742160513,0.04293980520585749,2138,2277,2279,-0.0029453740582969885,0.03226893099150785,V72_plant_ensemble_noise_free,1.0,422,6.95654963601023,133.69267025342975,1.4341556284338934,0.8028172615278923,0.8443360234724131,0.0842970739093832,3
1.259075192533925,1.1369889367887793,0.9047515382565121,0.6627004366917467,1.7847096703013359,1.0325521181032693,0.25907519253392497,0.056937868465620704,2151,2283,2284,,0.027590125526978593,V72_plant_ensemble_noise_free,1.0,423,7.972518507921444,118.30458676361076,1.5680272933455648,0.8365865640127182,0.8154687011347923,0.2177012230344752,2
1.2169111035190534,1.0956797280946893,0.8982111327949801,0.684636824145108,1.5279835204818983,1.0637493697927232,0.2172642019660722,0.04367580858483029,2148,2283,2284,,0.028540354584053684,V72_plant_ensemble_noise_free,1.0,424,10.480574759894282,135.83142592956588,1.5054541406215918,0.5307138838540026,0.8074059830399071,0.093302938413809,2
1.2121579366338915,1.0003103030847276,0.8230455441388962,0.6240645052887966,1.4038214737998074,1.182222325568077,0.2121579366338915,0.02048625452217985,2087,2242,2245,-0.0038104052220015445,0.040053526536646844,V72_plant_ensemble_noise_free,1.0,425,8.14289157279984,78.96123882250939,0.9553856167823092,0.7383106141864805,1.0729301990446405,0.1386108075169428,3
1.1608129061471526,1.0346323647857723,0.8193764852472273,0.6145689462901509,1.1571010587128396,0.9688629277590981,0.1757468236466022,0.02371577176079077,2119,2247,2248,-0.0030957237302649114,0.027318334751178508,V72_plant_ensemble_noise_free,1.0,426,7.341380960810272,103.11401514959032,0.944935541266404,0.857824680254259,1.0720497598351026,0.2242949010100316,2
1.2055800789948576,1.0584432787526452,0.8801718643878095,0.6890358945698511,1.4512685243046342,1.1798739621286471,0.20558007899485764,0.03514360568982492,2140,2278,2280,-0.0024038303999283253,0.02528888540310481,V72_plant_ensemble_noise_free,1.0,427,11.674968252675235,101.83059055137412,1.565014288634504,0.4288069372800562,0.9145079981872908,0.0658664749832029,3
1.1896995819437048,1.102811108583857,0.8948374841636872,0.6929072581957063,1.3124258057171088,0.9893658943372077,0.1963035636145245,0.03926671516525389,2147,2284,2284,,0.030407212279987883,V72_plant_ensemble_noise_free,1.0,428,5.453954743658692,112.9882196416983,1.5975618800905034,0.4342252687814062,0.8838528853644028,0.1115973307391703,1
1.1937632129999924,1.0932640900983042,0.8898262563909611,0.6788708450844954,1.369230090784928,1.0552060168048762,0.20690853061882564,0.040351897171373496,2148,2281,2282,,0.02930914746875346,V72_plant_ensemble_noise_free,1.0,429,6.64603957958456,136.65030189542415,1.5217892907669677,0.6014349285207485,0.872925760166108,0.0894726822531963,2
1.2000384522356682,1.0995276545495725,0.8913793847139093,0.677115788147663,1.4081434258803713,0.9410311265623174,0.2122805168414308,0.04230163477740816,2148,2281,2282,,0.029125601373161336,V72_plant_ensemble_noise_free,1.0,430,5.596851648252125,82.75205321213943,1.4295856843671997,0.5190552813839907,0.7632909966807621,0.0940558350173037,2
1.149674902909346,1.0374703078375036,0.8387550597206407,0.64242178762634,1.0758514300544118,0.9632184426434993,0.1617670077947826,0.0220909221576493,2119,2256,2256,-0.003294008317707607,0.027649453631676923,V72_plant_ensemble_noise_free,1.0,431,9.720020392496856,138.0908826107241,0.9678727746795938,0.6821849287062627,0.9982840247698264,0.0827827516703463,1
1.179523133520872,1.0574656105717302,0.8477764463794202,0.6569374704431964,1.2663901862118556,0.9586185349996013,0.1839693526758568,0.028675282192457206,2131,2264,2264,-0.002798515465273572,0.029253892780468638,V72_plant_ensemble_noise_free,1.0,432,11.27254857640187,148.06464646799935,1.062031345255109,0.6363967083939356,0.97205579675565,0.2075864750747399,1
1.2126412641524715,1.0754970490202944,0.8616210334028656,0.6614258434350947,1.583362884659802,1.1712433682960461,0.24425681444997038,0.0370343789848005,2136,2270,2273,-0.0032493946576417345,0.05172849923253997,V72_plant_ensemble_noise_free,1.0,433,5.355474937470346,83.31153365532442,1.4974684836304422,0.7076501916911624,1.0223341462555728,0.2110440047857729,3
1.1557779168585138,1.0445269786963087,0.854021170426768,0.6671269288911886,1.161169368259139,1.0561826531677942,0.17538223316667234,0.02593079033290419,2127,2266,2267,-0.003358219733980762,0.030591637627583657,V72_plant_ensemble_noise_free,1.0,434,8.524059134901137,117.80446004462966,1.2718965155196842,0.5714235543623823,1.0104741103143278,0.0707003236819789,2
1.1567178738538573,1.044737685947526,0.8569942068963563,0.6757016795875701,1.1552788619247811,1.0481347634280016,0.17472571310665264,0.025988011874691713,2127,2268,2269,-0.0030774706519361354,0.03067140594302553,V72_plant_ensemble_noise_free,1.0,435,8.555864597191054,134.02152556347772,1.2985606164776953,0.5296461900988492,1.0451903833832985,0.1070952369469161,2
1.2174675445316399,1.0834352776189233,0.8615128905139798,0.6359849201601423,1.536314781911742,1.1125434347129366,0.21746754453163986,0.03998155600347767,2140,2269,2270,-0.0027021673125893126,0.028128609125482873,V72_plant_ensemble_noise_free,1.0,436,11.795473881461962,147.71828370954722,1.1950738650735937,0.9452623646071742,0.8452284677095033,0.0972836603492583,2
1.160481938418045,1.0636360699978604,0.8657573119750532,0.6813903434252586,1.132150231993311,0.836502132030298,0.17201472322887468,0.02783982317044717,2138,2273,2272,-0.0028892245510446874,0.030914567248515157,V72_plant_ensemble_noise_free,1.0,437,6.499341741302648,119.73339509756929,1.1118952065674446,0.4249579071989118,0.820499179400041,0.0776250903511955,1
1.233381226029689,1.073789521361458,0.8847124690321233,0.6910968099977824,1.574437611695771,1.2986715689935582,0.23338122602968903,0.03704584533093942,2138,2280,2282,,0.039595248850140985,V72_plant_ensemble_noise_free,1.0,438,7.383145232810676,142.44850548796646,1.6742178439015194,0.4979945997527288,1.0138696298354062,0.126503078645846,3
1.1746329405678044,1.0584056445248187,0.8206469305066223,0.6107112921847846,1.2144088963530495,0.9678393202907765,0.18233572220911065,0.027147494784755703,2126,2250,2251,-0.0030844890664301176,0.03028090158924579,V72_plant_ensemble_noise_free,1.0,439,6.8374030787829,103.35718461588222,0.9841756356763982,0.964508563113385,1.026472264708636,0.2179121029788902,1
1.2444016286969535,1.0950115102230382,0.8768060282517347,0.6476384340118004,1.7046414913346202,1.2048031928407321,0.24440162869695348,0.046141459312893825,2140,2274,2276,-0.0035112163898948006,0.02511994927800898,V72_plant_ensemble_noise_free,1.0,440,10.796034086410035,128.3777920746277,1.4696026074982411,0.9505961197005032,0.8818839273987618,0.1297153797022207,3
1.1619069083527847,1.062643386543479,0.8579460233218763,0.6596921906658401,1.196779950232638,0.9217108485817731,0.1813229750521026,0.029703622025005524,2136,2268,2269,-0.003179753439823528,0.029244921909434174,V72_plant_ensemble_noise_free,1.0,441,5.623911353139087,97.5953134840231,1.1664374173298668,0.5857706805621006,0.8483404023811005,0.0646181611860079,2
1.1979531124769025,1.0245724119702926,0.8355746025422339,0.6444553100985513,1.3558234184233215,0.8685385205982329,0.1979531124769025,0.025610806268382233,2119,2257,2259,-0.0025739677271609984,0.027599128833647235,V72_plant_ensemble_noise_free,1.0,442,7.196407507843481,118.1635537904974,0.8298369607582816,0.5760146786720634,0.8620168086109888,0.2235462300299736,3
1.1787633797448,1.0451029179061568,0.8491920862983727,0.6679257282312618,1.2665443511783403,0.9721723579224815,0.18078715792541367,0.02765115277863033,2127,2264,2266,-0.003170458276138268,0.029384421924326443,V72_plant_ensemble_noise_free,1.0,443,10.5654569398273,116.85439382392444,1.14242393808749,0.5194880388384021,0.990914335026823,0.2162792598899018,2
1.203394798218,1.0998476125354177,0.8716175202935479,0.6577357761394929,1.4202301970810294,1.1556892727707975,0.2153222854588246,0.04138898655940144,2141,2274,2275,-0.0037418899416478196,0.029355044429179022,V72_plant_ensemble_noise_free,1.0,444,5.541875516494516,97.19395804752403,1.6602316662975731,0.8775866848376398,1.0308633625479664,0.1802389296211026,2
1.173157662206838,1.0716222463191358,0.8601248600158753,0.672261733597957,1.2042955564021454,0.9932422789233042,0.1808746049147134,0.0303046969476101,2138,2270,2271,-0.0030143720104013243,0.030414959565110644,V72_plant_ensemble_noise_free,1.0,445,7.234108532853883,99.64718491061232,1.3762037232018225,0.5400055879539191,1.0423528537672948,0.1997407668514915,1
1.2075148084189085,1.1106173611061207,0.8944806721498534,0.6703290795764175,1.4615420305197147,1.14735326037169,0.2208364256089459,0.04553400474829195,2148,2282,2283,,0.029110345788357916,V72_plant_ensemble_noise_free,1.0,446,5.932485045666834,91.813804462339,1.7541106296012994,0.7410098893696373,0.8743732813682149,0.0709672893072272,2
1.193096570735614,1.0822408413590148,0.8454214064528096,0.6318254856172139,1.3422555853413256,1.0807997807724727,0.1991801719239521,0.03438586275372127,2138,2263,2263,-0.0030677512936804507,0.029744930672941594,V72_plant_ensemble_noise_free,1.0,447,7.619797134831535,109.70441421751508,1.2690989230808487,0.9819668284461038,0.9857094237274888,0.1499761401893349,1
1.1758120170088744,1.0368976178672158,0.8213427840562553,0.6226169143033138,1.248633552132119,1.1003100071101812,0.18403281496581747,0.025699095889432744,2119,2249,2250,-0.002521305631336689,0.028028646778458954,V72_plant_ensemble_noise_free,1.0,448,10.237810478889449,86.78442199905948,1.105555725435691,0.8994861054248446,1.0722605218122498,0.1641914279895008,2
1.2041466150625588,1.0889721391125384,0.849113056944705,0.627784166519187,1.4124197016176345,0.8591262472079316,0.20634520426259484,0.03722905981862025,2138,2265,2265,-0.0033813195108962414,0.029107436055050506,V72_plant_ensemble_noise_free,1.0,449,7.042032665397028,140.20654077091766,0.9298848834378656,0.854144946946384,0.8199533562122008,0.2299058179409805,1
1.229445654102033,1.090338097892021,0.8995129787212263,0.690179102927971,1.6249804687892349,0.9964565819814921,0.2294456541020331,0.04431401920799027,2140,2283,2285,,0.02473069566902053,V72_plant_ensemble_noise_free,1.0,450,11.476029008616162,141.51336986095575,1.380544226507726,0.4437880311658584,0.7525048142440633,0.1245777717027131,3
1.2183529549110492,1.0430106271644828,0.8346109434928792,0.634452535074271,1.5794040508081908,1.2915762915151432,0.25753698280327564,0.030549407804954406,2108,2257,2260,-0.0028579691525064113,0.06102227715150943,V72_plant_ensemble_noise_free,1.0,451,5.210194349785648,89.97554419551791,1.2869036921336283,0.9463792361862756,1.0759395309537836,0.1644460993379971,3
1.1608916969435956,1.0633756052318761,0.8475053522665354,0.64646551396225,1.199374018139432,1.084066814438322,0.1827951026291248,0.029082905952372277,2127,2264,2265,-0.0035557595770378593,0.029629747258281602,V72_plant_ensemble_noise_free,1.0,452,5.702298964592737,114.19022234551724,1.3123440925865488,0.8048769790801487,1.0614165226403032,0.1233173192912999,2
1.180029060631152,1.0144122392693569,0.8360993989452279,0.6535750146912771,1.2663364098028216,0.9769635983361751,0.1800290606311521,0.023414461908484417,2099,2256,2258,-0.0027218782210530717,0.02536945070683272,V72_plant_ensemble_noise_free,1.0,453,9.816847438025384,73.36218800393888,1.0265208350603443,0.5099706392239802,0.9354194888216862,0.1383880843757932,3
1.1562554322002974,1.0547390020901894,0.8510474990673247,0.6566929233196609,1.1149500054284107,0.941717291793299,0.16885457075969623,0.025576347523432432,2126,2265,2265,-0.0033617778207810263,0.030923672296774063,V72_plant_ensemble_noise_free,1.0,454,7.70447909926914,121.65253285621684,1.1007105846000231,0.6110032330282696,0.916295289809366,0.0511379221874788,1
1.2307740591232013,1.0720949345580908,0.8741685393121983,0.6743003984625873,1.5762143146000045,1.168609486004014,0.23077405912320126,0.038304519068994354,2138,2275,2277,-0.003309263575763769,0.02981654527773192,V72_plant_ensemble_noise_free,1.0,455,7.833564331762712,78.05658267230135,1.5538944716088494,0.5593511365237773,0.9439387200202924,0.1547189407457659,3
1.2458781394368361,1.0938388960922487,0.8773587640453484,0.6495014051256242,1.7339806034352332,1.1841312185324333,0.24587813943683612,0.04637342284584756,2140,2274,2276,-0.0033238654779478493,0.024679872276547332,V72_plant_ensemble_noise_free,1.0,456,11.930338753194563,81.4545684310976,1.4605900974919623,0.9010018256119868,0.7637369128807505,0.0544122986043801,3
1.2080076134027518,1.0875676656890874,0.8945851677729466,0.6862061445761612,1.4744668411215698,1.1897794235935968,0.21141818049453276,0.041031259210248715,2141,2282,2283,,0.02894183960666652,V72_plant_ensemble_noise_free,1.0,457,11.622089600981216,81.01065725996645,1.7424040348802623,0.4770310323042127,0.8711569265770435,0.0438919599055327,2
1.2243483362899639,1.100990930788521,0.9003926666639336,0.6926637872812612,1.6129337158929369,1.0870662246479539,0.2481635756612326,0.04553634688351671,2148,2285,2287,,0.04473269181128847,V72_plant_ensemble_noise_free,1.0,458,5.1889331696207694,87.619575805717,1.7211717597028842,0.4285688090205024,0.914779671563512,0.2009150526840117,3
1.2542457631560673,1.1527163486220118,0.9174966469940854,0.6703391083469161,1.7369692719034455,1.0765686781592851,0.2542457631560673,0.0592459625543572,2151,2287,2287,,0.028020490002346854,V72_plant_ensemble_noise_free,1.0,459,7.308372951400977,148.0473954122554,1.736927912707174,0.8587558108982958,0.8563028409217224,0.2052111494463307,1
1.2317399576160146,1.1046576075562802,0.8839693516280944,0.6667890797057539,1.6082623743314708,0.9578769226823174,0.23173995761601462,0.045964394335297226,2148,2278,2279,-0.002737825540770384,0.028059796488665967,V72_plant_ensemble_noise_free,1.0,460,8.616897984635562,96.8451377748426,1.3724403094778423,0.6260589949639047,0.8297651716389022,0.2317420222414264,2
1.2668003214575119,1.157495128206903,0.9230615401790268,0.6759034998801667,1.824167379987185,1.0187142954890107,0.26680032145751187,0.06216880017936294,2151,2288,2289,,0.027368524090912727,V72_plant_ensemble_noise_free,1.0,461,8.640224639139936,95.92941303966316,1.7718563671487768,0.7136692378448113,0.8015380061441988,0.2248743717067393,1
1.1627415303806488,1.0454010801734042,0.8352339950910458,0.6302287112458925,1.1906553656156482,1.0037727045868137,0.1801393388114385,0.026316530639957782,2126,2257,2258,-0.003074778796263653,0.03018003139187786,V72_plant_ensemble_noise_free,1.0,462,7.753327442316262,130.16632761268596,1.022324857260149,0.8173490946175603,0.9771428121086964,0.1110050630493068,2
1.1896626848903091,1.0729605174281835,0.8301280052242153,0.6069561603552778,1.3255777092875112,0.852629679284847,0.19652099426190328,0.03218514533900743,2136,2256,2256,-0.003510641219116744,0.02965221105910154,V72_plant_ensemble_noise_free,1.0,463,6.717973179350609,105.44701911455,0.8371283491292668,0.9016104698265558,0.766902464410147,0.12878418062576,1
1.207061894726989,1.1113640733263326,0.8952235543749181,0.6644218724329536,1.6600335377897704,1.2387680411484983,0.2619530125271521,0.0481096791991542,2148,2281,2284,,0.040947495479700446,V72_plant_ensemble_noise_free,1.0,464,5.163104335675868,130.8864161247232,1.7164915810852817,0.8653077457421213,0.904243591825284,0.1054134791802487,3
1.2061563497882655,1.0969190446987132,0.8754545889457932,0.6724500213923222,1.4263662785694295,1.0209968705826782,0.2080843946229629,0.03974794879765375,2140,2276,2276,-0.0036149253366901004,0.029110471204095933,V72_plant_ensemble_noise_free,1.0,465,8.44737739595651,77.33118681513676,1.5274194627239726,0.5781044114670617,0.9535813634606448,0.2165648978256381,1
1.2033623585024906,1.0940112069212233,0.8507559800698437,0.6226216763764141,1.4110306550733678,0.959312925158275,0.2082929249062313,0.0381385366281348,2140,2265,2265,-0.0034023793427740557,0.02945991974736417,V72_plant_ensemble_noise_free,1.0,466,6.596297213332611,129.7700300308481,1.058578094692781,0.9925881346367634,0.8249980646382431,0.1349839086800573,1
1.1524707278936812,1.0134620793567781,0.8378105832241478,0.6583260715849467,1.091533781582252,0.8847459367778537,0.15780017219380427,0.02001020501585439,2099,2252,2253,-0.002909246244076389,0.024887016726835243,V72_plant_ensemble_noise_free,1.0,467,10.2274517078094,104.36454624438872,0.9103354803708532,0.4754856334542635,1.031581333475592,0.236740077011092,2
1.1735902498029236,1.0788435550947952,0.8540823465093359,0.6421815175126735,1.2106081390117382,1.2148869774242255,0.18338367761129581,0.031235368778388617,2138,2267,2267,-0.0036672263586668818,0.030863035524083315,V72_plant_ensemble_noise_free,1.0,468,6.663348047316012,149.07067660929445,1.4527181497124233,0.9981774810893784,1.0940195953444394,0.0526325004207773,1
1.2346571081009117,1.056190468547542,0.8397426816514377,0.6427095825899385,1.5573451400301517,1.2121976892997268,0.23465710810091167,0.027866769625369072,2118,2259,2261,-0.002823029252080406,0.05214529067788343,V72_plant_ensemble_noise_free,1.0,469,6.367272599058145,83.97244866566729,1.1384143185212667,0.7081972755850106,0.9283163687880676,0.0929298158993882,3
1.2030960088791494,1.0602221285226807,0.8320395471659907,0.613052015402404,1.4378828884988846,0.9936346542450276,0.20309600887914936,0.03297948482959406,2129,2257,2258,-0.002797118355404262,0.028269315336629353,V72_plant_ensemble_noise_free,1.0,470,11.237639063712097,137.54026520048217,0.904291144951912,0.928888598794454,0.8646426056696416,0.1619171020307063,2
1.2114644490292568,1.104106330536089,0.8966271756784132,0.6811945477765735,1.4833819176604348,1.0342119975199202,0.21508072094213682,0.043378700960424614,2148,2283,2283,,0.02883858982898202,V72_plant_ensemble_noise_free,1.0,471,10.27679921275864,87.23091024942804,1.549389848278515,0.5060678832656242,0.7865691656762289,0.0724637512001225,1
1.189948744502551,1.0726896597489093,0.8461053692169387,0.6379928266656827,1.3314832464986441,1.157147219489118,0.1954837930025337,0.03267282654792112,2138,2263,2264,-0.0031044388968418167,0.029399409233812346,V72_plant_ensemble_noise_free,1.0,472,10.845127031208436,120.15796546722214,1.3306856621382597,0.9223898585085404,1.0543763365895469,0.1442946323217819,1
1.1635837670653715,1.0646587544182364,0.854647454788378,0.6629395582385321,1.1477880379137033,1.0039291455716117,0.17469278820743495,0.02783978151011705,2136,2267,2267,-0.0034632464128089764,0.03090984026543797,V72_plant_ensemble_noise_free,1.0,473,6.975471742487674,83.73348214261503,1.3263087063104415,0.5904229123316997,0.9845576487737489,0.0895203146926003,1
1.2023499656765422,1.027194924759377,0.8398309931129926,0.6425314346999934,1.3910463309733507,1.3154856210504442,0.20234996567654218,0.02686428056474872,2119,2259,2262,-0.002863363663152814,0.028320284730610545,V72_plant_ensemble_noise_free,1.0,474,10.641667034974985,129.4657312831245,1.263391202854646,0.8151827221956396,1.0875680822546907,0.0792740565667013,3
1.2105326538917398,1.0681833755334804,0.8450569475736063,0.6496392099082651,1.4759349035133003,1.2107537767338126,0.2105326538917398,0.03517942674812765,2137,2262,2264,-0.002813910071957757,0.028591881998361934,V72_plant_ensemble_noise_free,1.0,475,11.66890236527626,70.53479659293963,1.5038977308299448,0.9056375078799666,1.0890225296293432,0.2094971035850399,2
1.1898791212862885,1.0693763374535863,0.866151500331303,0.6660153076197125,1.3399138416649623,0.8942390831342799,0.19688744051622042,0.03413382693975439,2138,2272,2273,-0.002970753849851377,0.029726894805925053,V72_plant_ensemble_noise_free,1.0,476,7.734641345522084,138.2060222990499,1.0821756700437777,0.5752498384333692,0.7997759398970216,0.1384699863791295,2
1.2444853369536877,1.0938698208462108,0.8742637002574838,0.6527813467649263,1.6809007888692833,1.2203146125428797,0.24448533695368768,0.04458707025512559,2138,2274,2276,-0.0036926017860455036,0.03027188873933251,V72_plant_ensemble_noise_free,1.0,477,7.052933859894989,95.04759933250536,1.5619335296417538,0.9116906769235276,0.912268174326182,0.1421899675245875,3
1.224144462107322,1.0711050463923288,0.8769437427030269,0.6672235857441345,1.5815382270376515,1.1925126052432051,0.2482612554528727,0.037162605758400115,2127,2276,2278,-0.0035100712504665104,0.04920689753584462,V72_plant_ensemble_noise_free,1.0,478,5.686910336873929,129.17710640472353,1.3625519138585211,0.6556871557683428,0.8442595668534721,0.0550834098420355,3
1.1787676549415922,1.0553316318000239,0.830848663578737,0.6218866883241807,1.2649870778701255,0.7963425630368387,0.1913003261528734,0.029410085711445766,2127,2256,2257,-0.003441359600066215,0.029721146500955697,V72_plant_ensemble_noise_free,1.0,479,5.804175910239045,88.56425465877741,0.8305511074698392,0.7157055603339049,0.7748119612754953,0.174072272895686,2
1.2107887335115897,1.1136933406742597,0.895067160675088,0.6832813629339516,1.4499041180333667,0.8303132493706475,0.21261123922857572,0.044344712613377975,2148,2283,2283,,0.029322490745086416,V72_plant_ensemble_noise_free,1.0,480,5.567476100260327,113.11457401019324,1.2954457988592245,0.4731795381779615,0.7591466426907333,0.2076479825831987,1
1.21865333365891,1.0950320453933577,0.8842463684881994,0.6736632434847458,1.524139266568108,0.9549454923497815,0.21865333365891004,0.0426951154675897,2141,2278,2279,-0.002682190953294328,0.028535282337244006,V72_plant_ensemble_noise_free,1.0,481,8.611341334571257,133.47199346034284,1.311304137986531,0.5887030416641059,0.8354555550129812,0.2063444891047998,2
1.172441596098723,1.042887679174526,0.8112083946084034,0.5993635801446443,1.21039129173476,0.9183207731047783,0.1788545358846485,0.024669538934225264,2119,2244,2244,-0.0037556503689340293,0.026188064187326554,V72_plant_ensemble_noise_free,1.0,482,9.05228078041868,99.57475168062771,0.8304729015501283,0.8982927520851458,0.9952214652924088,0.2399286219751928,1
1.1788307913344616,1.075421822815889,0.846346717614186,0.6408409635647977,1.2383679056523063,0.972208572398664,0.18594503124423634,0.031095416627874767,2136,2264,2264,-0.0033782855782912738,0.03036241119996852,V72_plant_ensemble_noise_free,1.0,483,6.122697717825819,122.19134315374716,1.1604964215456413,0.8045838321896356,0.999213143039094,0.2002263321410186,1
1.2019707143928524,1.0814161099947914,0.8549478461073048,0.6391479583323567,1.6075163733295539,1.1892667194314575,0.25477569517313614,0.038188256448159645,2136,2267,2269,-0.00319220748640216,0.046469731839801964,V72_plant_ensemble_noise_free,1.0,484,5.17311560984342,100.19630093089918,1.349740218582812,0.9634916421143606,0.9177538839768432,0.1198088989498842,3
1.1616443522414963,1.0433188178206136,0.8497491219636704,0.6599781325527491,1.1786451189565734,1.1334633330970432,0.17725157819321313,0.02612132188875464,2127,2264,2265,-0.003188282893048206,0.03067179018560018,V72_plant_ensemble_noise_free,1.0,485,9.870208672481276,133.1506416692017,1.3029434884620033,0.6691795536784997,1.0842085306730485,0.0886775795803948,2
1.2114593444993513,1.079449114680791,0.8600370699257432,0.6468133894455143,1.4874570904173627,1.2110136879560396,0.21245396361303537,0.03825689527413855,2138,2269,2270,-0.002715122956866102,0.02864835154058487,V72_plant_ensemble_noise_free,1.0,486,11.580123671815793,116.09802698149858,1.459217421023247,0.8980651762944208,0.993821301947591,0.1369001873713068,2
1.237990451216787,1.1115491550113208,0.8944142896824602,0.6617057957361988,1.6690829497385697,1.2617844551823074,0.23799045121678697,0.049200610472102155,2148,2280,2282,,0.027947785642797207,V72_plant_ensemble_noise_free,1.0,487,11.96198902865845,108.81705317242807,1.750203209934136,0.8791775432236627,0.8745602838823686,0.0832166404984872,2
1.1582072646495234,1.0509051947212864,0.8630249504453027,0.6902471248332763,1.1483765026878934,0.9681035914959186,0.17465269329957245,0.027105703826553123,2127,2272,2273,-0.0032032710758141004,0.030260045580050354,V72_plant_ensemble_noise_free,1.0,488,7.1194689162812,148.28735717411516,1.3137614068956187,0.4292319533707659,1.047576629231488,0.187745661465888,2
1.1882257815264212,1.0691952566832572,0.8253627884301626,0.6265271837867161,1.2997395268772205,0.9529711236421325,0.19379194695547652,0.030246095955531963,2126,2253,2254,-0.0034946304377643667,0.030000930057570097,V72_plant_ensemble_noise_free,1.0,489,5.769972408950716,72.13969991190541,1.0948578458057594,0.9623921732917086,0.9773611299024249,0.2369287227139229,1
1.190119934821467,1.0949786138645439,0.8918800123030028,0.6925014867838397,1.3256099260365681,0.9038767356201758,0.19689079791163322,0.038243287521224134,2147,2283,2283,,0.02998819525415586,V72_plant_ensemble_noise_free,1.0,490,6.765037537509196,130.320750741445,1.369280178959303,0.4173075320541811,0.7947484277296456,0.1081267210150654,1
1.1969968669933735,1.0602578903722044,0.8497436940414322,0.6497691325773025,1.3973298571649178,1.0074510054650516,0.1981008492740728,0.03270914559160225,2137,2264,2266,-0.003142744516325548,0.028673761475781934,V72_plant_ensemble_noise_free,1.0,491,11.048563123729355,85.59831094570734,1.1693902256893467,0.6505960093616979,0.8698350304680917,0.1354406497176708,2
1.230979543793485,1.0973061612378596,0.9100671813631758,0.6980842141089519,1.614433422542064,1.06207337820849,0.24687301679823648,0.04514420403492131,2148,2288,2290,,0.03832965795230159,V72_plant_ensemble_noise_free,1.0,492,5.364164930725071,149.7419578380813,1.529860939536554,0.4240153601836637,0.7704074435809842,0.093924395203989,3
1.1783703861040293,1.0473619210105722,0.8471984932300725,0.6569307710432395,1.269380957261685,1.1927336541344218,0.18447419357227712,0.028302884784954678,2127,2263,2264,-0.002829477191792097,0.029780737999738793,V72_plant_ensemble_noise_free,1.0,493,11.96894749226058,98.45015742532476,1.3995051628324608,0.6813044104467672,1.0985793521049905,0.1228573307233797,2
1.1758474285423595,1.0652175496855072,0.8648396927809379,0.6759304657759083,1.2564441581624348,1.093179952774203,0.19021314929718303,0.03178780705107558,2137,2272,2273,-0.0030433309581116177,0.029924632317555044,V72_plant_ensemble_noise_free,1.0,494,7.941151623098833,75.63039290996716,1.5429228387528051,0.5216850103945857,1.0259095897123327,0.1302277791497232,2
1.2292573997005074,1.0653388931211234,0.8469755955215701,0.6350852650991909,1.5646817052290998,1.3013834058673577,0.23089751410266923,0.03499261488159244,2127,2263,2265,-0.003325783325743835,0.035754980973211614,V72_plant_ensemble_noise_free,1.0,495,7.292972174883596,113.05900829854455,1.35079887601717,0.9917077119780774,1.0154101618465448,0.1295106158647365,3
1.2575487647453243,1.1198356388642883,0.9216197857639018,0.6860507428954241,1.7816648996574007,1.1210506462343406,0.2575487647453243,0.054940151911630423,2150,2289,2291,,0.0256427146209508,V72_plant_ensemble_noise_free,1.0,496,8.904569278831879,123.68603044052465,1.7401249382998558,0.5743635724489343,0.7935684641866495,0.1315668045144,3
1.1666609558734113,1.0479414285607815,0.8511193839034183,0.6646726179505372,1.1906447361261576,0.9251438639244272,0.17964950661262336,0.027219106017262813,2127,2265,2266,-0.003371100423368936,0.030468927047206718,V72_plant_ensemble_noise_free,1.0,497,7.681840680560795,118.45288954424667,1.1066196558444032,0.5426865354004825,0.9491964283815418,0.1736967143114313,2
1.1970103996690744,1.0705953969175495,0.867951434155496,0.669206484843922,1.3892143579361855,1.0900984167841443,0.19929238163932617,0.0350923260882024,2138,2273,2274,-0.0032239161975317053,0.029139161625920673,V72_plant_ensemble_noise_free,1.0,498,10.636842753677612,148.43918013878306,1.353082167810109,0.6461114941181574,0.9629139949770192,0.1517414392541985,2
1.1964993526597127,1.0577766363743295,0.8625529897505395,0.6841596631049011,1.3985090596940501,0.8478455217940652,0.19649935265971274,0.03192437487361899,2138,2270,2271,-0.002118693436797703,0.02781557414760072,V72_plant_ensemble_noise_free,1.0,499,11.614433194156875,139.94261606836375,1.0286828069620113,0.4041903045573438,0.8200109138465527,0.2374271475993583,2
1.2300276947065918,1.0987673402692997,0.8869737914826692,0.6621757904000616,1.6150568787388526,1.07899855656906,0.2300276947065918,0.04531423903848391,2141,2278,2280,-0.0025193079429649285,0.027558309076602283,V72_plant_ensemble_noise_free,1.5,0,10.39999104001663,129.10720107406604,1.4204597430737178,0.7458292912484603,0.815269910111498,0.1123524957594003,2
1.1991983122145824,1.100617764795688,0.8846959885787835,0.6756392754887657,1.3808166714275865,1.1958353657920144,0.2044154759402077,0.04022226739929817,2147,2279,2280,-0.00283162836720361,0.029703250734011366,V72_plant_ensemble_noise_free,1.5,1,7.214340716494267,140.62518792462717,1.7885521946939098,0.7153929713856528,1.0815239575370112,0.1523715676448171,1
1.2528238256908948,1.0831060426767214,0.8682253821881276,0.6688261387584561,1.6713275355241908,1.3440424865574547,0.2528238256908948,0.03435584292353879,2127,2273,2275,-0.0037364219572248,0.05230806141593014,V72_plant_ensemble_noise_free,1.5,2,5.762448377647494,90.53449283344352,1.5854967871630046,0.645953560026661,0.9946425445219872,0.0731082997100161,3
1.2317800452786514,1.095377396917225,0.8794620624810615,0.6717049089231277,1.6184464112409702,1.1233839178778362,0.23178004527865137,0.04387584262379086,2140,2276,2278,-0.00301871249286627,0.027060776840270195,V72_plant_ensemble_noise_free,1.5,3,11.682641317650608,84.19852719758407,1.6471363607793057,0.6303011756946106,0.988109888551611,0.235106152204453,2
1.1923091513937285,1.0351357892307878,0.8488005022588673,0.6642833951143918,1.3382676350984606,0.7828041594882044,0.1923091513937285,0.028425577454574514,2120,2264,2267,-0.003336732765709395,0.024866284168303165,V72_plant_ensemble_noise_free,1.5,4,6.458792580531322,120.16958060495668,0.8875688907297538,0.4780796987676865,0.8075313284416229,0.2314163561651397,3
1.2245215203199045,1.040771753080064,0.8266176921095438,0.6148508728591692,1.5279628974888901,1.0916528429840309,0.22452152031990447,0.031155550701382186,2119,2254,2257,-0.0034493658764708514,0.027795461635989005,V72_plant_ensemble_noise_free,1.5,5,6.920101753785092,109.05752012838563,1.0368463927117868,0.9772190439926968,0.9472291765152244,0.1598427492322332,3
1.168770124321043,1.0544786824299481,0.8447286334198485,0.6538814301373971,1.1862839334659754,1.0411386518335508,0.1766935723035341,0.0269809537595159,2127,2262,2263,-0.003015896091113364,0.0301362643314127,V72_plant_ensemble_noise_free,1.5,6,8.734363778394654,107.50065628231016,1.2635622300086482,0.67420150482336,1.091994394275717,0.1765250643203947,1
1.2359237199864628,1.080773530899621,0.8731444177398504,0.6615783891756702,1.623527355497693,1.2891130424308637,0.23592371998646278,0.04181649822054415,2140,2274,2277,-0.003412812164150952,0.025510906200429728,V72_plant_ensemble_noise_free,1.5,7,8.800238159324724,122.589916725311,1.7165322478060572,0.842755996771684,1.0869410222677742,0.1887570915418902,3
1.1995486517464071,1.0975959333247884,0.8775650570492506,0.6609056372517385,1.3974044676584285,1.0253701677257019,0.20754097555673812,0.039721412972556755,2140,2276,2276,-0.003672834843350561,0.029712158160647872,V72_plant_ensemble_noise_free,1.5,8,6.420831327424678,79.53147633894957,1.448113134142802,0.7175229526544091,0.8005469891463936,0.0404361870440109,1
1.1587371873857437,1.0597684390847526,0.8593822315257298,0.679858700056378,1.1113742722940076,0.8882479922820765,0.1698704693664408,0.02675885107551184,2136,2270,2270,-0.0030412638483550167,0.030953294351010685,V72_plant_ensemble_noise_free,1.5,9,5.755022349737429,100.03174371980656,1.2383885417982952,0.4341238888808708,0.9776606336328983,0.1694622699232446,1
1.253688793126981,1.1085339904020286,0.8960627716710735,0.6692561199687058,1.73163768187977,1.2538614105464618,0.2536887931269809,0.04929235256242447,2148,2281,2284,,0.03220089875333221,V72_plant_ensemble_noise_free,1.5,10,5.668339814495883,137.64210861377185,1.783127503179347,0.8255387806361536,0.9773938124802928,0.1753222169310182,3
1.242482247246798,1.08690357428141,0.8871713231694562,0.6808616581101753,1.6514410959114552,1.1542827511994114,0.242482247246798,0.04346323004590387,2140,2280,2282,,0.026934242884488757,V72_plant_ensemble_noise_free,1.5,11,6.9664041090223785,90.88702363501588,1.7210029508998932,0.5592099322340329,0.9931395860684484,0.2131311556367697,3
1.1647929959304977,1.0365484619798857,0.8135581623288741,0.6012470422248527,1.1717836561559953,0.9869095152339731,0.17427619674949812,0.023471015434937917,2119,2243,2244,-0.0037217362374743273,0.02562376438082703,V72_plant_ensemble_noise_free,1.5,12,9.229073894129876,95.02454042138648,0.8891949898735392,0.9373112937667588,0.9715798726293547,0.1040935246093739,1
1.1960492307314856,1.0249199246407459,0.8085229606854574,0.5925980590432934,1.371234864571559,0.9719435492709124,0.1960492307314856,0.026620633891958383,2119,2244,2247,-0.0034317384309248563,0.024020267832416287,V72_plant_ensemble_noise_free,1.5,13,8.097677922977471,114.72857822026106,0.8091615622029279,0.9692312387414788,0.9552093964997588,0.2039297378040712,3
1.1820556042041805,1.0408957086799466,0.8306011541468636,0.6296400486950913,1.2831697312055383,0.8310825063908933,0.18205560420418054,0.02707876391991229,2119,2255,2257,-0.003278116334220024,0.02942300157238642,V72_plant_ensemble_noise_free,1.5,14,7.550072450916604,102.04502338767271,0.8320928816716991,0.6558698201426076,0.8314048663025067,0.1927723226965358,2
1.187362475320922,1.0741098320557716,0.8765443762057523,0.6824441776667395,1.3302707739156923,1.1102999757643568,0.19340352891489876,0.034164462410277735,2140,2276,2277,-0.003100267337400521,0.029250387109621023,V72_plant_ensemble_noise_free,1.5,15,11.385403294440827,76.98725701798847,1.5756217584920489,0.461915456825045,0.9140223808085144,0.046447927753177,1
1.2218717898997853,1.101292414017479,0.8831646419284369,0.6719316604320574,1.5441107959324603,1.0431108067268409,0.2218717898997853,0.04324240347148493,2141,2278,2279,-0.0026767467664488825,0.027938133419493028,V72_plant_ensemble_noise_free,1.5,16,11.02011348547459,128.11522481797803,1.4798806585061597,0.6439194881374838,0.9302049403079222,0.2173023752463467,1
1.2185631182271326,1.0213236629432179,0.8327593984723178,0.6334478459854906,1.4675643290782179,0.9476191389050668,0.2185631182271326,0.02687717065915393,2109,2256,2258,-0.003020226882757962,0.03201910808271369,V72_plant_ensemble_noise_free,1.5,17,5.956435124162643,86.11781223894904,0.912741781505782,0.6547828054132003,0.8291169496691009,0.1279417972336459,3
1.2249859647705628,1.089857008722424,0.8714163595292437,0.6512108049309463,1.5784895703102804,1.1148788809005579,0.22498596477056276,0.04231388424051595,2140,2273,2275,-0.0034814141140331774,0.02779486332253933,V72_plant_ensemble_noise_free,1.5,18,10.38617874312536,114.42104310352444,1.4060201694684966,0.8331823730361637,0.8780585677470507,0.1295541449640027,2
1.1880364161021526,1.0742223004974494,0.8666355869820339,0.6708151740644743,1.3209003301245281,1.161499635459627,0.19263222134465785,0.033599971532875604,2138,2273,2273,-0.0029149431657579323,0.029349098931956696,V72_plant_ensemble_noise_free,1.5,19,10.746151675410331,128.973392382581,1.5490450603543522,0.6541599862584537,1.0766741606857533,0.142437977760982,1
1.1766614216943787,1.0380450837594306,0.8435011615377721,0.6572173153882583,1.2526347291312678,1.0332061788329558,0.1766614216943787,0.02636672405543672,2120,2261,2263,-0.0027935591271156805,0.02935124393814359,V72_plant_ensemble_noise_free,1.5,20,10.30900242009253,111.895265192914,1.1631277304479184,0.602157955859015,1.0210358814528695,0.16024053073795,2
1.2548570511088664,1.0988496537013555,0.875149675980008,0.6503677644622654,1.742343388038053,1.1763219475252535,0.25485705110886636,0.04658369546675369,2138,2274,2277,-0.0034512958588191066,0.029548418337201454,V72_plant_ensemble_noise_free,1.5,21,5.730611534956263,97.77814989989416,1.5460865537479265,0.9577705532797604,0.9064547435362535,0.1680677673277885,3
1.1578162494675464,1.0167112101896238,0.8384289094796238,0.659701168915775,1.118242131334207,0.9539342158757858,0.15961150970998217,0.02091699301194692,2099,2255,2256,-0.0031869313059062956,0.02646478926754081,V72_plant_ensemble_noise_free,1.5,22,9.237373761740509,93.04272784892429,1.049089930832217,0.4992547027513883,1.0877003121193467,0.2143483049306073,2
1.1947761314534509,1.0444441241693807,0.8482302369740563,0.6519386292633846,1.3934067676401525,1.0199947845914914,0.19477613145345085,0.030946298347483026,2129,2263,2266,-0.003111840224705284,0.024189790965385427,V72_plant_ensemble_noise_free,1.5,23,10.431967108418114,86.24264905220542,1.1650421251979013,0.6217530701040798,0.8661220451633257,0.0952804568029697,3
1.1890779595403003,1.0380264401250614,0.8397368658716884,0.6578388536383426,1.3535306890858072,1.0083796987865574,0.18907795954030027,0.02828551985060987,2120,2260,2263,-0.0026421312374816527,0.024492032362913863,V72_plant_ensemble_noise_free,1.5,24,11.324350177282431,82.54590216640878,1.1831350875717104,0.5550975103684842,1.010513661972464,0.2277008269823784,3
1.2070995451086042,1.0853698260727922,0.8615203806989951,0.6498776868547032,1.4455967566723433,1.1216639296182624,0.21381795575595786,0.038895637822986655,2138,2270,2272,-0.003039426412782763,0.029336187098740085,V72_plant_ensemble_noise_free,1.5,25,6.713724684087501,107.62359123392092,1.4690893790764037,0.8733609642184199,1.0055369807520829,0.1854241410461428,2
1.2168659779323034,1.1054142913535818,0.8942214975645518,0.676682694608845,1.5154946881249438,1.016192506427808,0.21799204025952812,0.044309055001133406,2148,2282,2282,,0.028532624062693968,V72_plant_ensemble_noise_free,1.5,26,9.356940230427728,109.1607446082196,1.499081207467917,0.5785586741256713,0.8108626571020359,0.1131328539627739,1
1.2293731002661432,1.07752448152756,0.8880705757310331,0.6796281715010971,1.5827555464316385,1.0497321331549152,0.22937310026614322,0.04142648282621208,2140,2280,2282,,0.02531501159393379,V72_plant_ensemble_noise_free,1.5,27,7.365680918207881,134.07791094517938,1.4255174783105844,0.5610634174461918,0.8397185231322828,0.1272089028866727,3
1.2253844825767444,1.0800885567464054,0.8536540186835853,0.63384467423348,1.5945765410561035,0.9937806815758139,0.22538448257674437,0.03984995241399949,2138,2265,2267,-0.003012656800124416,0.026895528766661236,V72_plant_ensemble_noise_free,1.5,28,11.582486600443437,100.90520051934033,1.1074505583973626,0.8273362119578671,0.7832681291970053,0.1367202972223356,2
1.2740905158105351,1.1282630413394228,0.90739466300553,0.6628233788116273,1.880845813393878,1.0601634727464937,0.2740905158105351,0.05729836351828234,2150,2283,2286,,0.026235881165653785,V72_plant_ensemble_noise_free,1.5,29,6.054312230144401,101.0810359926735,1.5846587431711965,0.8318497929187627,0.7543615511750854,0.1521236018825343,3
1.2222160407635976,1.1109218964789729,0.9211957266548774,0.6963517287290052,1.558643868468673,1.0631076266984092,0.22561310350537656,0.04911196677042981,2151,2290,2292,,0.029243236445922527,V72_plant_ensemble_noise_free,1.5,30,7.410182184864603,110.64475896640177,1.735324571874299,0.4247283949615813,0.7598830404617871,0.0540786619834668,2
1.2083617050443496,1.0491360295238812,0.8555879828384784,0.654368887908204,1.4668161423133663,1.4251709041925007,0.2083617050443496,0.03364418261568571,2130,2266,2269,-0.002826829980077499,0.024030337997651197,V72_plant_ensemble_noise_free,1.5,31,11.89071031216538,89.88693015376131,1.7041405825451477,0.8919394486547094,1.0963462041290035,0.0457223228432448,3
1.2165073373047766,1.0783188823432521,0.8925160840627312,0.6900684668734397,1.5447425122812068,0.9843871681753126,0.21650733730477656,0.04062616232714352,2140,2281,2284,,0.024494736496960545,V72_plant_ensemble_noise_free,1.5,32,10.636216407411323,145.7334275036592,1.3326267044957714,0.4409397458017524,0.7540601974912844,0.0894605632049838,3
1.2312809783670633,1.1116562962334797,0.8989565224931289,0.677196511037567,1.6190367861464292,1.0460032666670906,0.2312809783670633,0.047475455980497044,2150,2283,2283,,0.027673438208260626,V72_plant_ensemble_noise_free,1.5,33,11.773635133495308,92.66341552989384,1.5757131989939062,0.5665617887303149,0.8045099089483612,0.1273510939762019,1
1.2267342373198382,1.0444414095367394,0.86388339895749,0.6567560665614198,1.5344116336174578,1.0936093118273802,0.22673423731983822,0.03323051606405685,2120,2270,2273,-0.003183037512755708,0.02931935864336621,V72_plant_ensemble_noise_free,1.5,34,6.790479060472412,144.94099975410393,1.147649626726608,0.690925067425517,0.8201557944731614,0.040240694712045,3
1.1921273234615917,1.0491163864596214,0.831468578273494,0.6339935945761493,1.358316606303735,1.1944533191928726,0.19556059960284888,0.02980280051579704,2120,2256,2257,-0.0030824612932113817,0.029638291158136543,V72_plant_ensemble_noise_free,1.5,35,9.851127845040203,78.83832217462404,1.305343098098662,0.9775592855564508,1.0344309036413295,0.1074124194260242,2
1.2083827871592476,1.0861150337713292,0.8721340192008833,0.659799024157572,1.4749064308815434,0.9912864850157654,0.21111250674033566,0.03886723213808161,2140,2273,2274,-0.0030374857875143674,0.028318202582477303,V72_plant_ensemble_noise_free,1.5,36,11.063814604595375,80.38993994224217,1.2869291364207478,0.6226134848990759,0.7564668116725759,0.0613209083039836,1
1.177526400452579,1.0520616476820972,0.8253064217966155,0.6130458338978023,1.252303517909794,0.997914486334968,0.18368703211460224,0.027415749182260727,2120,2253,2254,-0.0034994383048051665,0.029454149928087925,V72_plant_ensemble_noise_free,1.5,37,9.43906267204524,128.7125552252427,0.9488926956669648,0.9272701863551618,0.9784010837457506,0.1539574637291125,1
1.1964549808841545,1.102024015949425,0.8973479418451906,0.6941525633018264,1.3654039070492725,1.026424282013247,0.20254668385430685,0.04082420846212245,2148,2285,2285,,0.02984895366378204,V72_plant_ensemble_noise_free,1.5,38,6.364130912133987,125.86163756011835,1.6591341878430337,0.450249567888664,0.9075866586403472,0.1244597078640373,1
1.2435419565784918,1.0737999276150814,0.864496456936696,0.6456459082432412,1.6453652456333618,1.0780087332386472,0.24354195657849176,0.03885432411281083,2138,2271,2273,-0.00323796072116487,0.033624086731638414,V72_plant_ensemble_noise_free,1.5,39,5.638618970225697,148.28892539321075,1.1673409342176528,0.8346888710679086,0.8417912072755029,0.1273793963414197,3
1.196613946943072,1.0796400614738557,0.8827884125225371,0.6901972480702123,1.3750459905194863,1.1756969328034974,0.20259529598707338,0.037289208775742023,2140,2279,2281,,0.02998313922278184,V72_plant_ensemble_noise_free,1.5,40,8.033236481919328,112.32239805676838,1.7833338825706226,0.4845347802643756,1.087748981396827,0.177026084268633,2
1.2022603282425623,1.0691714006513562,0.8624383339766994,0.6612546188114764,1.418172240954768,0.9686115938088622,0.20226032824256235,0.035220841240396324,2138,2270,2272,-0.0028199219185069493,0.028706741517531942,V72_plant_ensemble_noise_free,1.5,41,8.736583458416348,135.61540452484638,1.177147312158764,0.6427002479426149,0.8905313299247091,0.1867645488989819,2
1.2107205879241612,1.0682756831733775,0.8807320867280055,0.6853456527531343,1.4869722777679666,1.1042348348726054,0.21072058792416115,0.0378173838446185,2140,2278,2280,-0.0024334781301312324,0.024302784038402026,V72_plant_ensemble_noise_free,1.5,42,10.087516757360124,104.26699632359488,1.5532315190917263,0.4728200509979419,0.928727336749924,0.1319318905764721,3
1.2225270518669058,1.0936186436522237,0.8756117280978407,0.6671230963253192,1.5591416302573033,0.8560160008579983,0.2225270518669058,0.04147847780738409,2140,2275,2275,-0.0031022868663968133,0.02745728680609405,V72_plant_ensemble_noise_free,1.5,43,11.063486781312344,136.03974995562365,1.0937207507594435,0.5727649284056934,0.7685472854843904,0.2302044457940159,1
1.26882345395739,1.1367448757745358,0.8991206185438264,0.6542474985088541,1.854904717976741,1.038382322500211,0.26882345395738994,0.05771137596084717,2150,2281,2282,,0.027030696500168316,V72_plant_ensemble_noise_free,1.5,44,7.907639137432728,100.79986653762082,1.546042370525699,0.9490380503734194,0.7809040498835581,0.1907268814460893,2
1.2384680555288048,1.0884517776805942,0.8678421971730108,0.6504322468930024,1.6368687909257358,1.2858629508323507,0.24764264131390368,0.0421041428403777,2138,2272,2275,-0.0037476987234966205,0.038228771852821364,V72_plant_ensemble_noise_free,1.5,45,5.337938998582468,106.99700306041224,1.6146008452954272,0.9729445689401908,1.0098970300502097,0.154538690759349,3
1.210286564205421,1.067825349532482,0.8454003886760892,0.6398296178677548,1.47446567490603,0.968096756097289,0.21028656420542102,0.0353957265470485,2138,2263,2264,-0.0028949691565125766,0.028356569419934807,V72_plant_ensemble_noise_free,1.5,46,8.755331606862786,79.97680840704903,1.1429934399877766,0.7619048054469801,0.8606136389954826,0.1844476862899144,2
1.1612598124381348,1.0565771799205703,0.8567126438823256,0.6767576813993587,1.1348210158824448,1.032143661785618,0.17201747203485462,0.02667258940314164,2136,2268,2269,-0.003128269242952436,0.030675696312853384,V72_plant_ensemble_noise_free,1.5,47,7.653813458007402,73.8890730173617,1.44556185917918,0.4727296175356857,1.0820825772341114,0.1379734430331476,1
1.2268383972902552,1.032285884675804,0.8592929469205133,0.6586961556886616,1.5183229636414823,1.039469469074792,0.22683839729025523,0.030349843845987098,2119,2268,2271,-0.002986144837468919,0.03454477182276383,V72_plant_ensemble_noise_free,1.5,48,6.2845556451074085,144.36369374814285,1.0310883189449844,0.6202229764832433,0.7929980351005004,0.0404975420800958,3
1.2406692777265211,1.0617506301030668,0.8473620372782573,0.6387098581655433,1.6261152345295171,1.0898167617315155,0.24066927772652114,0.03522807980806607,2128,2263,2266,-0.00348687702182796,0.03490092864415528,V72_plant_ensemble_noise_free,1.5,49,5.638343078698829,80.58801389384118,1.1864132839843085,0.8341447606810305,0.8461865251302991,0.114956148368712,3
1.2409560316015131,1.071618512090839,0.8669598166850652,0.6474299901848769,1.640396277626491,1.1782354313553816,0.24095603160151313,0.03925003442843074,2138,2271,2274,-0.0034790494628459566,0.030135326457018996,V72_plant_ensemble_noise_free,1.5,50,6.682447922744161,116.82802488372032,1.3379661600571686,0.8503064655316652,0.8474670513298096,0.0670448722402096,3
1.2578066617186479,1.1187892109891742,0.9019502623447363,0.6720155917635843,1.7938726899123347,1.0012868502383347,0.25780666171864786,0.05325963000010053,2150,2282,2285,,0.024177434531037267,V72_plant_ensemble_noise_free,1.5,51,9.16279697193362,141.6291052401516,1.459627232527335,0.68871684376873,0.8214339802165719,0.237589145956208,3
1.2328853120069025,1.0803195690167429,0.8600327970946857,0.6400675027194143,1.6526768187994847,1.1480138395223016,0.23288531200690255,0.04171074023603944,2140,2268,2270,-0.002524475163062448,0.024203655938703772,V72_plant_ensemble_noise_free,1.5,52,11.957678917691116,95.75770188487076,1.3403486393175734,0.9146464189080894,0.8481165092776866,0.1068581203223964,3
1.161191948262268,1.0493159765210034,0.8498301684967704,0.6533624747909932,1.2043131872748556,1.1044457148131648,0.18304521168590004,0.027423336349873123,2127,2264,2266,-0.0036154166380383337,0.030873020526421602,V72_plant_ensemble_noise_free,1.5,53,7.192395565466206,127.95106634649004,1.2957314420022306,0.7326372970012778,1.052524752658924,0.0813328857923758,2
1.1975442205754117,1.091524612925844,0.8609802164627032,0.6476036078294043,1.3692416794045463,0.9391015835616274,0.20288608984884804,0.03729708948831093,2140,2270,2270,-0.0030040316323691886,0.029669749390146105,V72_plant_ensemble_noise_free,1.5,54,5.606813905831828,107.4431563071516,1.220677857582694,0.7702908916520403,0.8710077441518982,0.1690250897605586,1
1.189503312728403,1.0405045556470744,0.853263923379443,0.6691475459917079,1.3429679325511894,1.131632975094197,0.18950331272840293,0.029608381463550347,2129,2266,2269,-0.002859190228314005,0.024057304376206012,V72_plant_ensemble_noise_free,1.5,55,10.744884415564457,108.28487436798098,1.4025327650513426,0.576342727967029,1.0884022293502456,0.1724739261671066,3
1.1369161433700807,1.0262600615301443,0.8410409138999473,0.6494692299826629,1.0085870646931052,0.9877940865250445,0.15141793565060202,0.019320384104358587,2108,2253,2253,-0.003220133245450822,0.02495522651262938,V72_plant_ensemble_noise_free,1.5,56,9.380064838177477,98.92935386791636,1.06228412091603,0.5923905630065096,1.0815483081718,0.0524264708800595,1
1.2407359814740637,1.0845404458780048,0.8852086238550287,0.6687997162802486,1.6486893700658967,1.2406258669685952,0.24073598147406372,0.043326731916383,2140,2278,2281,,0.026699191502560504,V72_plant_ensemble_noise_free,1.5,57,7.781238192268669,138.67556034783206,1.6573335879864168,0.763136028537321,0.9755675983216056,0.1388492861222448,3
1.1798877860189976,1.0501268159191,0.8490571518852841,0.6541428563737955,1.2665414908865649,1.0753897965451713,0.1851375911622808,0.028928168202281793,2127,2264,2266,-0.0034689248623665826,0.030469563226638074,V72_plant_ensemble_noise_free,1.5,58,8.516475118714382,148.7274448188652,1.2113745000662806,0.7257150993796114,1.0512380703289876,0.1648059259926232,2
1.2260834414247845,1.0991503384498005,0.8854859345025842,0.6694651090295836,1.5717582222847308,1.13727521058581,0.22608344142478454,0.044525401670102896,2141,2278,2280,-0.0026302653197756965,0.028370655822101964,V72_plant_ensemble_noise_free,1.5,59,8.895979297699522,121.3728810003423,1.6287591579371758,0.7189736289347686,0.966703881529654,0.1890383550572774,2
1.2227268651444136,1.047210178044921,0.8369440474557764,0.6312943087286176,1.5289376853065453,0.9163778975740712,0.22272686514441364,0.032937909621635286,2120,2259,2261,-0.002709246108006568,0.026254743904342348,V72_plant_ensemble_noise_free,1.5,60,6.172696686443656,74.84451899391472,0.9816587870021984,0.7450299645375633,0.7810203028008723,0.1501877448822634,3
1.2554638184954088,1.1172221141438503,0.9165656381023853,0.683144326304636,1.7752509143217376,1.1122778320206281,0.2554638184954088,0.05415905250843967,2151,2287,2290,,0.02455922239593633,V72_plant_ensemble_noise_free,1.5,61,8.666779632139695,109.19391904899284,1.7530994365547006,0.5901284114542631,0.808866358642823,0.1360124525794977,3
1.1972122403111372,1.097483013934458,0.8887608407892974,0.6893891699901847,1.3664929671327444,0.9355749031130228,0.20158664889897748,0.03953093802476624,2147,2281,2282,,0.02962239890762608,V72_plant_ensemble_noise_free,1.5,62,6.211533396735801,113.95037573478784,1.470732603150545,0.4442638581431355,0.8847533266026454,0.1854938754262153,1
1.1856863485111364,1.085812681048339,0.8837702358108128,0.6930276155156275,1.294328973724313,1.0801328885276966,0.19225297791500573,0.03579366620940824,2140,2280,2281,,0.029959458745678402,V72_plant_ensemble_noise_free,1.5,63,7.61448086489131,133.65916985548083,1.662535064526978,0.4621233665936617,1.0323809914771678,0.1548746298481374,1
1.198462719904616,1.0788014120285618,0.8445436794729598,0.6276760707415598,1.3811606935665812,0.9497425321525443,0.201390254183621,0.03488195311517327,2138,2263,2263,-0.0030414104598144396,0.02912039543455358,V72_plant_ensemble_noise_free,1.5,64,7.736263144792845,138.38007460613125,1.0326933451954714,0.9022665728395723,0.9090144791122688,0.2051722115501008,1
1.1774271510690804,1.0302099661299873,0.8532780684839982,0.6771230259412346,1.2680667256282114,0.8941675724748188,0.17742715106908036,0.026736030638339306,2120,2266,2268,-0.0028800368849121695,0.023977748882115568,V72_plant_ensemble_noise_free,1.5,65,9.093443997409054,135.7061801089704,1.0427855686227876,0.4520442621828906,0.883186899576593,0.1524844668083488,3
1.2230515470188545,1.0755131035360175,0.8614991780813834,0.6530857936857133,1.5661069507071315,1.0452836525165627,0.22305154701885455,0.039429302736328234,2140,2269,2272,-0.0027597346273513994,0.024319775714578773,V72_plant_ensemble_noise_free,1.5,66,9.796367726085988,124.9023002199786,1.2871518803099136,0.7523356708171485,0.9454170313811217,0.2328686857309133,3
1.2175941371583705,1.113198083106675,0.8825014984782693,0.6520708646240841,1.5111336945673224,1.165492729596611,0.22168389735481964,0.04511734078302869,2147,2277,2278,-0.003431059887970331,0.02912517920180191,V72_plant_ensemble_noise_free,1.5,67,7.102650647139644,124.79656291837074,1.6064464510413805,0.9812739555801986,0.9076275108333368,0.0921723220184675,1
1.194139871649858,1.0431194284587086,0.8462804816011029,0.6405318979609188,1.3908240287210443,1.0992154757378376,0.1941398716498579,0.03091834905621802,2129,2262,2265,-0.0030353452608250864,0.024030684752810894,V72_plant_ensemble_noise_free,1.5,68,11.039900405972544,119.92051214018764,1.139088884506501,0.7710191924930354,0.8812415768567066,0.0458538731962742,3
1.2164329460480887,1.0856229649316798,0.8905607949584481,0.6797987017681539,1.5376044475113284,1.0330846790788755,0.21643294604808871,0.0413557762707673,2140,2280,2282,,0.027424422415570637,V72_plant_ensemble_noise_free,1.5,69,11.67772782803378,132.64878681051647,1.3724605152118317,0.5329886051400452,0.7718272134916772,0.0725490566460956,2
1.1719977087765403,1.0733141788579215,0.8622777961172685,0.6668937013028773,1.2039005226381319,1.112286405179071,0.18232005198790402,0.03091347266461198,2138,2271,2272,-0.0031384041681967244,0.030606026323210633,V72_plant_ensemble_noise_free,1.5,70,6.782578590322011,110.66179827674472,1.5259496622200506,0.6637406044450264,1.0792004820769097,0.1104415056124675,1
1.1661355992365758,1.0505380879474329,0.8200650682866554,0.619018544278104,1.16016900524833,0.899508453205778,0.17653287411836027,0.024960591764132022,2119,2248,2248,-0.003077277992462696,0.028295030000372035,V72_plant_ensemble_noise_free,1.5,71,5.097739393057601,74.1473525616366,0.9643236190654308,0.8782287270266838,0.967607581814408,0.1821957175869377,1
1.2274191047458514,1.0484884323001142,0.8503830774182453,0.6360601551866161,1.5465580797121719,1.1748507838236457,0.22741910474585136,0.03367941450580468,2129,2264,2267,-0.0034932416582352513,0.028122539205545527,V72_plant_ensemble_noise_free,1.5,72,7.355502234218537,139.6035745019512,1.1834940153601958,0.902229123565946,0.9199230857336004,0.0825248015499684,3
1.2030414074968019,1.0891542148337574,0.8640321141346923,0.6477572047031945,1.4252431161469346,1.2485194349365911,0.20891040264609928,0.038259139416484976,2140,2270,2271,-0.002761848806836499,0.029176695604955727,V72_plant_ensemble_noise_free,1.5,73,9.834197207277818,104.44531091033892,1.599246931644209,0.983536419258072,0.9862297552291164,0.0641581593540373,1
1.1735799469490722,1.049928746647605,0.830814700888128,0.6262850435965713,1.2230923466348012,0.9225712984718644,0.1793625155055787,0.026612702283465385,2120,2255,2256,-0.003366527106057952,0.02949581584976746,V72_plant_ensemble_noise_free,1.5,74,8.895742107810007,132.0825141742179,0.912842863058376,0.7858287406841036,0.9557633010501524,0.1890161401389723,1
1.2436019108338554,1.0905654102534479,0.900729229579128,0.6783021341865827,1.678899861358284,1.1895275262009837,0.2436019108338554,0.04616996230875453,2140,2283,2286,,0.026638068493000322,V72_plant_ensemble_noise_free,1.5,75,7.587529740566357,89.54541868013871,1.7072177007619032,0.5992863957642729,0.8130434907741083,0.0506093674556209,3
1.1937988225573055,1.0474216980183544,0.8248227354060779,0.6176759356780313,1.3672644668585705,1.1347671509785684,0.19379882255730552,0.029490626813062436,2120,2253,2255,-0.003364185081437195,0.028785718377349445,V72_plant_ensemble_noise_free,1.5,76,10.778362809970996,115.30347977053282,1.1216134503805828,0.9910033815677456,1.0592148523591998,0.1745857065525109,2
1.1900987437089008,1.0961812229980366,0.8817782581062422,0.6729066549974189,1.3237489420878035,1.2071873178758947,0.19822313538930136,0.03806113708383979,2143,2278,2279,-0.0030379028949556507,0.030226841781280767,V72_plant_ensemble_noise_free,1.5,77,6.511076909836426,123.82678137500956,1.7868544379715376,0.7215825138652388,1.0524560967412682,0.0881814235663987,1
1.2398152477559665,1.1248637979249492,0.908608902610484,0.6799322169738105,1.6637115807969778,1.0996212955618887,0.23981524775596652,0.05160101975391919,2151,2285,2286,,0.027656296787301526,V72_plant_ensemble_noise_free,1.5,78,10.966710087196963,129.80023285033542,1.724569992719705,0.6479717875918721,0.8785939650403786,0.1730013102940101,1
1.2256280657278635,1.0689002946010022,0.8558148769356243,0.6402158146474707,1.5628257833840822,0.9975848563699229,0.22562806572786354,0.03828671255083762,2138,2267,2270,-0.0029739578866899924,0.024843753277424163,V72_plant_ensemble_noise_free,1.5,79,7.434921278391236,133.54629466272252,1.118552647292724,0.8255628315727521,0.8680684054820871,0.1911185310052948,3
1.2602497750819404,0.9514029653629104,0.8218968022839108,0.606498656253324,1.4507593689985043,1.301717658224716,0.2647313389445578,0.020320370513290806,2066,2240,2242,-0.003819290344755228,0.06030139777512722,V72_plant_ensemble_noise_free,1.5,80,5.673389466511575,104.04744476530917,0.8820948921491105,0.8718684222579303,1.0869531080224464,0.0778966481590384,3
1.2409906399887851,1.088125671856645,0.8600730696103814,0.6381837996893043,1.6987814750334589,1.1088986524994537,0.24099063998878512,0.04375728787627091,2140,2268,2270,-0.0025508499774324635,0.024145005211520187,V72_plant_ensemble_noise_free,1.5,81,11.450217006019065,104.92909069324794,1.3210010563675527,0.9387043188482024,0.8801464366931836,0.1781010041661381,3
1.2821330803948654,1.1382317311548549,0.9087561850518258,0.6667885177099505,1.9647347706055993,1.1209862530501349,0.2821330803948654,0.060036167162292306,2151,2283,2286,,0.0238258245259646,V72_plant_ensemble_noise_free,1.5,82,11.870709640329268,95.88598542920676,1.7539239785598375,0.8129028698694165,0.8473716650677953,0.2263948224140667,3
1.2086743290228523,1.093004019731551,0.8760954754670685,0.6680541828599645,1.458487253594474,1.085274994079118,0.21088328340680085,0.03995463432059646,2140,2275,2276,-0.003505973498292341,0.028771202518599992,V72_plant_ensemble_noise_free,1.5,83,9.67444372738706,79.08217722333261,1.5610009105851803,0.6470587404831719,0.9164381706841042,0.1330521389807205,1
1.219360638562155,1.0868198464073389,0.8800596600957202,0.6642688170617359,1.5474988500284967,1.0383495300826007,0.21936063856215493,0.041458746513516234,2140,2276,2278,-0.0031061498243274426,0.02761851145500427,V72_plant_ensemble_noise_free,1.5,84,10.69202088691611,135.95326586502293,1.311029846119654,0.6792080617847827,0.8113866501351479,0.1103156869235487,2
1.2442730945390037,1.0752816017784677,0.884569324322171,0.6943526011837312,1.630143360675676,1.1652132083249955,0.2442730945390037,0.03841621781806244,2138,2280,2283,,0.03977994358768311,V72_plant_ensemble_noise_free,1.5,85,5.668991860467393,141.86985863318094,1.6362934984247604,0.4569922469241813,1.0388012503969002,0.2199721111154612,3
1.171946874726746,1.02187243348376,0.8403799107399291,0.664038049310457,1.2335017776188728,0.8552481007977314,0.17196230233229137,0.024342638543467243,2119,2259,2261,-0.0023627845767723527,0.02413069132281387,V72_plant_ensemble_noise_free,1.5,86,9.118174947306752,87.55133228247237,0.978639128320458,0.4417826450532626,0.906996892836066,0.2039213945883432,3
1.1792381440628847,1.0414441574958746,0.8393463239778989,0.6470080751952572,1.2642714417313405,1.0372538376609004,0.1800800949852519,0.027055401809186478,2120,2260,2261,-0.0026549631140375526,0.029873589109113086,V72_plant_ensemble_noise_free,1.5,87,9.283083525118762,110.65357498264348,1.145539822331865,0.6865484114391489,1.0324193733509606,0.1767078054264099,2
1.1839623674533442,1.0646211971695556,0.848284345582123,0.6463670499440849,1.292500598350078,0.8920593005235928,0.18850814692034468,0.030820169255590533,2137,2264,2265,-0.0032044525336320105,0.02936373820137561,V72_plant_ensemble_noise_free,1.5,88,8.435341048504007,125.41472750385094,1.007867630706702,0.6735520019838812,0.8690499219834863,0.1721555807424327,1
1.2157992938694646,1.0938381505801815,0.874973172781939,0.658995858226714,1.5104394432550774,1.0893052085739663,0.22164139764716584,0.04217959407132921,2140,2274,2276,-0.003652712149272036,0.029186421216658598,V72_plant_ensemble_noise_free,1.5,89,6.8331677008087786,80.60617276115724,1.5176911916205027,0.7828109240241254,0.8712719513425371,0.119199438892561,2
1.1904961127433062,1.0402297366015505,0.8498593343416946,0.6594804355243381,1.3548727676932963,1.0519365515526407,0.19049611274330625,0.029742781805077004,2129,2264,2267,-0.0031317706506403,0.024020779384904323,V72_plant_ensemble_noise_free,1.5,90,10.167368016130911,97.61157599351056,1.2397728973593132,0.5962638007678415,0.9565392742787578,0.1290790786896454,3
1.1948040803299451,1.0876298088791392,0.8695966425738837,0.6666331411834953,1.3548586973814645,1.1548792273658743,0.19971706522592614,0.036729371985930334,2140,2274,2275,-0.003711676225474637,0.02956192839132199,V72_plant_ensemble_noise_free,1.5,91,8.21679372789981,112.54497688444256,1.6320572511361355,0.7196197008332335,1.0814067751652594,0.170533704297859,1
1.242768501359382,1.0755539228759243,0.8850941850242275,0.689389535367056,1.6291568383150599,1.2023732085934111,0.2427685013593821,0.03933206576829374,2138,2280,2283,,0.0355623236462157,V72_plant_ensemble_noise_free,1.5,92,6.2313816748516615,115.55412061470676,1.7050826019060408,0.4877225138628785,1.0331155332678792,0.191605660602043,3
1.1567628312025073,1.03517855931354,0.8285859511569881,0.6219763576507865,1.1202413799096576,1.023146196171183,0.16678434626557959,0.022703683890101446,2119,2251,2252,-0.002909148991328722,0.026855857723527943,V72_plant_ensemble_noise_free,1.5,93,10.310542932323642,136.48494353357296,0.9459774869766604,0.8345529522465753,1.0290842198980172,0.0855638697372447,1
1.2146805868057877,0.9566646377299178,0.8302834539109172,0.6227824490676349,1.3425424279056615,1.1496015365817147,0.23229831661336697,0.01950119506468397,2066,2244,2246,-0.004038407815944805,0.0677729699265126,V72_plant_ensemble_noise_free,1.5,94,6.013829563722655,106.22574888010728,0.8701822179535599,0.7172698987030591,1.0667866592497364,0.1009219292215485,3
1.2423264281686577,1.0752369207385968,0.8763851296989631,0.6607091157230123,1.645172199825631,1.2690171836988011,0.24232642816865768,0.040114654845930305,2138,2275,2278,-0.0034285175528895005,0.030661003709351542,V72_plant_ensemble_noise_free,1.5,95,7.040863079477784,123.2216784073252,1.546909329769827,0.7923230788658415,0.9254901512944408,0.0780996084645826,3
1.1968676305533577,1.0750183935508386,0.8483562320061182,0.6294720505807587,1.3941103758209257,1.0366190154345254,0.21004230564423332,0.03593817976803654,2137,2264,2265,-0.003295766434676382,0.02955593551860014,V72_plant_ensemble_noise_free,1.5,96,6.283406697250235,98.9035430850612,1.175763525422528,0.9567118669500267,0.8306516242465659,0.0698557097464471,2
1.2169159630807163,1.0885282537822876,0.8560993029969575,0.6395024932368057,1.5187580052633018,1.1496067811009731,0.21724853377678421,0.03947516795618978,2140,2267,2268,-0.003064783563437389,0.028165999284837984,V72_plant_ensemble_noise_free,1.5,97,11.663318816302422,102.6100018093786,1.4013819625174402,0.967028651458374,0.9519228833861124,0.1444827738423816,1
1.2636726678066776,1.1259698274949452,0.9142651036412937,0.6751563514140732,1.8426965646860087,1.0764173150904885,0.26367266780667764,0.05643589579658949,2151,2286,2288,,0.024138983753498433,V72_plant_ensemble_noise_free,1.5,98,10.303253884823317,124.1281407423161,1.6324274269197483,0.6813611541893415,0.7879446629595771,0.1655040490308844,3
1.1577088795227626,1.03470799968982,0.8405888906263042,0.6558684197304611,1.1281870574972772,0.7703686969753212,0.16584342780849548,0.022814177394802338,2119,2258,2258,-0.0026476295324638402,0.02734212405746228,V72_plant_ensemble_noise_free,1.5,99,8.597826674778533,72.18646268869091,0.8657910445822239,0.4314445903176647,0.7943304797407656,0.1157876960059475,1
1.2397177978221543,1.1200163184247016,0.8919540675814639,0.6687179323556026,1.6564298263366983,0.9995936983474321,0.2397177978221543,0.049432776756514654,2148,2280,2281,,0.027667263173447587,V72_plant_ensemble_noise_free,1.5,100,9.416341852645049,86.76505248719835,1.5422658765669317,0.6661178048652382,0.8484084429658311,0.2192568147886729,1
1.193882899046968,1.0338934785117564,0.8513097331349676,0.6668367749766346,1.3486546426804178,0.9351226434311566,0.1938828990469681,0.028584005323797134,2120,2265,2268,-0.0031956465751799947,0.02594755260298487,V72_plant_ensemble_noise_free,1.5,101,7.599361273429519,95.15667202451482,1.123163011545726,0.4930056870916144,0.9062723737902532,0.1741719640371245,3
1.1804029730204402,1.0686349968397113,0.8717262926355768,0.6860954758464783,1.2691773581604922,0.9280073066560477,0.19294175751266307,0.033061663652913,2138,2275,2277,-0.0035370676941623943,0.030434069745784997,V72_plant_ensemble_noise_free,1.5,102,5.836216208795711,148.0024899155632,1.28939550709149,0.4722157914380206,0.9332535183548384,0.2001936949978078,2
1.162671077999941,1.0305176476861604,0.8278319137517669,0.6401897890621874,1.1554452751969382,0.9020517997189805,0.1679558615238279,0.02226589147244546,2117,2250,2251,-0.002567204492626976,0.025448889692472942,V72_plant_ensemble_noise_free,1.5,103,10.420054961567,77.00074088442852,0.9632883029207406,0.5865977085059945,1.019647388333329,0.2334269233951992,1
1.2372846689836754,1.0822908018143322,0.8843750636979467,0.66483606706082,1.6465906463225197,1.204633033367696,0.2372846689836754,0.04342015829293495,2140,2278,2280,-0.0025638577048327756,0.025398084024747636,V72_plant_ensemble_noise_free,1.5,104,8.42490614706486,85.95930872940755,1.6161660538629303,0.7372757436872432,0.8435558210587117,0.0562359288846302,3
1.265003667052519,1.109756674501476,0.8841946226469222,0.6487095689802915,1.8223007497875283,1.081067903167379,0.2650036670525191,0.051128570244611315,2140,2276,2279,-0.0027976073674878983,0.02656073842032436,V72_plant_ensemble_noise_free,1.5,105,6.306517630339533,91.29813048049502,1.448506945441982,0.9561134947795056,0.7704271353688448,0.1347833816958818,3
1.2417402472377286,1.131346727703349,0.9115454981209636,0.6759588588874572,1.6723587746635138,1.0526766711438658,0.24174024723772858,0.05345892695347031,2151,2286,2287,,0.027896332464409035,V72_plant_ensemble_noise_free,1.5,106,9.118727919206007,136.8038985063166,1.641331715968593,0.7004552820075602,0.8211843851541013,0.1575222486248355,1
1.201727823542555,1.0647635401834643,0.8307190834090905,0.6168452087804132,1.4262287930223876,0.9747756875899793,0.20341274322605885,0.032687587967670136,2131,2256,2257,-0.003059636598109365,0.02819403766844819,V72_plant_ensemble_noise_free,1.5,107,11.58057859167886,101.585958459238,0.9763679744711956,0.8832351065662389,0.8526728458712901,0.147754713388089,1
1.1733271303312756,1.073890660593431,0.8787338052091507,0.6802780917564848,1.2728609221965057,0.9116006538243634,0.19324314134632137,0.034171575560866224,2138,2278,2279,-0.0030317839407033847,0.029679237490017885,V72_plant_ensemble_noise_free,1.5,108,5.145169343662946,127.86767633170388,1.261897805477516,0.4954598796025228,0.7947192705871088,0.0551588018224429,2
1.2334120037722274,1.1248762225750675,0.8982239419843611,0.6587619984296564,1.6242084912889005,1.0598554421081667,0.23496634421192053,0.05052916157318787,2150,2282,2282,,0.02844977653441405,V72_plant_ensemble_noise_free,1.5,109,7.8851467935329635,106.22322091734358,1.529993063397882,0.8477176267718418,0.7510154214114461,0.0699998660828287,1
1.2343995501654375,1.105331419791401,0.8939655407653003,0.6736925690274244,1.6349178460058522,0.9605050116601381,0.23439955016543745,0.04717394223071801,2148,2281,2283,,0.027587233588822757,V72_plant_ensemble_noise_free,1.5,110,8.715872659875842,96.5415464705684,1.4115615673357174,0.5689438264978608,0.7710226424041121,0.1661130650805939,2
1.1818619127024559,1.0467507989492564,0.8427286784430834,0.6603559788501223,1.2971433848838045,0.7875834173505356,0.1838732202956237,0.02710933082381012,2120,2261,2262,-0.0022865607468661674,0.028090785357659853,V72_plant_ensemble_noise_free,1.5,111,11.17694403210806,114.08755055365803,0.8510221414860846,0.4695207242977017,0.8085250160300237,0.2267191553843059,1
1.1779798478029635,1.0468117642849628,0.8365997999160799,0.6378238149395832,1.2771338099164335,1.2775547922129409,0.1905780578518652,0.028262102783112343,2120,2258,2259,-0.0025266276616957724,0.030670917784573315,V72_plant_ensemble_noise_free,1.5,112,9.52380808028667,87.80423971091656,1.408469841753638,0.9707833960903348,1.081428888256171,0.043909171269877,2
1.219169309009605,1.1047284701642468,0.8919975240665392,0.6667820128649588,1.540293501365879,1.096746587226634,0.22080784088572858,0.04461539441068285,2148,2280,2281,,0.02831868193170317,V72_plant_ensemble_noise_free,1.5,113,10.996441414031755,131.0404694374806,1.4930844422018834,0.7236253672985151,0.8105726457024985,0.0663103942764693,1
1.1923422050708654,1.0586324344664948,0.8293809207631639,0.6172111871169516,1.3715549827963296,0.9540214248715191,0.1976333082357764,0.030778533178665392,2127,2255,2255,-0.0031042434864621098,0.028585209041151582,V72_plant_ensemble_noise_free,1.5,114,10.868719553151385,81.85169521636763,0.9447381143786604,0.8442789005453022,0.7655303184717666,0.0492883566125139,1
1.1953236955903028,1.0473933474603663,0.8216483877430056,0.6028071552976936,1.3922329970605059,0.9774928729310397,0.19532369559030283,0.029992201435062555,2120,2252,2253,-0.003132854267524025,0.028093172023514246,V72_plant_ensemble_noise_free,1.5,115,10.500267887277328,114.01803941298544,0.8498937894576105,0.923489891335922,0.81921588869898,0.0940680067405071,2
1.1819238983869655,1.0638487165045956,0.8586290737338431,0.6741204413994257,1.2750452984879337,1.013859569628618,0.18514883472894073,0.03050923570324297,2138,2269,2270,-0.0027170788919058204,0.02932739983231958,V72_plant_ensemble_noise_free,1.5,116,9.99892269561268,131.1233595993454,1.3210143738733502,0.5507764779965442,1.059599900044884,0.2305963632943392,1
1.2082868962508035,1.0695468530469745,0.8958504210258794,0.6996383111448436,1.4810221755097273,1.2292450668040487,0.20828689625080354,0.03876140364364286,2140,2283,2286,,0.024242444390590645,V72_plant_ensemble_noise_free,1.5,117,11.690384709523356,142.92364854696726,1.7754203974057925,0.4088225401805788,0.9293725559393944,0.0461923436934579,3
1.2110702154018624,1.0081229867152948,0.831904803710362,0.6443206986972988,1.4154768932628201,1.1758600211460277,0.21107021540186244,0.024455406655217147,2099,2254,2257,-0.0033853967959639924,0.03445417937835993,V72_plant_ensemble_noise_free,1.5,118,7.625705615829888,78.91050024736434,1.1979573053027552,0.7038656832009356,1.0963670043185672,0.1559421618464307,3
1.1947120601311285,1.04059928032295,0.8438411427509525,0.6511087819323436,1.391486948924475,1.1912205470743273,0.19471206013112852,0.030181535275352996,2129,2261,2264,-0.0027774079980103688,0.024062522771349792,V72_plant_ensemble_noise_free,1.5,119,11.824664160733624,75.719024550325,1.3748349424201347,0.7307873107469592,0.99742335529185,0.0812453616005207,3
1.1859294657881936,1.0396296460715557,0.861332144942916,0.683367901006212,1.319567713078272,1.1001077406831168,0.18592946578819358,0.02936733465507725,2129,2270,2273,-0.002901026890772785,0.024005204651782464,V72_plant_ensemble_noise_free,1.5,120,10.54719001071419,142.05398543873275,1.3919800528306547,0.4962655135725592,1.0587235887721915,0.1581684546775967,3
1.1609252281026108,1.0249430380334927,0.8444412982254872,0.6611786062043058,1.1464135706965022,0.7995383037552579,0.16430239682617453,0.022673154073950468,2119,2260,2261,-0.002568558114303072,0.02838518555667946,V72_plant_ensemble_noise_free,1.5,121,7.651725997926606,111.09733048425274,0.8384506008661443,0.4559818332756831,0.8049543472703611,0.1071018481752051,2
1.239754757071504,0.9720958187492557,0.8509964718397254,0.6802974883563769,1.4429631260628497,1.1318284449682876,0.23975475707150395,0.023249588924242573,2066,2264,2266,-0.003647773880300661,0.06582948754222473,V72_plant_ensemble_noise_free,1.5,122,5.559065078161737,93.24029881974064,1.2012597699000236,0.4017184379902556,1.0568622965659928,0.1555747962933786,3
1.1751582585073899,1.0793461205225263,0.8761783090708339,0.6965772867598164,1.2139483716647603,0.9514206684992251,0.1827169087522016,0.03257247768952288,2140,2278,2279,-0.0030965274120276884,0.03045715091057355,V72_plant_ensemble_noise_free,1.5,123,5.686828704229136,146.26347124207945,1.465590390417938,0.4043377453313028,1.0272574094545817,0.2240411852324177,1
1.1836995334506022,1.0614372491812303,0.8714204678332194,0.6824375000107205,1.2974915597537273,1.0579060433337215,0.1903063672358527,0.03217616330965397,2138,2275,2276,-0.0036243862081767404,0.030503910765857123,V72_plant_ensemble_noise_free,1.5,124,8.237538754596727,117.9228118623564,1.41763133470578,0.4872280193792955,0.9397457293048196,0.0968973340891857,2
1.2279610664953395,1.0874902104182123,0.8889766074602468,0.6800479395836967,1.6102758773340078,1.0413296724826022,0.22796106649533954,0.043402555841061424,2140,2280,2282,,0.024366673582979503,V72_plant_ensemble_noise_free,1.5,125,10.34858920949925,90.6112340651102,1.4976997381382828,0.5009877199819078,0.8291153115193961,0.1456655382036073,3
1.2119636486968404,1.027196056871698,0.8347640951826758,0.6350379427347067,1.4513161903841005,1.208345539732406,0.21196364869684037,0.02853808709484797,2119,2257,2260,-0.0026217390649958313,0.028567829592598404,V72_plant_ensemble_noise_free,1.5,126,8.36865232363435,90.19661460703588,1.231628750928792,0.8593963519208934,0.992629592995976,0.0755853649163758,3
1.2012637292219357,1.0273803514346838,0.8108280084507471,0.603609030940905,1.422634993458848,0.963655176413604,0.2012637292219357,0.028051204412864208,2119,2245,2247,-0.0030737215091600923,0.023882974094715625,V72_plant_ensemble_noise_free,1.5,127,8.326667156253508,72.52480045229652,0.8581478470794676,0.9368702518718438,0.7933817189507368,0.0783084105143033,3
1.1740846727746612,1.0659047094303142,0.8517406721876841,0.6517031764146559,1.2201479054410498,0.7674467792238268,0.18249307724411845,0.02979196677695328,2137,2266,2266,-0.0034910129211121327,0.030174173085919298,V72_plant_ensemble_noise_free,1.5,128,5.726190297965466,111.67622199818516,0.906496832863888,0.5676566498123882,0.7662870701670262,0.1503782946098441,1
1.2702632016751647,1.1242643116466866,0.8985029896927151,0.6682416123804653,1.8881844286613712,1.1117648920243228,0.2702632016751647,0.055183351615185935,2150,2281,2284,,0.023945044783177494,V72_plant_ensemble_noise_free,1.5,129,11.8228343320224,77.14450222787102,1.7124282530671342,0.7421967436748425,0.8601230190937009,0.2218352250672823,3
1.1975056811061333,1.0737574021136578,0.8408084272083185,0.625499516988892,1.3842910741220351,0.9917094662512513,0.2013832671885869,0.03395242828136595,2138,2261,2261,-0.0026690157309652482,0.02901173677390223,V72_plant_ensemble_noise_free,1.5,130,8.829297622310888,109.71638202239396,1.0832995808663477,0.9072091439951174,0.8860984969706085,0.144741157669325,1
1.169628771836407,1.0549995876642697,0.864038640718622,0.6785837664364677,1.2372780084101151,1.1726511805080546,0.18714951171723104,0.029518964005839254,2137,2271,2273,-0.003073422407771618,0.031142683854910702,V72_plant_ensemble_noise_free,1.5,131,8.13386313801521,71.43841926562567,1.6229723091446402,0.506249422429558,1.06009102136195,0.0673299318889398,2
1.220439874733138,1.102207614063898,0.8776002152547941,0.6577946815033359,1.5405162635380418,1.2592548470324099,0.22748812989981415,0.04442124637182573,2147,2275,2277,-0.003379010963525501,0.028785721057868363,V72_plant_ensemble_noise_free,1.5,132,6.799378929570047,90.0251065726868,1.79845919717961,0.9877859112547543,0.997937629794394,0.1259328377090364,2
1.2360656806019867,1.0830616111780074,0.851944205203796,0.6205185444637549,1.6757895596348005,0.9989821153221827,0.23606568060198674,0.042095610155145444,2140,2264,2267,-0.0031240176974366885,0.02417289794723798,V72_plant_ensemble_noise_free,1.5,133,11.380359037330413,143.5418957872106,0.982668329830942,0.969111122557521,0.7712377713466338,0.1493680187680842,3
1.1971675077626953,1.0411037986030274,0.8344249507983905,0.6314563501407023,1.4159540941409197,1.0500557705815667,0.19716750776269532,0.03038409216450815,2120,2257,2260,-0.0023368704417526397,0.024153088863383854,V72_plant_ensemble_noise_free,1.5,134,10.951342027556862,81.17204435386064,1.0782283222690203,0.7790917758963298,0.8354279417764109,0.0556965938214944,3
1.2232037766274066,1.0696616341089795,0.8698955951155738,0.6548783786283637,1.557986910084782,1.2678384865005685,0.22320377662740665,0.039183766786408225,2140,2273,2275,-0.003527672981011131,0.02453160059851589,V72_plant_ensemble_noise_free,1.5,135,9.840185550248613,134.57644530195677,1.536991779248765,0.8662100409677642,0.9716150588447848,0.0856097520420869,3
1.2240124208621097,1.097395897600923,0.9025605889466732,0.6871523487140323,1.5793452958909475,1.047912681769784,0.2240124208621097,0.0451691121680694,2150,2284,2286,,0.027794888592604927,V72_plant_ensemble_noise_free,1.5,136,10.272570916861604,75.65814404787884,1.5982265362782435,0.4342283976523398,0.766558900410018,0.0746224945885185,2
1.1901808310313629,1.0618199616480468,0.866396746073443,0.6833843433693091,1.3288433684153027,0.9528419487449061,0.19018083103136285,0.03235213255705878,2138,2273,2275,-0.003620731471367052,0.029645192669255138,V72_plant_ensemble_noise_free,1.5,137,7.841141417833288,148.2536889331608,1.2602700157517903,0.4854243531627731,0.9682989569219316,0.2358360324861773,2
1.2199349208556178,1.0934401615742495,0.8827635349449656,0.6808279952823199,1.5421919387134895,0.8405997760891702,0.21993492085561783,0.04134938341280487,2140,2278,2278,-0.00278338959651598,0.027557193943579916,V72_plant_ensemble_noise_free,1.5,138,10.839735846801217,112.2956514092923,1.175550004036396,0.4421792541885597,0.756089541181453,0.2246432299496333,1
1.1703677762834368,0.9995051240701576,0.8445338458298391,0.6731108725600685,1.1854276532347816,1.0045942019609697,0.1804742458284705,0.021244708827357794,2099,2258,2261,-0.0026526978270327833,0.030959455462553853,V72_plant_ensemble_noise_free,1.5,139,8.73861041410493,86.13769851319513,1.1585973271818757,0.4263182662286675,1.0889932418198085,0.1703573876982339,3
1.1730688500440647,1.0008846140535665,0.8463979973705991,0.6690202366014831,1.2058459130004493,0.9199649936326137,0.18087944083696605,0.021950721694541105,2099,2260,2263,-0.002928419073370004,0.032379760339924735,V72_plant_ensemble_noise_free,1.5,140,7.960744826028068,102.61790447482808,0.993766996974285,0.4383301305774103,0.9016555450331992,0.08264876895109,3
1.1891676151823913,1.0492954704053312,0.8338501276949071,0.6319896963587142,1.3280299918514444,0.7778355925048125,0.18924777518369162,0.029337947318623103,2127,2257,2259,-0.002624787543065016,0.029559074373561867,V72_plant_ensemble_noise_free,1.5,141,6.631311370259185,85.88873623663076,0.8261761422180912,0.6176615735452132,0.766475616702546,0.2053749463201879,2
1.2265252228556387,1.0468579122132866,0.8490003087882563,0.6287118226070376,1.5435375298821237,1.0488659702440963,0.2265252228556387,0.033561212662279585,2120,2264,2266,-0.0035554809493863466,0.02795479642535481,V72_plant_ensemble_noise_free,1.5,142,6.640069876645814,143.72933740054964,0.97616118174877,0.8669412135653796,0.7879193391787194,0.0495313683450232,3
1.1631747296544885,1.0534536933906176,0.8581079924980815,0.6730404376475604,1.1595941573678608,0.8638791512652566,0.17325317705483556,0.026840110105096786,2136,2268,2269,-0.0029562340044370556,0.030299920294118765,V72_plant_ensemble_noise_free,1.5,143,7.856836588555026,92.79330694877842,1.100978383917816,0.4376264420910067,0.830427800864316,0.0718695033150563,1
1.1557456394222694,1.0232755290958249,0.8416768490623691,0.6525800092078589,1.115573294731825,0.9172902852943524,0.16470314264032493,0.02190696713067901,2119,2257,2259,-0.002622980774085004,0.02841412796987497,V72_plant_ensemble_noise_free,1.5,144,8.074019880348327,125.76881461669596,0.923810183884731,0.5663833554664174,0.9214205455294242,0.0840751800081838,2
1.219528314284167,1.1101013226277978,0.8986871693754557,0.6800926727550768,1.5292658663917984,1.1810611288332606,0.22014320743737437,0.04572073262599905,2150,2283,2284,,0.028544443503030204,V72_plant_ensemble_noise_free,1.5,145,10.349923185282552,130.25409429143207,1.7990886419186245,0.6549619092734005,0.9545315298547464,0.1290449137406263,1
1.2176339826175269,1.0664641393825696,0.877851797451642,0.6763258680233752,1.5153315374876057,1.2534343689029042,0.21763398261752687,0.03805496095416492,2140,2276,2279,-0.0027671845987548203,0.024520993415543035,V72_plant_ensemble_noise_free,1.5,146,9.715114862823048,121.14644998988636,1.6878792841231376,0.6310045826530074,1.0222216442842234,0.1140471763492366,3
1.2207727723405477,1.0231133417618052,0.8434146319558515,0.6584058858509697,1.4692041680500165,1.0841752472711204,0.2207727723405477,0.026921788944390724,2109,2262,2264,-0.003234334493272341,0.034755058333300726,V72_plant_ensemble_noise_free,1.5,147,6.440687895772471,98.29909025023558,1.175136362426147,0.5821042287300496,1.0341766362084592,0.2032335699204597,3
1.2175543132834181,1.1017621794062533,0.8926419635969589,0.6784074639504922,1.5124111749162714,0.9944262213253798,0.22021652660837998,0.04453152246351933,2148,2281,2283,,0.029157358599125605,V72_plant_ensemble_noise_free,1.5,148,6.342713880907854,135.85357494578795,1.4655346946991996,0.5974293936633199,0.8613872201134662,0.1836310140922304,2
1.201683047766834,1.0793407869275229,0.8691388991055087,0.6744206641655892,1.4132711908304432,0.7940919462369267,0.2016830477668341,0.0360740525851256,2140,2273,2274,-0.0030805072761235243,0.02840634494968297,V72_plant_ensemble_noise_free,1.5,149,8.846113995776257,100.9183973584666,1.063527023519888,0.4420857751856034,0.7591671957610991,0.2201892456967281,1
1.2021200371462992,1.1075023057263225,0.8922895794089056,0.6784205625609853,1.4001530625934195,0.9276065667633494,0.20747709092709488,0.04224507810804334,2148,2282,2282,,0.029758415667150873,V72_plant_ensemble_noise_free,1.5,150,5.16942706869923,126.37176312544072,1.40375143330417,0.5659688233773484,0.8095922966691553,0.130865752553512,1
1.2281016563082436,1.0752505935658525,0.8595957401915957,0.6454142630300274,1.5937973684051212,1.0767614528291745,0.22810165630824364,0.04006953965250122,2139,2268,2271,-0.0027454645084339624,0.02440457096321591,V72_plant_ensemble_noise_free,1.5,151,8.92750522394564,105.09033313525715,1.3101716915446149,0.8305341213914603,0.9025509548490518,0.176377363455354,3
1.2197236451536195,1.0652133708338485,0.8449140145351264,0.6365211537679856,1.5612443795045612,0.9930060385816735,0.21972364515361953,0.036693764189976344,2138,2262,2265,-0.0029461664257645374,0.024293437212050906,V72_plant_ensemble_noise_free,1.5,152,10.78126685323199,88.04314054608298,1.1130867453188196,0.7696499412526716,0.8395982272736648,0.1758844230455847,3
1.1675256267578993,1.0389289062086298,0.8199222588269112,0.6089619557824417,1.206052327048239,0.9745892022747664,0.183456404242911,0.025344984308461244,2119,2249,2250,-0.0029080684678196678,0.029296398274126112,V72_plant_ensemble_noise_free,1.5,153,6.509294643474716,114.48932219409043,0.9183543391067944,0.9193869675865328,1.0085991374084131,0.1799273970148557,2
1.16076943186438,1.011457801128154,0.8185482184740972,0.6133443958098416,1.1521106530620366,0.9830040770395423,0.16247936588083522,0.02065850376893053,2099,2241,2243,-0.003570696701885249,0.02370304487975794,V72_plant_ensemble_noise_free,1.5,154,10.234708941941978,85.3258671285591,0.8613143085595194,0.75440889253711,0.9870837071153008,0.1073688791775354,2
1.2115191389330995,1.0585211738371574,0.8430632685569037,0.642778500194758,1.4969140761509763,0.9526611796258676,0.21151913893309948,0.034469168639196725,2130,2262,2264,-0.002800462128120739,0.024322496959078066,V72_plant_ensemble_noise_free,1.5,155,9.743331256911851,87.55782926036008,1.1033193898263192,0.689291744287104,0.8892291100196732,0.2324988078888802,3
1.1268450871546816,1.028486432508335,0.8529563130311171,0.677417162784647,1.0116842180742882,0.853732826117443,0.15300594498432663,0.020928891165461944,2117,2263,2265,-0.003579046201509897,0.028549714764511513,V72_plant_ensemble_noise_free,1.5,156,5.109537322080909,127.01943816159528,1.060946379641081,0.4395891598604799,0.9957091875015274,0.111297120662923,2
1.1876327623281564,1.0660671858270991,0.8258169435315088,0.606340632143936,1.3113208659802966,0.8881780812391438,0.19375147455787922,0.03079851587862616,2131,2254,2255,-0.0036614409789314365,0.029573852331687966,V72_plant_ensemble_noise_free,1.5,157,6.719938711375016,111.87579815614562,0.8707167757610269,0.9346951330781796,0.8524282941964493,0.1696109986338344,1
1.2246458861472964,1.106218207174953,0.8789901487176579,0.6506577946324695,1.5613449923445284,1.07352939608398,0.22825043234225695,0.04575490090838773,2148,2275,2277,-0.003509432300192038,0.028794113069557925,V72_plant_ensemble_noise_free,1.5,158,6.177858476858303,136.71708767864902,1.4280031268702844,0.918203557585332,0.894426834888151,0.1728159847271306,2
1.2047529748942216,1.0820883549846563,0.8552261320088619,0.6467031430142901,1.4269565884180027,0.9175228764418671,0.20544796040094093,0.03655564635911015,2138,2267,2268,-0.003159001724251337,0.028660600346362086,V72_plant_ensemble_noise_free,1.5,159,8.624892468538047,104.76425575168246,1.1321245615481188,0.7112768889322045,0.865099054607452,0.214255873746037,1
1.1696897982353733,1.0352269977645996,0.8418505081432783,0.6673736957899238,1.216395047430212,0.7493446687551057,0.1731310173060594,0.023877665468173926,2119,2259,2259,-0.0018718112058085405,0.026800708459331357,V72_plant_ensemble_noise_free,1.5,160,10.748205622403628,112.16998399213918,0.8017270681175414,0.4039213422868769,0.8074266438602811,0.2252664139021521,1
1.1901981295877069,1.0386016303019203,0.8491082103769962,0.6523551582874635,1.3511922793593447,1.091969322509891,0.19019812958770688,0.029605939178287067,2129,2264,2267,-0.0032696380527731882,0.024039180614329858,V72_plant_ensemble_noise_free,1.5,161,10.273371702074916,134.07256106017678,1.189451940636475,0.7041774430033724,0.9615125076339592,0.0961625287914538,3
1.1725392260054863,1.0348296663804977,0.8478786766607388,0.6626705592088535,1.2351263059511135,1.0956407230376823,0.17253922600548632,0.025748223742672157,2119,2263,2265,-0.0029990543901229597,0.028971375096328522,V72_plant_ensemble_noise_free,1.5,162,11.853829329816396,131.1175672700595,1.2005642153464806,0.5991058040137323,1.01268536924634,0.0859925166178272,2
1.1689886199425046,1.0598402172113097,0.8412777293719866,0.6479473895950597,1.1832157433214359,1.0431669583639802,0.17899459860106703,0.027516270959552773,2126,2261,2261,-0.0028433364422865595,0.030502846223737112,V72_plant_ensemble_noise_free,1.5,163,6.796937249380585,81.45229300728316,1.3047429824712249,0.751838314864159,1.073122261795159,0.1540860065753167,1
1.1721106979079616,1.0054788241280601,0.819083994569811,0.6187432303610672,1.221741778545823,0.914572574024124,0.1780550230006579,0.021990619874903375,2099,2244,2246,-0.0035201204649865977,0.02595772196997781,V72_plant_ensemble_noise_free,1.5,164,8.640127609430273,82.62785589283786,0.8465461171279511,0.7005076952800882,0.9352450832152784,0.1451573628630847,3
1.2461260667176601,1.0762225019569784,0.8603970772937546,0.6408607752401778,1.6588119908589716,1.0781910417129712,0.24612606671766013,0.03769768501651965,2128,2269,2271,-0.0030039416516018298,0.03965534552710559,V72_plant_ensemble_noise_free,1.5,165,5.054942950901363,111.96649864947751,1.1401816370301818,0.808651591651161,0.7795269800786183,0.0768722605407054,3
1.234665319241608,1.075027509474038,0.8935308287312618,0.6939767343487382,1.5958792958565904,1.0548557909736003,0.23466531924160794,0.04066437488159264,2140,2283,2285,,0.027321900108697728,V72_plant_ensemble_noise_free,1.5,166,6.505410731641469,142.9100837330384,1.4975112297872206,0.4430561864511558,0.8624938420055654,0.1432756401915246,3
1.1947781586705108,1.0796937382863494,0.8768273765845387,0.6749546520260856,1.37766108483163,0.9950850575743883,0.1989065103653671,0.0360927239013089,2140,2276,2277,-0.003169777636261798,0.028926933724598758,V72_plant_ensemble_noise_free,1.5,167,10.41809994880622,125.31650489666806,1.3101071000298066,0.546198870053576,0.8257697111252839,0.0785387220068405,1
1.1850200751929196,1.0238516005442597,0.8378449600775334,0.6542386539762337,1.3024765751397225,1.1078551162923085,0.18502007519291963,0.025991964952812176,2119,2258,2261,-0.0026071907437621644,0.025261254962896107,V72_plant_ensemble_noise_free,1.5,168,9.787129015431631,76.48075185792831,1.2826854692842575,0.6322610419973411,1.0790887493230237,0.1528944143189682,3
1.1470823663774772,1.0416218071735994,0.8229775101642608,0.6060895066984688,1.0673265187469652,0.9718217779143116,0.16235644491259937,0.021958659215308436,2119,2247,2248,-0.0033571760012443804,0.02723766771882441,V72_plant_ensemble_noise_free,1.5,169,5.9108670088003565,117.06606766716004,0.9147771014966546,0.9464094420963604,1.0064326627983144,0.0458600123246593,1
1.1902350556997474,1.0403639029468885,0.8442397667610428,0.6436576617583302,1.3565130914263606,0.8399865841889234,0.1902350556997474,0.02964818513658555,2129,2262,2264,-0.0028989957170132614,0.024088393616270354,V72_plant_ensemble_noise_free,1.5,170,8.358020772217738,137.50449944148363,0.8322727265411384,0.6293051043649946,0.7615078733283609,0.1291669731991122,3
1.2096589525190977,1.0702331179924107,0.8604141846340697,0.6583383697201823,1.4824531818330966,0.9011485214481187,0.20965895251909772,0.036280223309248176,2138,2269,2270,-0.0024586983171334133,0.027565770604978557,V72_plant_ensemble_noise_free,1.5,171,9.913239714512784,79.2420708879395,1.1257772263794332,0.5535315240191314,0.7749440437182392,0.1587923197097443,2
1.227622116643217,1.074322281403266,0.8566640078523569,0.6487335886157144,1.5996435725699598,1.2992410498419338,0.22762211664321708,0.03966139891087475,2138,2267,2270,-0.002664824676145023,0.024271625569254773,V72_plant_ensemble_noise_free,1.5,172,11.934361308733674,97.73660317845352,1.6326148024806024,0.9579615282048136,1.0998885995073948,0.189696789924124,3
1.1708781012885392,1.055750174706569,0.8510783577681648,0.6672489857711413,1.1976764182880142,0.6930967175635196,0.17670840508783514,0.02753203047738744,2136,2266,2266,-0.0033320807858206168,0.029918008316250688,V72_plant_ensemble_noise_free,1.5,173,6.212046086260788,95.39506065377763,0.8599102974627322,0.4114496686004645,0.7606903030217851,0.2316497877503621,1
1.182566682235547,1.084071174840196,0.8820960421619038,0.6842685425943876,1.284181484710983,1.0482639498533652,0.19210604145564858,0.0353043460730333,2140,2279,2280,-0.002746542618641759,0.0301682386658364,V72_plant_ensemble_noise_free,1.5,174,7.378269743214535,76.22244670693918,1.5945012283468951,0.4592188548409069,0.895741826718198,0.0500501409105909,1
1.185595682929923,1.0812444374568742,0.8552286547529082,0.647548135793905,1.2944438721136708,1.0421707828661413,0.19397703655873477,0.0337621963431961,2138,2267,2268,-0.0034047472637887114,0.03013260391233885,V72_plant_ensemble_noise_free,1.5,175,6.087374357908513,97.89902625349326,1.343618227435722,0.8155095898212827,0.955202548940006,0.1158915699207473,1
1.158692119170414,1.0566950590681854,0.8513167607533159,0.6687938363746647,1.1081072111582475,0.8386613317771856,0.16919232474699508,0.02592155642900647,2126,2266,2266,-0.0036165525081852307,0.030905494625430352,V72_plant_ensemble_noise_free,1.5,176,5.389798744331677,93.72816821874328,1.1139051844581758,0.4750179271952409,0.9616946008055336,0.2118662303007726,1
1.2606584100939326,1.1129234979199998,0.9012982345787788,0.6703150967144774,1.7856955514892172,1.1589404401582941,0.26065841009393265,0.0520538185030114,2150,2283,2285,,0.02637412123187155,V72_plant_ensemble_noise_free,1.5,177,6.881995555058463,110.95677831145504,1.7301435251620645,0.7603432807777171,0.8879672958449674,0.1738344214717333,3
1.2107432683174228,1.0467911991956975,0.8503207441898402,0.6405430407154483,1.4720131139009034,1.3706728047416195,0.21074326831742285,0.033267557109872115,2129,2264,2267,-0.0033189807752418,0.02502420019589846,V72_plant_ensemble_noise_free,1.5,178,10.693609654242008,126.19682247819352,1.4881269326256583,0.990521363994316,1.0631167253325708,0.0507421958899348,3
1.2112634481718798,1.094660393680075,0.8574539978514206,0.6430366889945007,1.4636613200643933,1.0883225988317358,0.21393247177378694,0.039506255210739936,2140,2268,2269,-0.003074972349056092,0.029025269225783745,V72_plant_ensemble_noise_free,1.5,179,7.403633577759771,94.88748907927372,1.4222303066975686,0.9566607876517824,0.9681252376020772,0.179724031904133,1
1.253143269489144,1.1122491565624073,0.9050548587362527,0.6639561169347729,1.7854147329424115,1.210757588860171,0.253143269489144,0.052508231358592124,2150,2283,2285,,0.024199412914659657,V72_plant_ensemble_noise_free,1.5,180,11.56931489870476,118.80866022683492,1.66144647403173,0.8280413442764964,0.7777273417459951,0.0571054896567814,3
1.2010152815521802,1.093386545757736,0.8955178772642403,0.6938569688089467,1.408938120667226,1.0855415470602747,0.21079185834153935,0.04130010195719294,2148,2284,2285,,0.029700612451145192,V72_plant_ensemble_noise_free,1.5,181,6.433624417033812,76.89683606962525,1.780901808106405,0.4035743822523406,0.9390366443948778,0.1382381514774118,2
1.1617929275380616,1.0612580573264543,0.8593419982493706,0.6737663766513377,1.1354308285959966,0.8002264864976516,0.17270975919021136,0.027552794014812386,2136,2270,2270,-0.0030434492866514952,0.030780801662553925,V72_plant_ensemble_noise_free,1.5,182,5.485159159066801,120.6189300679024,1.0398826403636672,0.463760446403203,0.8435416736999477,0.1434868315218614,1
1.1659973605123084,1.0481132886943207,0.8634505808371996,0.6809022388095555,1.2084531454227543,1.2052446141970972,0.18146957379083717,0.027802719113653795,2127,2271,2273,-0.0031064947507805705,0.031539808332960106,V72_plant_ensemble_noise_free,1.5,183,9.04307088992929,94.5712974668758,1.6007385974676307,0.4991210663312419,1.0942540444044797,0.051874100879057,2
1.1880693944669234,1.0938462664090052,0.8779577888077565,0.671695596247661,1.3113804333816415,1.0842832489480676,0.19694388925211292,0.0370529203801278,2140,2277,2277,-0.0034774372718239114,0.03037914272696729,V72_plant_ensemble_noise_free,1.5,184,5.508141211608862,76.95464978723953,1.6339196961261182,0.6366650475255263,0.927822406290112,0.0644817754704525,1
1.221201275215736,1.0439953769946113,0.8803735939965318,0.6944804906745887,1.497183357836215,1.1559178080543313,0.22120127521573596,0.033288037104698714,2138,2278,2281,,0.030566041443586878,V72_plant_ensemble_noise_free,1.5,185,7.465804714288769,144.05044754171865,1.4879491448718951,0.4254998378263616,0.9219156564696678,0.0710919463659985,3
1.1631163547342167,1.0620833303952857,0.8697120425531585,0.6895013742173677,1.1901048338735347,1.0145426644044442,0.18122996521425327,0.030095522318864757,2137,2275,2277,-0.0036790938889512508,0.029607662058124262,V72_plant_ensemble_noise_free,1.5,186,5.608063120285918,108.71725572054854,1.4971043690736638,0.4238085297662398,1.0375011379882229,0.149231795731349,2
1.225745292941993,1.0560183005858454,0.826535423697867,0.6123357904861177,1.5599162111139937,0.8575792012236885,0.22574529294199297,0.03486488950703333,2129,2255,2257,-0.003309947270594839,0.025192797418182478,V72_plant_ensemble_noise_free,1.5,187,6.1979639126493815,87.22979602710939,0.865026149966652,0.8527607486038642,0.7808084059635884,0.2291068917391741,3
1.1908478804591907,1.067939805126614,0.8652145831280311,0.6840286638130052,1.3425790469802756,1.0335866213027185,0.19210797882098163,0.03250482658280916,2138,2272,2273,-0.002690140235110856,0.028700987393729394,V72_plant_ensemble_noise_free,1.5,188,11.767391709746986,75.52997323433593,1.4756996035405303,0.4134315969484348,1.0268267401111717,0.2194992422663631,1
1.2082986952995192,1.10065847116454,0.886890155267597,0.6774870307084412,1.448993424446926,0.9184112555410648,0.2109567504892471,0.04170350934202843,2147,2280,2280,-0.002589420897975165,0.029050065709239403,V72_plant_ensemble_noise_free,1.5,189,7.157408229829455,79.25429194848118,1.4024573048735784,0.4956305637895002,0.7939580042329079,0.1480210590970175,1
1.1701547971916346,0.9921364321021362,0.8314096986235956,0.6344610187585101,1.1905155028741967,0.9307635034722435,0.17956737244541632,0.020682938606604598,2099,2249,2252,-0.002882536478592774,0.03205938242110573,V72_plant_ensemble_noise_free,1.5,190,8.22993485392966,97.90327665080557,0.8557112140471964,0.6056533956363193,0.911266905636818,0.0702376581879936,3
1.1932087235292417,1.0586784758052237,0.8288739707796398,0.608721968412952,1.3547482104976076,0.8883514754114773,0.19885274404195075,0.031553143681161834,2127,2255,2257,-0.0035203725886522046,0.02990847310403133,V72_plant_ensemble_noise_free,1.5,191,6.347313171164219,129.3946951126079,0.8300656864829423,0.9080765184586872,0.84083641306493,0.1869258065537288,2
1.174277830255574,1.0511472907004498,0.8615837821729863,0.6737854655309234,1.2355225030277648,1.049431468644816,0.18376371545763237,0.02903367635632244,2137,2270,2272,-0.00295173245189893,0.03100232532162739,V72_plant_ensemble_noise_free,1.5,192,8.174029274641882,123.14964800937145,1.3078604018157325,0.5392165689650908,0.963030922963231,0.0896621145245897,2
1.2273226477819843,1.0928022563868782,0.8663574913678104,0.6448946157944739,1.5942198939737544,1.0421760808677725,0.22848468628614982,0.04303369610690127,2140,2271,2272,-0.002720895089596317,0.02859258662547015,V72_plant_ensemble_noise_free,1.5,193,7.664203182173582,75.12854315298539,1.3221614171183544,0.9095798134574812,0.7595082305925984,0.0813626633163724,2
1.150960515114277,0.9967071512069381,0.845431315588832,0.6703150582495607,1.090138649291135,0.9515197759392537,0.16744251037314584,0.019658342180254522,2099,2256,2258,-0.0026148458396356316,0.027770042784097004,V72_plant_ensemble_noise_free,1.5,194,10.266531055550274,102.84414400777727,1.0427407299641995,0.4360699231607595,1.0215916079126408,0.0872744598228368,3
1.192160588244136,1.057439330954112,0.8272578341498193,0.6274357820845267,1.3466879484846825,0.9664495694609085,0.20119616968807885,0.030957027634391752,2126,2254,2256,-0.003407644265233635,0.029730709755752205,V72_plant_ensemble_noise_free,1.5,195,6.012914656492788,75.30967238197148,1.0877619973644967,0.90112165959998,0.950617379676032,0.2222542000570654,2
1.2664226657306386,1.1516825678839135,0.9246830495528044,0.6746371315106298,1.8339012888116604,0.9949816777006726,0.26642266573063855,0.0614681903778337,2151,2288,2289,,0.026993871093242916,V72_plant_ensemble_noise_free,1.5,196,9.59147760573332,144.19682416971054,1.6060812746836686,0.7412082802857793,0.762583264483361,0.1988041070009853,1
1.2497616424327236,1.0888503721897378,0.8630286661458828,0.6395424091625063,1.7180785870438828,1.0429799948079221,0.24976164243272359,0.04446040449252373,2140,2269,2272,-0.0028756977403829897,0.026079759424635807,V72_plant_ensemble_noise_free,1.5,197,6.637162374032092,93.91542110415658,1.2836582154909806,0.9273731753387774,0.8208865319732943,0.1705897659708803,3
1.2279353901691745,1.1137092317608948,0.8725632090997315,0.6393250918379421,1.5706961166184803,0.882369630054874,0.22793539016917452,0.045966063112747944,2147,2273,2274,-0.0035291675327239177,0.028432123115098795,V72_plant_ensemble_noise_free,1.5,198,6.313576048132715,142.71005951678558,1.0913980731475237,0.8857964993965388,0.7710441696797813,0.2107247129054208,1
1.253677824616461,1.1284381858764128,0.9037722021559474,0.6652286542832305,1.754876021534432,1.1365803005770712,0.25367782461646105,0.05468185087066256,2150,2283,2285,,0.027675208529420292,V72_plant_ensemble_noise_free,1.5,199,8.241802286988609,113.6857408225309,1.7346919890487462,0.8552388040241805,0.8689010593988185,0.1720666631355086,2
1.248849814357314,1.109892373092636,0.8774356355587636,0.6447249236693563,1.7343769987826227,1.0138751389566893,0.2488498143573139,0.048862404655441685,2141,2274,2276,-0.0035247603765675784,0.026585059031241975,V72_plant_ensemble_noise_free,1.5,200,10.619390063739798,137.24563079312418,1.268782525781348,0.9038705517143945,0.8236384237425503,0.211074761882393,2
1.1716274723251814,1.0533096035299705,0.8400143648439424,0.6406096767339047,1.2082056414858653,0.9416660268793903,0.17824196150004212,0.027127598835429752,2127,2260,2261,-0.0028182272938860795,0.029847938823796216,V72_plant_ensemble_noise_free,1.5,201,8.62184643101354,146.71176907715426,0.9920018316318452,0.7411748984422106,0.9764501416665304,0.1799219159920872,1
1.238657039339855,1.0643401826585766,0.8500520641445283,0.638631073204398,1.612268227294659,1.1706042547598854,0.23865703933985505,0.03647428186589902,2129,2265,2268,-0.003484687976168924,0.031594785750725496,V72_plant_ensemble_noise_free,1.5,202,6.41266869655278,128.82021524081154,1.2948425300387465,0.9285001647545348,1.026685507644815,0.2081899394411309,3
1.2306441739104184,1.0723970373695249,0.85606983727243,0.6289532068451656,1.6107050137282375,1.0701816567316906,0.23064417391041836,0.04009951144750507,2138,2266,2269,-0.003020352757303951,0.02462177633876861,V72_plant_ensemble_noise_free,1.5,203,8.206272432391204,118.70374463819282,1.147226801686826,0.9598115270300056,0.7892854223847381,0.0809503397679755,3
1.2805523151599028,1.155788344703296,0.917369472529269,0.6634443999579807,1.9346829717088037,1.0487071158710335,0.28055231515990275,0.0634232268128374,2151,2286,2286,,0.02643129963765123,V72_plant_ensemble_noise_free,1.5,204,11.416979198429026,100.62514070062618,1.6827440432138756,0.8793373602924723,0.7550787845856576,0.1829720923994798,1
1.2609501280026405,1.1396370596144396,0.9224048654803388,0.6868497958694577,1.794906681363988,1.0095727235631133,0.2609501280026405,0.0587643755001002,2151,2289,2291,,0.027281524982493144,V72_plant_ensemble_noise_free,1.5,205,7.525042337405165,83.9026372547814,1.7992552569345457,0.531332551856724,0.8269927986007959,0.2382060164572343,2
1.1996380221800798,1.0770214765387918,0.8517159792096114,0.6529388782196894,1.3898050469394687,0.9859529325410926,0.201455831948542,0.03472388464896039,2138,2266,2267,-0.0032692997366904532,0.028959988656819036,V72_plant_ensemble_noise_free,1.5,206,8.643835660785383,76.29654270992762,1.2964894110558614,0.6961693204930879,0.9595930401367484,0.2254439657409677,1
1.242593973035477,1.1278083347730345,0.905040003684215,0.6785004475794034,1.6707446607645664,0.9596949319600083,0.24259397303547692,0.05305828465949411,2150,2284,2286,,0.028242946996251073,V72_plant_ensemble_noise_free,1.5,207,5.167624844563753,72.19686620776088,1.632659969110155,0.5801059770352531,0.819463390586739,0.2335729098048184,2
1.208814494868741,1.083149719164558,0.848455838471827,0.6403385715556962,1.4571723643407153,0.993857484391312,0.21180197039714876,0.0369874331020893,2138,2264,2264,-0.002885058107441033,0.02882737167463212,V72_plant_ensemble_noise_free,1.5,208,8.101305343235378,71.30608806383916,1.2348500608748545,0.8832178847183588,0.853703490888823,0.1471898315795534,1
1.2296429528921375,1.078396108565784,0.886131289273641,0.6851251711105892,1.5771183909144075,0.9971244359341305,0.22964295289213754,0.04106249137245659,2140,2280,2282,,0.025426760265266024,V72_plant_ensemble_noise_free,1.5,209,6.873791942343729,130.30649612978422,1.4108164078097791,0.4952330621278541,0.8750335871177812,0.2019567253875112,3
1.2337203391497251,1.0829816139482267,0.8603048843243486,0.640721464213882,1.6485813693102063,0.987606931100415,0.23372033914972512,0.042105908446083855,2140,2268,2271,-0.0026341623183527563,0.024212271229034465,V72_plant_ensemble_noise_free,1.5,210,9.912883575062876,101.44497994436122,1.1672193869740553,0.801358339868546,0.7977814703667141,0.1728279267033861,3
1.186097973452069,1.06457946696632,0.8412963524922858,0.6253696889227178,1.3134860635232188,0.8923496132947573,0.19132033591727793,0.03115084606578682,2137,2261,2261,-0.0026857380696965858,0.02922335959915756,V72_plant_ensemble_noise_free,1.5,211,8.705385764363427,149.2066619299757,0.8617615838223778,0.8220558184872488,0.8086422455346645,0.1181508849797216,1
1.1852169733586582,1.0637449003508925,0.8369900390741831,0.6279824148829164,1.2987694869210857,1.0992344550015023,0.19034192908764802,0.030477629632897848,2136,2259,2260,-0.002683489319565554,0.029438178182594754,V72_plant_ensemble_noise_free,1.5,212,9.648517505885028,135.1811857157519,1.1768702692469306,0.9571888481097006,1.0675381116964129,0.1732114812664311,1
1.1759574515776654,1.0311285979832632,0.8280466996714865,0.6270990161289083,1.2612823783441567,0.8424661587912081,0.1759851539423749,0.02523390030491924,2119,2252,2254,-0.003170084708327135,0.027436550486619193,V72_plant_ensemble_noise_free,1.5,213,9.122288873409715,79.31561426977512,0.8094587297250782,0.6141194484365342,0.7548650199993373,0.0758484773149529,2
1.1645979011827685,1.0587002293786405,0.8431604982236968,0.6470055735104825,1.1585050595646211,0.9688513943749273,0.17629944325881497,0.0269940492248407,2126,2261,2262,-0.0030048960566032954,0.030695876892715024,V72_plant_ensemble_noise_free,1.5,214,6.310747209010341,81.65392669711657,1.1898303104839696,0.6951552346259311,0.960793319895472,0.0995514116964072,1
1.176946093898956,1.0652102995046147,0.838095883161921,0.6360954923325809,1.2304820293436558,0.9950635831505317,0.1843176686650565,0.029269933826821987,2136,2260,2260,-0.002792668149308898,0.030168643626854008,V72_plant_ensemble_noise_free,1.5,215,6.500632620615381,111.32006804877336,1.1654743779436392,0.8295181623340547,1.0617645223983865,0.2239096039197842,1
1.2010572028108129,1.0774552026822932,0.8824754812110857,0.677345126192461,1.4204973459104404,1.2016239901761006,0.20387662939251516,0.037823679578228984,2140,2278,2280,-0.0025990917974871466,0.029554549705789857,V72_plant_ensemble_noise_free,1.5,216,9.788023697268953,101.79773866551996,1.6620233090311618,0.5870504209069118,0.9300795524669716,0.0486145259521249,2
1.258623810874437,1.084126411475209,0.8341428348706451,0.6369819408131041,1.642287605897989,1.4026282195172857,0.2593996377788286,0.027650421462444556,2086,2256,2258,-0.0030761645188019065,0.06611675100262548,V72_plant_ensemble_noise_free,1.5,217,5.388069308519698,81.87759124779195,1.311028928944315,0.9384233475057367,1.05477489052997,0.0599094709318029,3
1.2087731680704767,1.0630659328681469,0.8669382133724561,0.6741146485380725,1.4685156824204735,1.084626122302667,0.20877316807047674,0.03587574566654876,2138,2272,2275,-0.003442618818199363,0.024335579040761557,V72_plant_ensemble_noise_free,1.5,218,9.873379172090528,100.95029862277566,1.4624273252325948,0.5509393574583383,1.0015333939950106,0.2041143899554932,3
1.154204040181126,1.032812691113189,0.8190527550463054,0.6066826602836705,1.1023566716002957,0.9943995645114908,0.16596769560812308,0.021824309076353837,2117,2245,2245,-0.003802160673147345,0.025199426584800344,V72_plant_ensemble_noise_free,1.5,219,8.796024661660807,107.02139189398514,0.9047033233002209,0.8973472259276842,1.0269503802507507,0.0949369020441805,1
1.1636706756812936,1.0215800000062831,0.8239213686642359,0.6283183595951611,1.1709383528410462,1.109659964039928,0.17209205282065465,0.022328150847555742,2109,2247,2248,-0.0027491717149224783,0.026327536050337663,V72_plant_ensemble_noise_free,1.5,220,9.72465458685502,74.14700907436453,1.0877733988781948,0.8209480403379328,1.0328552356153486,0.0567823546183526,2
1.2086016866331692,1.0973209282691916,0.8790304296172198,0.6735116405510911,1.4433307159615096,0.941409527132537,0.20895347964492617,0.04056268221516821,2140,2277,2278,-0.0033520815398252056,0.028858290719403712,V72_plant_ensemble_noise_free,1.5,221,7.587858339718389,120.56566957785462,1.3610674895339143,0.5803352574911064,0.901579566758344,0.2364305865727635,1
1.21774947032686,1.022384031209036,0.8232401258334374,0.6069621357346532,1.4769375680850094,1.02384804598606,0.2177494703268601,0.02756314427489855,2119,2252,2254,-0.003579253197526278,0.030189136987628817,V72_plant_ensemble_noise_free,1.5,222,6.652961235206114,107.41094546424564,0.848808380569581,0.8805277739666516,0.8126811821837245,0.0553360937245707,3
1.1674477845122406,1.0393263567926962,0.8508744733879435,0.6671331404717741,1.188666253264074,0.9875505305636769,0.1762994223677814,0.025857252704075875,2120,2265,2266,-0.003340839607974459,0.03120646955707107,V72_plant_ensemble_noise_free,1.5,223,8.064991359381349,91.23908546706464,1.1912458498124876,0.5023298481783621,0.9524529269322858,0.1031612567186746,2
1.1916377115995787,1.0887429235194814,0.8848298253838807,0.6928720310254652,1.3331432831527616,0.9936241663032058,0.1963886526236387,0.03710883937395922,2140,2280,2281,,0.0296477388162808,V72_plant_ensemble_noise_free,1.5,224,7.380668104365686,103.76554603860932,1.5626737352963054,0.4068181755511796,0.9524666128434242,0.1800896937992117,1
1.1551613283327489,1.0022507001584133,0.8428093653058162,0.6694592276490866,1.1190482075896877,0.9663674692763045,0.16747377049997514,0.020545529624682233,2099,2256,2259,-0.002393080340015029,0.026032701653893042,V72_plant_ensemble_noise_free,1.5,225,10.415025237850916,109.36525913099648,1.0714708860650606,0.4607970821381476,1.0726214458644905,0.1551117624505995,3
1.2218448552431682,1.100859329345647,0.8653011130027652,0.6506696930184124,1.5333634793117374,0.8603065680847355,0.22184485524316822,0.04229253913373297,2140,2271,2272,-0.0028456056109736954,0.028417729800727987,V72_plant_ensemble_noise_free,1.5,226,6.9368248239224695,75.75689016873666,1.1807759946255512,0.6954720576713911,0.7789921406900115,0.2263908190823919,1
1.1964122288800458,1.0600253833112443,0.8223261731091218,0.6116872645465047,1.38288922397037,0.8973011529457328,0.19909418183892025,0.030899478337202278,2127,2252,2253,-0.003152033121509657,0.028642807444249296,V72_plant_ensemble_noise_free,1.5,227,9.406376521374854,84.51842769552681,0.8970688419412267,0.8615753852842762,0.823359583843351,0.167763062950622,1
1.1924191810806533,1.0519879795210012,0.8163207142050614,0.6130281207695416,1.3523749654598347,1.0481762849221137,0.19455425697534046,0.028781866398220515,2119,2249,2249,-0.002520510901557346,0.027832669886825867,V72_plant_ensemble_noise_free,1.5,228,11.148256700197429,88.55367637668243,1.054665062009403,0.9875435701719004,1.039978222239598,0.2245478559958106,1
1.2220615181094163,1.0813548297490634,0.8833010831790697,0.6819654080879812,1.5599351017702938,1.0355032962348818,0.22206151810941632,0.04124002790979158,2140,2278,2281,,0.024397373785585375,V72_plant_ensemble_noise_free,1.5,229,9.605494496423166,127.0150064648543,1.4580643369521191,0.5262556067376667,0.9075934999890392,0.2018757344784293,3
1.2187986621451659,1.0955621869743086,0.8800759049278748,0.6538268440514453,1.5311099788888685,1.0249273355192292,0.22057018287778551,0.04323254889231975,2141,2276,2278,-0.0034139618816993,0.02904127252743738,V72_plant_ensemble_noise_free,1.5,230,7.362704160964553,147.0246936514697,1.2785121640626982,0.8160603359189322,0.800737391526528,0.1071338541381967,2
1.1469573760938523,1.042346933957447,0.8351208647221582,0.6385769261521302,1.06774253426582,0.9104451634613815,0.1622291406653611,0.022269893024447058,2119,2254,2254,-0.003547862968879805,0.028175262442726723,V72_plant_ensemble_noise_free,1.5,231,5.919218902233238,74.14692771117797,1.0371228706095086,0.6784867813860624,0.9432244402740948,0.0480474863205845,1
1.2269176490075664,1.0977715496617129,0.8635104754395913,0.6427705318719477,1.5814237180863815,1.071784311851638,0.2269176490075664,0.04254133536693021,2140,2270,2271,-0.002657474952029163,0.027694147885664933,V72_plant_ensemble_noise_free,1.5,232,11.662464487986618,123.06753268001025,1.3274072915098931,0.9036612570210544,0.9240713705220186,0.2039951881873642,1
1.18715015940571,1.0831737818649287,0.8751165523116005,0.6756381148922249,1.3146735418225004,1.1676828028548925,0.19943757729740552,0.03674899878826741,2140,2276,2278,-0.0035560254638786083,0.029103690449205244,V72_plant_ensemble_noise_free,1.5,233,5.798087296647497,107.42774095887984,1.733758434917601,0.6377488858090888,1.0999118634069698,0.1654776789522942,2
1.2334259438810597,1.1092397925371278,0.8544756194142614,0.6316953023956814,1.6038138188560125,0.8588623666140212,0.23342594388105975,0.044545140764918834,2140,2266,2267,-0.003333552766182321,0.028412954677137225,V72_plant_ensemble_noise_free,1.5,234,5.237745191970987,76.40586550531712,1.1059089514821625,0.9526595447764264,0.7526538573672266,0.2265928493352202,1
1.2155822100654794,1.0765768438063337,0.8868185545632621,0.6910215035402398,1.5290921928321115,1.026278227846623,0.2155822100654794,0.03976790814478372,2140,2280,2282,,0.02446567178657455,V72_plant_ensemble_noise_free,1.5,235,10.600076749691064,122.15082762516349,1.4583860725159368,0.4247358815258705,0.8621765921219288,0.1548279570705515,3
1.1554631075098651,1.0446502125666448,0.8391661069960212,0.6455791051371071,1.0941514545744166,0.8087648768152176,0.16591374790884528,0.023668528440367115,2119,2258,2259,-0.0028370438487288078,0.02975997982331191,V72_plant_ensemble_noise_free,1.5,236,6.378113714884686,130.5123074559595,0.8658492185585577,0.608545025923958,0.9177200749092944,0.1901482319332348,1
1.206597191946174,1.079212768865243,0.87997465537949,0.6741095772308077,1.4568942810431142,1.0144539743540082,0.20669031198205112,0.03860339660079277,2140,2277,2278,-0.003087469918612146,0.029022820330570243,V72_plant_ensemble_noise_free,1.5,237,8.663485333735023,75.23621966723726,1.4092794979852696,0.515209593691685,0.7921454757490239,0.0713814234213227,2
1.1939208575210505,1.079292655748529,0.8785702929878785,0.6727756630976013,1.3738701023193405,1.0591164508944557,0.2060669734211229,0.037346927088383094,2140,2277,2278,-0.0032880376132480692,0.030169810320304302,V72_plant_ensemble_noise_free,1.5,238,7.049449817764838,74.9359555934693,1.494280090516629,0.5619081064959531,0.8349621253805373,0.045833964953055,2
1.1875380499821369,1.0583535134134812,0.8395455721278078,0.6369351052695995,1.3306970714992503,1.0009423290294628,0.1915809225786731,0.03011660839362503,2131,2260,2260,-0.0022753246489665142,0.028800131868219836,V72_plant_ensemble_noise_free,1.5,239,11.35219340334807,95.05571084255446,1.0947671475185632,0.7412258954198778,0.8984854882144863,0.1196143069168268,1
1.1302774520312804,1.023906078237879,0.8469823684879609,0.6616395317355872,1.0680796848264753,0.9303178942560231,0.1630379856402575,0.02051691625016661,2099,2259,2261,-0.0030391518099601553,0.028602868917747992,V72_plant_ensemble_noise_free,1.5,240,6.377057113229865,132.75803704035167,1.012583001634094,0.5460232040656918,1.0068406900950588,0.0737428609661767,2
1.1703616086545188,1.0537877028449867,0.8320867077551997,0.6238192589399502,1.1986756982414926,0.8212108019170801,0.17883601899807222,0.026877223079604967,2126,2256,2256,-0.0034283006619462253,0.030092137658437768,V72_plant_ensemble_noise_free,1.5,241,6.70497510626567,115.31660690571414,0.8254757574996079,0.7292742294294596,0.8341569816907031,0.1530776827510835,1
1.1737829448364896,1.073633199776816,0.8784535133051317,0.691733505479921,1.242257535020092,0.9712121048236085,0.18927831319957877,0.03366057682493966,2138,2278,2280,-0.002927296353716664,0.02944394390592109,V72_plant_ensemble_noise_free,1.5,242,5.140592771012501,127.5346839292794,1.4570947585185017,0.4284360334213182,0.951929374330912,0.1525977992082768,2
1.2023224956788836,1.0516671847743977,0.8596624773764403,0.66140507809522,1.4256843006998934,1.2505369825145938,0.2023224956788836,0.03334139473296371,2138,2269,2271,-0.0026778395675778627,0.024070744957455315,V72_plant_ensemble_noise_free,1.5,243,11.01212371217839,133.85948136049268,1.5080336721975516,0.7457155709857088,1.084575514168515,0.1233743377715514,3
1.2515246173772,1.098740201184255,0.89261064367786,0.6784422560313383,1.7088929689946228,0.941725573569131,0.2515246173772001,0.04676066308780237,2140,2281,2284,,0.028137232533932632,V72_plant_ensemble_noise_free,1.5,244,5.072004084139057,83.40083017954191,1.416303826020282,0.5056254142187442,0.7967414105945946,0.2235869098933097,3
1.1584449836072443,1.0388670689544144,0.8247479958319208,0.6184356992722115,1.2006238958023094,1.0476807678155997,0.18200215566835065,0.024948422853277096,2119,2250,2252,-0.0030605707197160783,0.0292917840309439,V72_plant_ensemble_noise_free,1.5,245,6.638751244476393,92.71454386990337,1.0576591058032545,0.9335953535635836,0.9834593662748616,0.0593152189115754,2
1.2088470830630156,1.0932106632542387,0.8648507691789957,0.6400734845603089,1.4676621280042097,1.1504168701308661,0.21391350332130465,0.039984782040367206,2140,2270,2271,-0.0027701000131235523,0.02889931115473665,V72_plant_ensemble_noise_free,1.5,246,9.596037741180844,114.18793726407894,1.3995644388911304,0.988584633432567,0.8679257698485205,0.0497112997622419,1
1.2276432073081067,1.1176311256350857,0.8936319910796233,0.6579859423913543,1.5860320433366164,1.056376313602635,0.2334583703948201,0.04931277075534208,2148,2280,2282,,0.02861356874077048,V72_plant_ensemble_noise_free,1.5,247,5.4111041174607655,135.22068179967823,1.4882315649450244,0.8715887043918927,0.8175579580792824,0.125663195967496,2
1.1678800278876338,1.009971987215437,0.8372153728175107,0.6473483500230126,1.196873401750278,0.9428292694949386,0.17600468870910602,0.02262267450274444,2099,2256,2258,-0.002799292528623793,0.027286470431246546,V72_plant_ensemble_noise_free,1.5,248,9.189833988858734,121.40477940532983,0.9338980624947216,0.5968000749172899,0.9228159220768806,0.0827549100619218,3
1.1744888519492414,1.0775526992730564,0.8775826337875676,0.685540977187458,1.2296838347349976,1.110741862704907,0.18549611347291428,0.03285602870994905,2140,2278,2278,-0.0033600872360407446,0.030480956086539335,V72_plant_ensemble_noise_free,1.5,249,7.611217665922168,77.3231099250643,1.6827578868986002,0.4614014353578907,0.9805032384746712,0.043195802047045,1
1.2322045221583768,1.1057876346056643,0.9070224582904434,0.6842836596347209,1.631641074826766,1.061370388364871,0.23220452215837684,0.048001425162502095,2150,2285,2287,,0.027527628882377142,V72_plant_ensemble_noise_free,1.5,250,10.375546309023235,98.97481530082338,1.609136113809971,0.5080659569506992,0.7759467683749157,0.0945157489878332,2
1.2460397903042313,1.1198695341813547,0.8995070607357973,0.661901144168944,1.710931814343672,1.1048539693517774,0.2460397903042313,0.05202099198624213,2150,2282,2283,,0.027809666363084906,V72_plant_ensemble_noise_free,1.5,251,8.588808023761382,122.87884020540277,1.581699143148475,0.8400773976395457,0.8155226776160065,0.1312331378663853,2
1.216739976368316,1.079000389174803,0.8693129609156636,0.6614513947593689,1.5327761931911807,0.9884602754397016,0.216739976368316,0.039103779092898465,2140,2272,2274,-0.003040782001709347,0.0273946522873878,V72_plant_ensemble_noise_free,1.5,252,10.873446658172636,83.0453141056631,1.2752916056956891,0.59762694847752,0.7970416187419025,0.1286244986073624,2
1.2210349963415332,1.0963636223227051,0.8660853660698316,0.6471955795672555,1.5423712836677559,1.0361942623408287,0.22103499634153323,0.04175019618594647,2140,2271,2272,-0.002747746744724584,0.028095921526506862,V72_plant_ensemble_noise_free,1.5,253,10.320423787007368,104.12486065386084,1.3266043981332782,0.8275613912267614,0.8685739761439836,0.1643622672094885,1
1.2446424509251788,1.0632622550511543,0.8522493677130158,0.6484412732620697,1.637927862084139,1.443986802880472,0.24464245092517878,0.03354107537771108,2119,2265,2268,-0.0032946646597154035,0.041157204831213434,V72_plant_ensemble_noise_free,1.5,254,7.111329573847373,86.46969495267535,1.557359969197484,0.9433378185293984,1.030511399460909,0.0485453188558621,3
1.2299647399776537,1.0272230489500405,0.8334488419049053,0.6373999061464435,1.5144352087788957,1.0691527227136002,0.22996473997765365,0.02684625616282148,2109,2256,2259,-0.002901563328251034,0.03788157341527132,V72_plant_ensemble_noise_free,1.5,255,5.863640936053502,121.3641053954452,1.0196377045803915,0.7336925986914242,1.0322003328501197,0.2310908092502155,3
1.2143164036847611,0.9896445243325331,0.8415174812451103,0.6513173774636745,1.4216267133316185,1.2373031326709425,0.21431640368476113,0.02363258836751181,2087,2259,2261,-0.002807102224052118,0.04618035152126554,V72_plant_ensemble_noise_free,1.5,256,7.866428329721085,109.33524359467496,1.161486070138512,0.6471641238100595,1.019214932626641,0.0454326392236677,3
1.2429242981453954,1.05365109612764,0.8368123628508888,0.6260976553903921,1.6179374102222186,1.1352741885458715,0.2429242981453954,0.031116601050359072,2119,2258,2261,-0.002931088306106266,0.041905303878022604,V72_plant_ensemble_noise_free,1.5,257,5.693269376975826,97.55476726845512,1.0667816569579962,0.8741404704437297,0.8624889358610285,0.0762302217895062,3
1.2513611313935598,1.1209130997147403,0.8919996373861063,0.6499947213270882,1.7463710198313795,1.0492900577917739,0.25136113139355976,0.05241501939887767,2150,2279,2281,,0.027390723204370415,V72_plant_ensemble_noise_free,1.5,258,8.664607899691237,138.88796764552984,1.3916359210222669,0.9391451248062428,0.7813999522284604,0.1491159476872364,2
1.2269379468237154,1.1012200240064232,0.8743941114244185,0.6574643066261895,1.5845800647619306,1.0194674518175701,0.22693794682371538,0.043658880545621705,2140,2274,2275,-0.003335892871674328,0.02788650356321276,V72_plant_ensemble_noise_free,1.5,259,10.506381744435334,76.0326907145339,1.4101815537384284,0.7319198750364266,0.822248684574844,0.1506863580801906,1
1.1423833359966244,1.036195246865636,0.8446451833749766,0.6590089565652708,1.0938513112645276,0.8968683541527119,0.16653199763362192,0.023060786079573098,2120,2261,2262,-0.003125293762342195,0.02995929613902959,V72_plant_ensemble_noise_free,1.5,260,5.45782969920354,107.58363266396437,1.0748913808608198,0.5524177427389346,1.009716638945723,0.1512966222362405,2
1.219571784293019,1.0910115800303177,0.866763330863324,0.6596475884269819,1.5325136811591618,1.033937802938555,0.21957178429301893,0.04029307907774006,2140,2272,2272,-0.0025231256467013892,0.02776789411864722,V72_plant_ensemble_noise_free,1.5,261,11.91025757109838,101.22763438787428,1.38474990612105,0.685934568609885,0.9471231860714766,0.236551675146906,1
1.2236684227519314,1.0794574199625175,0.8764953921889874,0.6589694507597661,1.6002310064578178,1.0518908463065981,0.22366842275193144,0.041122462673904216,2140,2274,2277,-0.0030361003189635347,0.02439818922817949,V72_plant_ensemble_noise_free,1.5,262,11.930454109263373,116.88231541411444,1.256107498825079,0.6708797488524996,0.7538584709171183,0.0651239109651392,3
1.1581012776472075,1.0275542443006427,0.8343001475593225,0.6312407138242251,1.1512845822787163,1.136421900397607,0.17109836162703673,0.022918057211562596,2119,2254,2256,-0.003485312413578833,0.02891006127575524,V72_plant_ensemble_noise_free,1.5,263,9.442787740027256,145.55989840875327,1.062753596034879,0.8414525785200726,1.0658551586650946,0.0401771475291052,2
1.2386666724487578,1.0935589537809531,0.8779428570563217,0.6616106159789149,1.6683561613856452,1.1963704948016232,0.23866667244875783,0.045137768284701764,2140,2275,2278,-0.003167366480296772,0.024297642096902106,V72_plant_ensemble_noise_free,1.5,264,10.766339757290506,121.80335799645356,1.6294456406505566,0.8108855988500985,1.0103560317751958,0.2154333185867355,3
1.2411370522620586,1.1124253699487734,0.8963879103192909,0.6731944891144258,1.6754527280433447,1.0660384729487045,0.24113705226205862,0.04942750699999996,2150,2282,2283,,0.027631151418840094,V72_plant_ensemble_noise_free,1.5,265,8.95857368938947,85.32651916513609,1.6400982288843722,0.6419559799779895,0.8518934380094388,0.1778887202779651,2
1.192303144633052,1.0707119028244911,0.8753114584821368,0.6892618882179387,1.3430958982575243,0.8060443202962968,0.1957340604901352,0.03464771653712116,2138,2277,2278,-0.003306556298867823,0.02999637336905625,V72_plant_ensemble_noise_free,1.5,266,5.944162427429183,148.4323869115118,1.1033327007195268,0.4083881364230471,0.790687240228795,0.2124197170845305,2
1.2494715431119918,1.117121538313673,0.8991609085576904,0.6574110396986592,1.7525939390759482,1.1523873187619316,0.24947154311199182,0.052104087005138994,2150,2281,2283,,0.027017831908431322,V72_plant_ensemble_noise_free,1.5,267,11.310720099927938,108.09451148157578,1.5718689409194244,0.8767668415026673,0.7523496936819057,0.0607826635825192,2
1.2221763123440854,1.0797262154208775,0.8815356757228174,0.6808005651445608,1.5574302287617448,1.1682695156400784,0.2221763123440854,0.0409139375908428,2140,2278,2280,-0.002464080709416034,0.02439827910272374,V72_plant_ensemble_noise_free,1.5,268,10.391860670046116,106.70514717915964,1.6873073600052235,0.559857368513524,1.0190087218337267,0.1954883408399031,3
1.2131244424544574,1.0274542315469917,0.8458218452547821,0.6492022439095335,1.4401479614115362,1.0438504480851905,0.21312444245445739,0.028296370562843252,2119,2263,2265,-0.0033508658569278847,0.031036381820848336,V72_plant_ensemble_noise_free,1.5,269,6.968640644186235,144.27189416684763,1.0400723601618953,0.6906280886211689,0.9330299407650364,0.1365489106719127,3
1.2594817450218683,1.110440613606942,0.8806717830835662,0.655407566040356,1.8138082599132797,1.0571864099682453,0.25948174502186827,0.05048001126167662,2140,2275,2278,-0.003025228167524322,0.02402210856101661,V72_plant_ensemble_noise_free,1.5,270,10.75095547918782,88.70388719259768,1.4763027842936474,0.8111598986167134,0.8558349253296944,0.2339939417454293,3
1.215325211265414,1.101642318565006,0.8734586885573186,0.6552021147094221,1.4884427622650798,0.8429868613026528,0.21532521126541404,0.04209487225872294,2140,2274,2275,-0.0036628434344082223,0.02865244823236024,V72_plant_ensemble_noise_free,1.5,271,6.716677387134499,142.2280973018768,1.081148728254964,0.7011964888063367,0.7826175982052034,0.2288403354792939,1
1.2152221697001806,1.0095637837818008,0.8106283516751314,0.6020419538467456,1.4456770192634432,1.0815831172215882,0.2152221697001806,0.024229785289435327,2099,2242,2244,-0.0038415467472919713,0.030826410901282797,V72_plant_ensemble_noise_free,1.5,272,6.767760437079838,93.44360701971712,0.894835654660179,0.9436199316817048,1.018659581901525,0.1820528950556765,3
1.2215221677618608,1.0651842768061393,0.8651007190894469,0.6505157853454854,1.5483693872466415,1.3635007234297687,0.22152216776186084,0.03809082290192602,2138,2270,2273,-0.002966297931138163,0.024470278657248157,V72_plant_ensemble_noise_free,1.5,273,10.613400784855113,125.57323284958544,1.622421052388238,0.9476995747341695,1.023696897632417,0.0654220346501604,3
1.2290992580299704,1.1252784972873482,0.9222828229439316,0.6949847321720539,1.589925036300019,0.9847809502153773,0.23287588813711224,0.052603167095735065,2151,2290,2292,,0.02877101091056944,V72_plant_ensemble_noise_free,1.5,274,5.262179055061859,142.76640289374905,1.6688167094769644,0.4866043673670424,0.7937094994660525,0.1576876744828948,2
1.170918935279975,0.9885515950044286,0.8276044516238958,0.627448015615318,1.1900174662153846,0.9467780935689238,0.18009861619261613,0.0201487208637127,2099,2246,2248,-0.0028789098788390417,0.03240910644588291,V72_plant_ensemble_noise_free,1.5,275,8.215832169953474,98.9893187068664,0.8416236531469392,0.6476031130211598,0.9624256481226784,0.1053402445602832,3
1.1797002768279967,1.046466861578306,0.8470557913605159,0.6519146375858051,1.2699907797188847,1.1135349589731547,0.1828173605373753,0.02830922901950189,2127,2263,2265,-0.003232913768748823,0.030169362491032414,V72_plant_ensemble_noise_free,1.5,276,9.547946679931515,131.09012185764257,1.2439338007602214,0.7249609113131561,1.04653987009217,0.1276546601645424,2
1.2292002311819124,1.0870438810873986,0.8810841865923109,0.666608538487997,1.6187768907524427,1.0467874926823613,0.22920023118191235,0.04312764768514191,2140,2276,2279,-0.0026004399780825906,0.024335179741011626,V72_plant_ensemble_noise_free,1.5,277,10.571871669101508,141.0841425825625,1.3443094360060994,0.676250339101004,0.8436953157461059,0.1591079758388446,3
1.2589686945740595,1.08156408200176,0.8606323691146394,0.6679416068473014,1.612709801677123,1.2081116536696839,0.25896869457405947,0.03142514822002464,2127,2270,2272,-0.003185928969317703,0.059756794379162814,V72_plant_ensemble_noise_free,1.5,278,5.019204424139027,119.67957541902211,1.3398746494532312,0.6045391527417426,1.0033324504763117,0.1417402587504349,3
1.246367767505295,1.0754456894463578,0.8581622320337741,0.6355764065241851,1.659078713389412,1.2152906002313963,0.2463677675052951,0.0373146550034288,2128,2268,2270,-0.0030763440314220602,0.03989821885552014,V72_plant_ensemble_noise_free,1.5,279,5.738694098655831,139.6855503107326,1.2200998269876906,0.9573771475932492,0.8669999496026313,0.0660129811618917,3
1.1506100905963743,1.0495841348515984,0.8529858292059868,0.6667986678040858,1.08912347302069,0.9348639493171786,0.16500537613208444,0.024373785336774517,2126,2265,2266,-0.0035357359868050378,0.031125565354831908,V72_plant_ensemble_noise_free,1.5,280,6.850855181118682,87.19684089124104,1.1978009138707648,0.5040128241090985,0.938492752814454,0.0422779435871483,1
1.168678102951958,1.0006764576904805,0.8164058176005009,0.6147765097883771,1.2059195577086157,1.0118012912071448,0.17588375569316872,0.0211634708548408,2099,2241,2243,-0.0034903686813705257,0.02645790373599488,V72_plant_ensemble_noise_free,1.5,281,9.93935667164932,78.07515987970724,0.9079757499410462,0.7854733076480979,0.9823855062454818,0.082972805089633,3
1.2169459408880532,1.095415224790346,0.8719199521569752,0.6443487607902029,1.528248487293316,1.0297678757522903,0.21861814908496946,0.04175873760176041,2140,2273,2273,-0.002818688484963404,0.028167276338288527,V72_plant_ensemble_noise_free,1.5,282,10.924877261674531,132.48316743446384,1.2130313829613155,0.8485362466113373,0.7723259752224781,0.0720922482088521,1
1.1828194629025368,1.0414091411805748,0.8439678838028177,0.6563545246916119,1.3044612312294124,0.7818967088594508,0.1828194629025368,0.027572094123666752,2120,2262,2263,-0.002561656455088164,0.02810834253783523,V72_plant_ensemble_noise_free,1.5,283,9.2750800129277,117.41789941122228,0.8233689453637117,0.4958269410867504,0.7655421572834278,0.1824341110354615,2
1.145574671280767,1.0387744482386363,0.8365299858125907,0.63796301755715,1.0811123959650413,0.9514038152674158,0.1637039371034379,0.023421764549545632,2120,2256,2258,-0.003382196714954669,0.028449189703209532,V72_plant_ensemble_noise_free,1.5,284,5.177811114485681,133.2003181380829,1.0301661465473813,0.7530181649352947,1.0636217841404505,0.1501076635552722,2
1.1898304050762156,1.0649737872827905,0.8537812326335215,0.6533310499891617,1.3479549965406195,1.029341687026561,0.193790362150833,0.0320152623839291,2138,2266,2267,-0.0030538391790156513,0.02875513699670651,V72_plant_ensemble_noise_free,1.5,285,11.796500860089076,99.31749300178696,1.2190570303749442,0.6561259573948094,0.8925876325807749,0.0992451818030251,1
1.208508477632711,1.0856102126757166,0.8629354101497158,0.655801406681295,1.457950679571194,1.1732459353541187,0.20930366209742757,0.03799758806941668,2140,2270,2271,-0.002638634702986504,0.028495852456414505,V72_plant_ensemble_noise_free,1.5,286,11.553198240837649,101.07056675731874,1.5489941209787172,0.8054928158467418,1.037461868302052,0.171827637972462,1
1.2267118791859222,1.1087396756605543,0.885197894763533,0.649456843784748,1.5834852941944753,1.1081662673755415,0.231075338358677,0.04708293739046981,2148,2277,2279,-0.002956905068240093,0.028860239031123447,V72_plant_ensemble_noise_free,1.5,287,6.792492143137142,148.83354937124665,1.4303038239869064,0.967407940189433,0.8358924132660497,0.1042078839759161,2
1.2391236102865908,1.0893337805845749,0.8717464083627662,0.638371069200371,1.6740316081540647,1.0655468290229266,0.2391236102865908,0.044824804881632166,2140,2272,2275,-0.003566548267310977,0.024379196390086566,V72_plant_ensemble_noise_free,1.5,288,8.733224728648914,141.7505432143278,1.2097753808042573,0.947388514381421,0.7766342406054155,0.1002122256904945,3
1.1430965119056244,1.0284677962585447,0.8194253523214423,0.6091774666877479,1.0752904580745568,0.9267186052401313,0.16265864273273034,0.021430556766161964,2108,2244,2246,-0.0041106033964821275,0.025267141710863417,V72_plant_ensemble_noise_free,1.5,289,5.165901285022764,100.2211306007666,0.8921681091725694,0.8685703008988466,1.039133399426488,0.1427549702251882,2
1.2394351368234529,1.1171080101815585,0.8763122029691247,0.6481414401050052,1.6547392171651754,1.0181521966483698,0.23943513682345285,0.04812635860702843,2143,2274,2275,-0.003476308828775235,0.027978123026478396,V72_plant_ensemble_noise_free,1.5,290,8.096074619590679,86.08090324535453,1.421491310397673,0.9280520587967236,0.8187664874616033,0.1751602013270178,1
1.198671880954528,1.0409032080347478,0.8517820028339691,0.6561729106856422,1.4007426733237947,1.0978516109727474,0.19867188095452804,0.030999603393727586,2129,2265,2268,-0.00310940042217382,0.024725940224631815,V72_plant_ensemble_noise_free,1.5,291,9.47312425739224,77.39603147010736,1.3022295249810596,0.6420374720980068,0.9079686431841364,0.0671353015633626,3
1.192092223453507,1.0850945966914405,0.8669454142367484,0.6525776276906013,1.3508874070598664,1.2974299927042536,0.19992892635758497,0.036317229691310716,2140,2272,2273,-0.0031178068001525613,0.02964906870114059,V72_plant_ensemble_noise_free,1.5,292,9.793097501584525,142.28213688643586,1.6446402736403662,0.9559252962610254,1.0614117573195587,0.0530893976109589,1
1.204611603946043,1.0169338260873433,0.8412804617506646,0.6448998893910506,1.393645526179487,1.1514275731306534,0.20461160394604305,0.026529674741166215,2119,2260,2263,-0.003098121647011143,0.03266406055229076,V72_plant_ensemble_noise_free,1.5,293,8.16324930870623,119.05722275840012,1.1464494216674892,0.7230542899403917,0.9837592551721112,0.07372433058523,3
1.1331492470387037,1.0310193609526124,0.8415081710900085,0.6483467071011533,0.9872530313114981,0.8705438837285707,0.14959435657971176,0.019245441346682417,2108,2253,2254,-0.0035899673925430943,0.02658316876175726,V72_plant_ensemble_noise_free,1.5,294,6.844253389196361,95.12968849779116,0.95953797095243,0.5567412448563919,0.9974996423545482,0.067229023169505,1
1.1629897080388538,1.0395598294055513,0.8353474965887082,0.6493472690126084,1.1515742027214664,0.9046988803930347,0.16978180474772886,0.023741047019578687,2119,2256,2256,-0.003161786255619709,0.027788984058684463,V72_plant_ensemble_noise_free,1.5,295,8.98162665059353,79.26118854596848,1.0429372605763647,0.5651335755983783,1.0037042805245853,0.2102840922960332,1
1.2125459816311615,1.0838744494730732,0.8778870478657308,0.6644964298510926,1.4989551005209087,1.2061401936765845,0.21317141288039698,0.04020060024648027,2140,2276,2277,-0.0031928911452873783,0.028898374358932388,V72_plant_ensemble_noise_free,1.5,296,10.025445385851436,86.91072668972097,1.6242986850635766,0.7292476730043858,0.8959396841490201,0.0539187277471563,2
1.2277692984944242,1.0828951837304133,0.8874320474411704,0.6724990072616007,1.6103922901509993,1.2914390831869715,0.22776929849442418,0.04304011848583998,2140,2279,2282,,0.024262701709318435,V72_plant_ensemble_noise_free,1.5,297,11.645377024372046,78.87651154969932,1.799167175343679,0.677927140916915,0.9052760936725128,0.0494532676353241,3
1.2254024354935686,1.0643290590242125,0.8605202242181753,0.6425764093060089,1.5635157138074858,1.1910573428389244,0.22540243549356864,0.03789524669032945,2138,2269,2271,-0.002833467646383403,0.025082197433548004,V72_plant_ensemble_noise_free,1.5,298,8.593786310032591,127.8403633418329,1.3408329567942938,0.912606081475782,0.9094733799013076,0.0824010420567332,3
1.1867262658475561,1.0943112447246754,0.8880134607435272,0.6893517684555642,1.2993330374964684,1.08584396749556,0.19476795874001973,0.03748822738989641,2147,2281,2282,,0.030299543954603436,V72_plant_ensemble_noise_free,1.5,299,6.08195559208929,95.36909980194685,1.7458949347800143,0.468904090526739,0.988223634481852,0.1116973316800973,1
1.1375206133823696,1.0373771163148306,0.8507511882718342,0.667190929903301,1.0848551485997484,0.836074882331369,0.16441376022481635,0.02321525467404092,2126,2264,2265,-0.00345936228549734,0.02922240609616078,V72_plant_ensemble_noise_free,1.5,300,5.007132854358841,84.89345946750325,1.0499966179275133,0.4493991577497154,0.8735636715535922,0.0629614142283776,2
1.1456484319354083,1.0188996630808225,0.8468172324737164,0.671475227861952,1.0597693394008991,0.8592740321007108,0.15420947747632474,0.019542529648308656,2099,2256,2256,-0.0026969134457932834,0.024582629577331705,V72_plant_ensemble_noise_free,1.5,301,11.803909244469938,120.46588082873392,0.8869255019930177,0.4111030372643501,0.9105822030962922,0.0866641920853444,1
1.2154795626999868,1.0620502241597616,0.8257548131869932,0.6112251631225892,1.5228829321759292,0.917350030130881,0.2154795626999868,0.03430780594426681,2129,2254,2256,-0.0030818400962801824,0.026930422282264388,V72_plant_ensemble_noise_free,1.5,302,11.180045859682036,107.18669229952113,0.8825310173801453,0.8672979377983729,0.8444844289413704,0.2372030335796799,2
1.1843006229027337,1.046971916174762,0.8500078261793169,0.6582766775888853,1.3069671538804313,0.8686353967980276,0.18430062290273375,0.028952023306183617,2129,2265,2266,-0.0031639838605129118,0.02876319063659194,V72_plant_ensemble_noise_free,1.5,303,9.006094825980533,137.9468244726868,0.9381676368750794,0.5665751654514557,0.8266365741682989,0.1572261254407258,2
1.2687796611637396,1.1253585390593643,0.9012757139850172,0.6607688716186166,1.8369423968067156,1.2165016845124064,0.26877966116373964,0.05533596663175638,2150,2282,2285,,0.027564788113460414,V72_plant_ensemble_noise_free,1.5,304,5.920671608557732,143.06471390241808,1.7640378292481789,0.9843665670900152,0.9373488896568596,0.1999985258935812,3
1.2118683050900005,1.054317379572635,0.8478685818822101,0.6389874762270645,1.4816557181130796,1.1402503422742023,0.21186830509000054,0.034330077091799874,2130,2263,2266,-0.003360645698264198,0.024302128048811378,V72_plant_ensemble_noise_free,1.5,305,9.307831858719233,124.62335308785995,1.2580388644356086,0.8772141355050047,0.9849441828802276,0.1471608232749683,3
1.2588536980155285,1.1299525383449056,0.9085451755257448,0.6756270017440277,1.7895465217639281,1.0895286016301071,0.2588536980155285,0.05553857291808108,2150,2285,2286,,0.026771788952524522,V72_plant_ensemble_noise_free,1.5,306,9.887092070056214,107.68480527264636,1.7533979142263831,0.6892068330306078,0.888031180069,0.2321540568343983,2
1.2394172224578477,1.0817155402971275,0.8686655954357874,0.6431923182631717,1.6604043067807472,1.051600205956818,0.2394172224578477,0.042873522213425996,2140,2272,2274,-0.0033358292795953454,0.02532876679781859,V72_plant_ensemble_noise_free,1.5,307,7.366572506783366,101.58167396065352,1.2561387308501897,0.8525186107376824,0.7644420339691133,0.0889772246872743,3
1.1909985648580572,1.0253126088266549,0.8086921764208486,0.6082454842467546,1.3761536198763713,1.0215046893236264,0.19099856485805722,0.026247470928767218,2119,2243,2245,-0.0033141199538994997,0.024323698102266755,V72_plant_ensemble_noise_free,1.5,308,11.728059936120996,77.07228488681895,0.9194824468863532,0.880063901694581,0.9321728014219288,0.153177939119582,3
1.1809198101707594,1.0784856878714906,0.8650841258138584,0.672211405652396,1.2559836724402316,0.994514185673874,0.18768560649071953,0.032909563439971555,2138,2273,2273,-0.0032156835246442803,0.030133753759208348,V72_plant_ensemble_noise_free,1.5,309,6.397190455799344,120.39627571428758,1.393893047783011,0.5854873578549283,1.0311347600308376,0.2103553248139884,1
1.200469077194065,1.0703672135871904,0.86116571169779,0.6593882367758884,1.4011418942015417,0.9771053136112353,0.20046907719406493,0.03514885219166537,2138,2270,2272,-0.002964013834760279,0.02933839709984487,V72_plant_ensemble_noise_free,1.5,310,7.78768736352869,127.8592693192382,1.2086143396182631,0.6596391927964111,0.9147449329832787,0.1968043537866008,2
1.173075863239587,1.051129968687994,0.8419448292567391,0.6408333983312025,1.2304098948923408,0.8609574548477162,0.17948461929016712,0.027270389717778367,2127,2261,2261,-0.0025737584027927403,0.02947266468092291,V72_plant_ensemble_noise_free,1.5,311,9.194103968697686,135.21567436399698,0.8686909719114859,0.6581429176519582,0.8184071585957576,0.1102316186804569,1
1.226347885963574,1.1035006370333131,0.8867812938858418,0.6672652656201636,1.5700120314751977,1.1974701745159924,0.2263478859635739,0.045503404080702844,2148,2279,2281,,0.028670420502818095,V72_plant_ensemble_noise_free,1.5,312,8.31491237637202,148.58629964187745,1.7016561489513706,0.8221476630568898,1.0286574699784572,0.1987440469992693,2
1.2537621463477224,0.9742633389678892,0.8414432593681753,0.6601092858437888,1.4647269487580512,1.1013816725170145,0.25376214634772243,0.022866918858044576,2066,2257,2260,-0.0029884057882682085,0.06766697684319034,V72_plant_ensemble_noise_free,1.5,313,5.065315020924507,110.86030901428296,1.0522811864612849,0.53539967779966,1.0861466065809426,0.2136931492913703,3
1.1486718362315291,1.026268314802011,0.8307488392784218,0.6325776959486402,1.0547333254661289,0.9090627780531062,0.15771232142932345,0.02036562552125578,2117,2250,2250,-0.0026803653577754647,0.024893802023667422,V72_plant_ensemble_noise_free,1.5,314,9.041915108453338,146.87618008555785,0.8480858720291675,0.7068329813179686,1.090114019937554,0.219090470300201,1
1.1899421760882873,1.0594203306211425,0.8679771561933385,0.6758961541101256,1.3458732314809116,1.0984631734887698,0.18994217608828734,0.03250712904403297,2138,2273,2274,-0.0031459785135798677,0.029271133551636686,V72_plant_ensemble_noise_free,1.5,315,10.233203402525618,100.96545599851588,1.4269590385271484,0.5207403797951125,0.935400849569087,0.0829818584554261,2
1.2096777677945,1.1012766861194188,0.8671263998013037,0.6421547152518404,1.4619770902272766,1.0243485027781256,0.21555755853802316,0.04122092173059416,2140,2271,2272,-0.0029481767132848026,0.02930594100985129,V72_plant_ensemble_noise_free,1.5,316,6.340074575784573,95.95130470310896,1.3224979723826322,0.9248875586010538,0.8007724867253154,0.073082678545571,1
1.1698769471906278,1.0584916186197373,0.8387494582912103,0.6371621094474759,1.1863697025201565,0.9564821474099374,0.17804106564060018,0.02746502192105037,2127,2260,2260,-0.002806208003173589,0.0302936554701021,V72_plant_ensemble_noise_free,1.5,317,6.906098580425224,144.42831081347057,1.0436643183138905,0.7985900597517732,1.0402772883374325,0.214278329360925,1
1.154608930908966,1.015225013794688,0.8469193837275567,0.6683730126804635,1.1158309494839758,0.9782301340542876,0.15587760775417925,0.021022054183180414,2099,2259,2261,-0.002455692799730707,0.026685254677241477,V72_plant_ensemble_noise_free,1.5,318,11.032630664952253,148.0092199476109,0.9857926634397136,0.5059103369340114,0.9534909375674536,0.0485427867170706,2
1.1732276121642142,1.0657955333354403,0.8592188991622991,0.6667914474746899,1.217707879762095,1.0876790084928634,0.1818228930728787,0.02995777209315921,2138,2269,2270,-0.0029255282954498817,0.03016593037601223,V72_plant_ensemble_noise_free,1.5,319,8.55820718265024,122.20604369304016,1.4168996790827584,0.6385609641723815,1.0620896462783838,0.1272973912645171,1
1.158955605638611,1.041781484341127,0.8459136251922089,0.6614946485546065,1.1351659254147635,0.9665441527784899,0.16859032763222426,0.024163387275922963,2119,2262,2262,-0.0026272258424623446,0.029273901676581615,V72_plant_ensemble_noise_free,1.5,320,9.778262617808773,80.45724276691912,1.1571791430272953,0.5148983817501158,0.9533878997972188,0.0779525658243336,1
1.2281801915814472,1.094895445804571,0.8691681494320229,0.6468406250266515,1.5889763695187067,1.1183011686221698,0.2281801915814472,0.04339166617210164,2140,2272,2274,-0.003368241137437346,0.02820919848889436,V72_plant_ensemble_noise_free,1.5,321,8.92775999247242,121.76759369712111,1.4232751266154924,0.9187348430894064,0.9270751237271434,0.1754095666578121,2
1.2456477414832023,1.1074869404103507,0.9096230050231258,0.6815860812260717,1.7162219045384437,1.0761808024047392,0.24564774148320234,0.05070391028913712,2150,2285,2288,,0.024424537699673454,V72_plant_ensemble_noise_free,1.5,322,9.018528947329692,132.44625912837824,1.5947626709372869,0.5975037541312842,0.7939962259076382,0.1260542006462584,3
1.1530519583000807,1.0442526047213918,0.8344573552711565,0.6290202679129594,1.150223069206028,0.9111262599413689,0.1744955822797305,0.025285895725573403,2126,2256,2258,-0.0033205288881484043,0.029155679124202916,V72_plant_ensemble_noise_free,1.5,323,5.170903933428559,118.9144166336491,0.9569177814461682,0.7735798459423695,0.9294286049297996,0.1043669856309938,2
1.1765296548353188,1.0678901538431238,0.8437671624555176,0.6369499846576576,1.2326691098654996,1.0821480637685927,0.1848956416479144,0.030060022641843435,2136,2262,2263,-0.003230075488447024,0.030199863477563538,V72_plant_ensemble_noise_free,1.5,324,7.244883693799649,145.89133319141803,1.2303653003816426,0.9161808519958154,1.0898865687097596,0.1668246323092599,1
1.176857210976618,1.0749345173427585,0.8823022333885158,0.6931035283847422,1.2507410494327615,1.0260018693188249,0.18607053630828685,0.033100130550391044,2140,2280,2280,-0.0026084162598706442,0.030106385145803216,V72_plant_ensemble_noise_free,1.5,325,8.558981900610737,139.3269399990164,1.4761456343288129,0.4317208041462185,0.894864002193511,0.0469658990037954,1
1.1706790734811574,1.0661152535879972,0.8618204079211551,0.6728868060780886,1.2097389051297278,0.9944378858512692,0.18445000516355115,0.031142769885812202,2137,2271,2273,-0.0033678409733203666,0.029197142412576094,V72_plant_ensemble_noise_free,1.5,326,5.089738408313585,117.37211485195677,1.375581557570766,0.5652102485737993,1.0443095878454205,0.2034619072272892,2
1.1530944159148886,1.0285391476401813,0.8475167300453565,0.6703564326292233,1.1068423364254656,0.7847197382225228,0.16120252783181255,0.021669949253109173,2119,2260,2260,-0.00202115434921541,0.02663094136704991,V72_plant_ensemble_noise_free,1.5,327,10.088499299349335,131.20764615108226,0.8165004380335978,0.4199263184143008,0.795299802309163,0.0813145779757107,1
1.1438546704596468,1.0394941190347444,0.8317906804422516,0.6268710765493584,1.0453270445492808,0.9553938539767073,0.1590747006963047,0.021478642522007912,2119,2252,2252,-0.003188548134840176,0.027161013775610643,V72_plant_ensemble_noise_free,1.5,328,6.261583920019222,110.61842886229282,0.9924589019067688,0.786281310283151,1.0381818811788015,0.0758721082576533,1
1.17927602085034,1.027899374039003,0.8377953011111677,0.6517974342374137,1.308399019151862,0.8809579993314703,0.1792760208503399,0.025443313298250003,2119,2258,2260,-0.002023745743307243,0.024825606854395277,V72_plant_ensemble_noise_free,1.5,329,11.847024103573611,136.1828686768655,0.8266985613291663,0.5477049160309649,0.811925339222515,0.12510461019435,3
1.197452982236637,1.0587103244759428,0.8497543540419372,0.6438520976489385,1.4029669359775605,1.1227601036303405,0.1974529822366371,0.03288889479313313,2138,2264,2266,-0.003211130834023926,0.028620777075857973,V72_plant_ensemble_noise_free,1.5,330,10.944823380241116,93.2849752742744,1.270409632029995,0.7843962515650356,0.8993616335413213,0.063712823581872,2
1.199574061813994,1.0977186015034712,0.8878581717710405,0.6748598302669322,1.3986169392578451,1.087911796691571,0.20632219489799386,0.04035247731372993,2147,2280,2281,,0.0295528520990489,V72_plant_ensemble_noise_free,1.5,331,7.888822372607599,95.28931554449272,1.6113460976735328,0.6077365246137253,0.8675815361216344,0.0578236363667558,1
1.2035825905903204,1.068697172429935,0.8642371983429136,0.6681187951465837,1.4305069864388473,0.9896178281073301,0.20358259059032036,0.03526439039941173,2138,2271,2273,-0.002869589583669167,0.028178746658031883,V72_plant_ensemble_noise_free,1.5,332,9.812715428103864,118.4909630073292,1.262646812590407,0.5770784594711583,0.919946785378589,0.2020733819750597,2
1.2374303238741922,1.069518353261787,0.8756514221138383,0.6773624290080282,1.605760840728729,1.296705705041489,0.23743032387419216,0.03841367491620671,2138,2276,2279,-0.0029464278293384032,0.030004396427814717,V72_plant_ensemble_noise_free,1.5,333,7.457023909520761,90.80671652273124,1.793024724672628,0.6082523354141559,1.093622816071208,0.1705616393243275,3
1.2186944233026669,1.0068462042864388,0.8296535783506614,0.6334815640846947,1.4540981742918806,0.9003379095252071,0.21869442330266686,0.024490369870104965,2099,2253,2255,-0.00352475176565392,0.03881449372442658,V72_plant_ensemble_noise_free,1.5,334,5.473259284775588,74.85845252870882,0.8321752880028053,0.5845769437281334,0.8003489771167365,0.1286589651731861,3
1.1968629303186191,1.0381605590850855,0.8505483433703099,0.6486197041640889,1.38208412240835,1.168715656004792,0.19686293031861912,0.03031279247707781,2129,2264,2267,-0.003305417176834115,0.025776387189370586,V72_plant_ensemble_noise_free,1.5,335,9.821935243819766,149.41429640625813,1.2390723368926877,0.794173907803738,0.9891722471676389,0.0737006970612008,3
1.1443793948697112,1.0218266828535452,0.81861616003343,0.6007060572781031,1.0457726647841101,0.9731425300822354,0.15729807806635399,0.019529950665789903,2099,2239,2240,-0.002938118116227304,0.02388664134379026,V72_plant_ensemble_noise_free,1.5,336,8.94688022688119,107.34804260055915,0.8330691211935759,0.8772327422610584,1.06878641000169,0.1019312760809753,1
1.2241040993899337,1.0841934802767292,0.8883973931779655,0.6849643123836149,1.5771842660772366,1.0721382568588176,0.2241040993899337,0.0422885902033535,2140,2280,2283,,0.024390301591161068,V72_plant_ensemble_noise_free,1.5,337,10.083262974844338,105.4771652460638,1.5656266082256365,0.4883804582306051,0.9002450311443908,0.1734190279789688,3
1.250220020625846,1.0707869922473952,0.8460264923311707,0.6344646999263012,1.6532840084874851,1.3020216779950462,0.25022002062584603,0.03206626079774514,2119,2263,2265,-0.003514599994447088,0.050585931016563945,V72_plant_ensemble_noise_free,1.5,338,5.786865015934543,139.635040243743,1.239795363402921,0.9490110832119052,1.0087221790213572,0.096718159558222,3
1.1843110496914526,1.0763607592844342,0.8779522146783627,0.6887487867120162,1.2957957683683112,0.9454052524134915,0.19012774624059525,0.03394513773949146,2140,2278,2278,-0.0031829063808892694,0.029626202691793502,V72_plant_ensemble_noise_free,1.5,339,8.402823938796542,128.75705069029738,1.3425142049844316,0.4333761394287689,0.8704860451190266,0.1217183457419514,1
1.212884041465847,1.0798837021294907,0.8648726176355526,0.6427995288855545,1.5006621507014617,1.0205513426534547,0.21288404146584705,0.039040090357712116,2140,2271,2272,-0.00282915421692052,0.028431214428294993,V72_plant_ensemble_noise_free,1.5,340,9.185334330928391,140.10513525342685,1.1412883449955982,0.8311165874240509,0.7894413529866658,0.0834348918220419,2
1.2525794292806234,1.1151727097098407,0.9144303293741073,0.686999270900231,1.7510219472099264,1.1370575595247008,0.2525794292806234,0.05301377174806902,2150,2287,2290,,0.024574107975399606,V72_plant_ensemble_noise_free,1.5,341,8.83059481029489,142.8161564516069,1.7878633903243069,0.5973707080933144,0.8884092944550166,0.1815670147902792,3
1.2357220813453322,1.100496863077285,0.8932484678284824,0.6845453886530415,1.6567074283642715,0.9293334466552344,0.23572208134533224,0.045734955019339205,2141,2281,2283,,0.02646388837155711,V72_plant_ensemble_noise_free,1.5,342,11.6250838205692,111.51043558392246,1.3631299091401383,0.4544736836970507,0.796189465300181,0.2276515734339991,2
1.2167834223355118,1.07555127994641,0.8485818497592179,0.6360236543256325,1.5152760017291758,1.1633319541906846,0.21678342233551184,0.03764458283173004,2138,2264,2266,-0.0033285421846567555,0.028160183963196417,V72_plant_ensemble_noise_free,1.5,343,10.337556252604516,115.27527320596906,1.358978243315208,0.9796232736407976,1.0319857975702382,0.2008853098479285,2
1.2212894256608657,1.0754531622698018,0.8809711877916568,0.670128465499737,1.5499160771051457,0.9923454770523051,0.22128942566086574,0.040443046095037405,2140,2277,2279,-0.002694372809142697,0.024376547041282004,V72_plant_ensemble_noise_free,1.5,344,8.210711537614626,142.32321122798376,1.260062356596662,0.6166152475855882,0.79004152475851,0.1138350897282054,3
1.2434454402014374,0.9704626694592214,0.8562129282509536,0.6810430592081019,1.4325350986222851,1.2125031730109217,0.24344544020143744,0.024300257700759574,2066,2267,2269,-0.003200215535107924,0.06858764536548168,V72_plant_ensemble_noise_free,1.5,345,6.15644971468706,112.68238695113295,1.2328792668813464,0.4342057673868084,0.9856693706578766,0.053391090071,3
1.2333250831246294,1.114619929297021,0.8786503959258956,0.6475677262316483,1.6163748709959673,1.1234880580104722,0.2333250831246294,0.04721070368700736,2147,2275,2276,-0.0036499053006695376,0.028094020938143283,V72_plant_ensemble_noise_free,1.5,346,9.388455329328078,124.40935129151592,1.50963645291773,0.9886089942990024,0.9079845023513484,0.164564717413169,1
1.1553912894985126,1.029197741328856,0.8125105601585825,0.608960623235616,1.1022888966206963,0.9781981931266692,0.1672275699092205,0.021048097437960465,2108,2237,2238,-0.0027412219885007555,0.0249849143631371,V72_plant_ensemble_noise_free,1.5,347,7.375580079330595,72.87987218126995,0.932239443243033,0.9588548357720844,1.0789885058781448,0.1635090273118373,1
1.2346052896410982,1.094995400375542,0.8932110398075694,0.6862967311045313,1.6395213992909368,1.0412883347005346,0.23460528964109817,0.04550293968915865,2140,2281,2284,,0.02438674289320053,V72_plant_ensemble_noise_free,1.5,348,9.35588527648562,84.60546126477772,1.6190070330077275,0.4610635074395311,0.8997502789010791,0.223357341658139,3
1.2083162766764042,1.0285222891098489,0.8259701125645105,0.61801841381943,1.4238992415121503,1.1325013272662126,0.20831627667640418,0.027838969583982597,2119,2253,2256,-0.0035501576361362773,0.026979538002870784,V72_plant_ensemble_noise_free,1.5,349,7.994251153651463,144.07697956114075,1.0290159138707389,0.9635762510316772,1.0720327833251555,0.1872782841914421,3
1.246293370776299,1.1240557098811184,0.8869757564896018,0.652290347606289,1.705497140121446,1.0405010978032896,0.24719410572677858,0.051948368414218175,2148,2278,2279,-0.0028043383169970215,0.028099355012565885,V72_plant_ensemble_noise_free,1.5,350,5.398250646152401,86.71975456447188,1.5197880835553734,0.9682073237320066,0.7993658203631505,0.1624521184371558,2
1.2140513999089353,1.0398703831252383,0.8486135783936068,0.6412064268350781,1.4773304407710488,1.410975453794049,0.2140513999089353,0.03194010103211718,2120,2263,2266,-0.003393774187163861,0.027164123478454982,V72_plant_ensemble_noise_free,1.5,351,10.061588505896117,124.45122817398588,1.500547146318071,0.9825776236049356,1.088996178396899,0.0438031491169791,3
1.228735763343846,1.1158041808023798,0.8993271339822534,0.6730961694918175,1.58794667957787,1.1117385653935297,0.23168100670357483,0.04909593405048091,2148,2283,2285,,0.02874917022678347,V72_plant_ensemble_noise_free,1.5,352,6.332476063827741,116.99480388606338,1.7157434688758708,0.7199260131253086,0.9070168058878538,0.1661835311380859,2
1.2056981947508558,1.0516134762648628,0.8323974718951781,0.610724013559027,1.4782236005037848,0.9779674729046062,0.20569819475085582,0.0328740481645291,2129,2257,2259,-0.0024064447411708528,0.024346426600589943,V72_plant_ensemble_noise_free,1.5,353,11.100451425810848,139.74985995696358,0.8351732725241997,0.9014887536372236,0.7756672375620907,0.0870930138740932,3
1.162905781419595,1.0492971782094622,0.8470329122692881,0.6618693580562325,1.1565730432285148,1.1008358901657467,0.17332404412058278,0.025703490749127755,2126,2263,2263,-0.0028282510783999124,0.03031333379737,V72_plant_ensemble_noise_free,1.5,354,9.662424633821232,71.16521650123565,1.3954520529828391,0.6067011829910016,1.072525654005713,0.0826291340241637,1
1.131258835734954,1.0298584736609198,0.8377540492951234,0.6331989594857114,0.974280416803852,0.8984300305849247,0.1477477660772719,0.01877676752810913,2108,2250,2250,-0.0029144418722479395,0.026672636822285156,V72_plant_ensemble_noise_free,1.5,355,7.079564310528119,144.03470019742247,0.8557174514633492,0.7041183358228509,1.058915599960131,0.0839926333031043,1
1.160404237129465,1.055253627492212,0.8547308955028985,0.671927608691561,1.127218125795977,1.006775443972431,0.1706979641522659,0.02629750389981131,2136,2267,2268,-0.0033951409946121106,0.03066510838302161,V72_plant_ensemble_noise_free,1.5,356,7.570078264133752,126.85002756208692,1.3037073658310252,0.5549654743074302,1.088547264412169,0.1641286304375057,1
1.1669795218131522,1.0683379366079548,0.8607442285584908,0.6667053619029548,1.1747158220237617,0.929672512484286,0.17872444783416053,0.02950290955533823,2138,2270,2271,-0.003035961577487526,0.030747067198651612,V72_plant_ensemble_noise_free,1.5,357,5.930296480733707,87.19501870753166,1.2581524954753864,0.5397505656775115,0.8860945835746717,0.073547210987299,1
1.2545527028375425,1.1266648407146604,0.901205106989927,0.6693661385733972,1.7586782156443128,1.1150252937333849,0.2545527028375425,0.05402255215209979,2150,2283,2284,,0.027585649160473347,V72_plant_ensemble_noise_free,1.5,358,8.143580195786306,82.05903509986474,1.7789932836170557,0.783266757603483,0.8766609990503877,0.1945732066781582,2
1.2003198208264079,1.102085269972828,0.8986570087434343,0.6936619799701231,1.3946988193585028,1.049282664178946,0.20535665755931753,0.04156604222376427,2148,2285,2285,,0.029558702703047723,V72_plant_ensemble_noise_free,1.5,359,7.350916354706706,145.4044884661462,1.6569073172916498,0.4817038984810776,0.9082647414246682,0.1220901097238317,1
1.1758414747957195,1.0563825439162722,0.86082568736961,0.6841468313803267,1.2433597327793833,0.9726202916945033,0.18006975851869256,0.02866532531132998,2138,2270,2271,-0.00255078116124421,0.0293318176157098,V72_plant_ensemble_noise_free,1.5,360,10.65971240238778,108.94871228946764,1.2930709577960289,0.4203713146201459,0.9869670073519008,0.1808895707020743,1
1.1972314830667576,1.0816229808580304,0.8820406294890778,0.6806399838232193,1.3984968030084142,0.9865158098950315,0.20125836527053598,0.03700252254441617,2140,2278,2279,-0.0025674600893889742,0.028774923563662957,V72_plant_ensemble_noise_free,1.5,361,10.786506167098402,91.9588956846967,1.3711227679034563,0.4576394835179035,0.7870064358806996,0.0579880309066978,1
1.2263188961942306,1.1006658019991944,0.878146363046858,0.6574355496300895,1.570120376160972,1.18404288660739,0.22631889619423062,0.04457408611834294,2141,2275,2277,-0.0034152624303559766,0.02866028707977608,V72_plant_ensemble_noise_free,1.5,362,8.152399738132656,135.7424483549031,1.6174899083493957,0.8978042929614218,1.0194791146843634,0.2009759524924567,2
1.1683703670644738,1.0417083859074117,0.8248166477767482,0.6204090298589442,1.1986342404957726,1.1437831209688585,0.1765916373505787,0.024868144509566606,2119,2251,2251,-0.0026882698606008624,0.02755162341492201,V72_plant_ensemble_noise_free,1.5,363,11.509863292068347,107.1332298445946,1.1318893029419024,0.941137451588774,1.095536020994115,0.0965610396746312,1
1.237245897827603,1.0913330746722936,0.8841085293292971,0.6610255532842273,1.660229471421286,1.3222888962625048,0.23724589782760308,0.0452916452295052,2140,2277,2280,-0.0025775515070781685,0.024402579140855973,V72_plant_ensemble_noise_free,1.5,364,10.9840486664894,133.98504386288087,1.7545371515462156,0.89738896133834,0.9944107821413696,0.1181787909834641,3
1.23065599770042,1.1004545681499902,0.8629351296463621,0.6426991606149528,1.605885700915626,0.9666015040479714,0.2306559977004199,0.04345595260350973,2140,2270,2270,-0.0026108700626143355,0.027769727603013772,V72_plant_ensemble_noise_free,1.5,365,9.74600696653592,82.51563583093281,1.2452077317154604,0.8390368063874598,0.7975883612901601,0.1774212875112565,1
1.193175867414491,1.083236792199737,0.8659840214001433,0.6553965416418185,1.3598825094541585,0.967203320850649,0.2005926607881927,0.03604339537885866,2140,2272,2272,-0.002840532264401216,0.029525580200515655,V72_plant_ensemble_noise_free,1.5,366,7.648061696882519,82.99186961783248,1.2633030618527177,0.6705041191120202,0.7861914859557454,0.0529558342205613,1
1.229339070512102,1.0802294085480004,0.8632555800240445,0.6505908431346887,1.6223142928708907,1.0421146196256803,0.2293390705121019,0.04102844669801639,2140,2270,2272,-0.0025899622363271453,0.024276509588146755,V72_plant_ensemble_noise_free,1.5,367,11.05009281871082,98.42781000811593,1.2852521279695486,0.7399456904625141,0.8606966307057475,0.1812047287888059,3
1.209030418986636,1.0816834313886643,0.8586842306041691,0.6539985370821761,1.4623106259922778,1.0127589990859893,0.2090304189866361,0.03710798880707329,2138,2269,2269,-0.002735912927803723,0.028190093303928077,V72_plant_ensemble_noise_free,1.5,368,11.121543050121993,102.27901025415386,1.2889621106097582,0.7002157831350722,0.9400043051637436,0.2169162880822377,1
1.1859451141780202,1.0035700090950699,0.8353448114515747,0.6425314763432382,1.2857446393658951,1.181404781355973,0.18594511417802018,0.02332455875525179,2099,2255,2258,-0.0029721096298833353,0.03256530827771331,V72_plant_ensemble_noise_free,1.5,369,9.485197076217188,107.60594566125448,1.1655270581745052,0.7210778428644886,1.066933438825654,0.0605499907495659,3
1.2057900723307147,1.0794165423793252,0.8465191781289978,0.6353601396446886,1.434928647642521,0.9538321555505187,0.2066036197469845,0.03594540143367444,2138,2263,2264,-0.0029951200647920905,0.028613877641282537,V72_plant_ensemble_noise_free,1.5,370,8.959909556737268,101.12994806685371,1.121402211794769,0.815701087755933,0.8906218031893657,0.209379049675182,1
1.2165518726324078,1.104569967754838,0.8936516600094296,0.6853448063663133,1.505422042535018,1.090553839095779,0.21655187263240783,0.04375673862090241,2148,2282,2283,,0.028495441769621488,V72_plant_ensemble_noise_free,1.5,371,9.875556565568658,92.91257571794893,1.7297096963290768,0.5102759458079399,0.9492395954024998,0.1795337851408038,1
1.2210665688405709,1.1029742186327853,0.8887705263672738,0.675244295432884,1.5430287188080594,1.1054946917158817,0.22106656884057085,0.04387146263790537,2148,2280,2281,,0.028072786257613114,V72_plant_ensemble_noise_free,1.5,372,11.469964240264924,115.31595181425746,1.6153915165790942,0.628695971210712,0.9286503352313964,0.1661401997292784,1
1.2298725919769575,1.0874278604732004,0.8828541165849382,0.666826672141511,1.6177883156490331,0.9568733826486044,0.22987259197695753,0.04352371815972755,2140,2277,2280,-0.0025313038655695014,0.024324320544602207,V72_plant_ensemble_noise_free,1.5,373,8.910273884169916,119.40143911320006,1.2552404473809888,0.6125830652506339,0.7622289234960552,0.1476790390347792,3
1.2270571701538568,1.1058834025808177,0.8585785834826816,0.6252694098774507,1.5664768274951477,0.8405654730549732,0.22705717015385685,0.04383848647379283,2140,2268,2268,-0.003294376270312665,0.02825672029463555,V72_plant_ensemble_noise_free,1.5,374,6.639342272723984,137.96478044347035,0.9463003269568746,0.9182693298359856,0.7530931156960309,0.2308345043730621,1
1.2448975526570296,1.1299282023367294,0.8986803322060758,0.6704592649308047,1.682902610061493,0.8881913969920422,0.24489755265702962,0.05232398387056574,2150,2282,2283,,0.027770094274041535,V72_plant_ensemble_noise_free,1.5,375,7.205282831233472,79.79293101737966,1.4303095761228717,0.6111951346369605,0.760226783103534,0.2357602411687194,1
1.1596158143615067,1.0353464216585673,0.8204825280932109,0.6173212633523479,1.1803090752173717,1.0430255126815298,0.17957322983310164,0.024067510887081308,2117,2248,2249,-0.002929716161115936,0.027954671078306403,V72_plant_ensemble_noise_free,1.5,376,6.536317027488625,93.93455363505996,1.0548752840545133,0.9337085636725486,1.088340713200706,0.1572111409327437,2
1.2402364039382558,1.107138164907497,0.8706044037754833,0.633996409356251,1.6699065732980345,0.9793107900014097,0.24023640393825585,0.04738071928275135,2140,2272,2273,-0.003023440003319332,0.028039518040989808,V72_plant_ensemble_noise_free,1.5,377,7.200066864027251,118.26930961941642,1.1904272088346153,0.9752617180410684,0.759330352043214,0.154205843819146,2
1.1555601317450612,1.0150434620039896,0.8178994499112229,0.6076295841865199,1.1280857992405542,0.9475437944732759,0.16744572750271458,0.020636853167862557,2099,2241,2242,-0.0034312325941434044,0.024232826032069776,V72_plant_ensemble_noise_free,1.5,378,8.046848536288527,85.25743378860962,0.8208203477726159,0.7871737222309212,0.9418501170444628,0.079425909517771,2
1.1680962015541394,1.0717297402828638,0.8575736060557854,0.6582544332388431,1.174230217096824,1.0037219090677252,0.17880622601614005,0.029839037548977987,2138,2269,2269,-0.003319356958803657,0.030862677428981078,V72_plant_ensemble_noise_free,1.5,379,5.563523704073526,145.6955658586603,1.2660424194215851,0.7168980240819354,1.0068148661839786,0.1202319757230174,1
1.1897428813065285,1.0928769682730868,0.8873023384320207,0.689813732661232,1.3191946320886545,0.9179548999849634,0.1962204738735327,0.03770494804103379,2147,2281,2282,,0.029968263479328572,V72_plant_ensemble_noise_free,1.5,380,5.877566532863209,133.62890714095016,1.399066921409761,0.4518929953904343,0.859472463363002,0.1499445261476676,1
1.2493077186306052,1.0947137748452511,0.8889214927566866,0.6670800426001062,1.694173690853271,1.2235945871261085,0.2493077186306052,0.044638228673393794,2138,2279,2282,,0.03413020820842383,V72_plant_ensemble_noise_free,1.5,381,5.673220430928248,130.1943836624184,1.5988157766301552,0.7634256734999496,0.9010475144795054,0.1137261694404543,3
1.2289291517448926,1.1115411852720558,0.8997754267291954,0.6792777864656799,1.6021527250940797,1.0592122798133672,0.2289291517448926,0.04724213358781338,2150,2283,2284,,0.02790920471328917,V72_plant_ensemble_noise_free,1.5,382,11.1402475166216,71.96869403095104,1.6477841056075355,0.5401786786125153,0.8027361326767621,0.1097240899400291,1
1.2421297383956809,1.0704486838072254,0.8569412309102438,0.656368439566955,1.6200659743023258,1.30062627122908,0.24543909183973112,0.03431089387329941,2127,2268,2270,-0.003030044962627192,0.04965199954957766,V72_plant_ensemble_noise_free,1.5,383,5.338438715897972,90.34430575842528,1.499010734143646,0.7721413183291039,1.0419323464682002,0.1397377703771524,3
1.2782644566198897,1.1512589064816003,0.9216518486657812,0.6689047282670703,1.9162767485522336,1.1057927997913632,0.27826445661988974,0.06332404451820305,2151,2287,2289,,0.026424363718111632,V72_plant_ensemble_noise_free,1.5,384,9.554613597226112,148.89006104648195,1.759428087406127,0.8912723310520245,0.8442696378519975,0.2206463288079423,2
1.2164381353805964,1.0743039982044778,0.8781293568950004,0.6876468901534365,1.5395026153042886,0.9879810763817012,0.21643813538059642,0.03844526652579812,2140,2276,2279,-0.0023995973222617414,0.0245278400546296,V72_plant_ensemble_noise_free,1.5,385,11.62848960687478,113.02367078242708,1.3667429700809808,0.4193866193458658,0.8858789227622764,0.2176775769338602,3
1.2374744170814356,1.0968710659743839,0.9075077884727836,0.6959768812711971,1.6474211784200916,1.1119198442135327,0.23747441708143557,0.04717713119978536,2141,2286,2289,,0.024771898694850636,V72_plant_ensemble_noise_free,1.5,386,8.420951777962973,92.76583111456594,1.797470851077899,0.4065684501226826,0.8890411660869546,0.1587014828457312,3
1.208982496984035,1.0884902212493832,0.8783803948878866,0.6623162083862648,1.4662552860080917,1.266788753311813,0.21419169628991863,0.04062438223619593,2140,2276,2278,-0.0033923192703770263,0.02951958835248769,V72_plant_ensemble_noise_free,1.5,387,8.727518475444075,135.83414740244675,1.6912586604163011,0.8482563677476698,1.0172764001334884,0.1015476958696832,2
1.1600423472725923,1.0573069502200603,0.8541121833183019,0.6634624563225132,1.1295834735838914,0.9528124658418061,0.17168225899831646,0.026684658460040655,2136,2267,2267,-0.0034980084393532018,0.0307728766337374,V72_plant_ensemble_noise_free,1.5,388,6.8654961356949045,136.12548329838015,1.1681198298324906,0.605475570011972,0.9775430118859008,0.1106810566168988,1
1.2017972655334905,1.088750455570414,0.86972268964759,0.6580176047190135,1.4178691106401926,1.3338100652190885,0.20744920039658155,0.03825981356970106,2140,2273,2274,-0.0033026056067184664,0.02917334193741472,V72_plant_ensemble_noise_free,1.5,389,10.967558643588694,99.3404489347812,1.7993736970033685,0.9155887332409666,1.0590375198161246,0.0644507598646714,1
1.1859851395105616,1.0356407409888555,0.8514616486201674,0.6616260271820226,1.3306553746035528,0.9079894360980876,0.18598513951056161,0.028795823606069148,2129,2265,2267,-0.003026220372745304,0.024308366745042775,V72_plant_ensemble_noise_free,1.5,390,8.987187468766788,73.20057981176586,1.0648597199086995,0.4783909900882127,0.7748587071598245,0.0594987260457497,3
1.1895245024898993,1.038156244473656,0.8380782055579221,0.6375354239963928,1.3507490822542003,0.8496394199353634,0.18952450248989927,0.02892238486880322,2120,2259,2262,-0.0027446633063717813,0.024119502702251827,V72_plant_ensemble_noise_free,1.5,391,8.509788602121876,129.7793693920083,0.8315550265172232,0.6537875815677598,0.7971865999028906,0.1576105037689634,3
1.1882516819703808,1.0502430909772196,0.8588705910171508,0.6845353088034701,1.335862093689177,0.9812756573666663,0.18825168197038078,0.029817468738637512,2138,2269,2271,-0.002431296876406774,0.0279357679039669,V72_plant_ensemble_noise_free,1.5,392,11.545812104259362,113.21157553616338,1.26882842983286,0.4160735220299265,0.9962901298134378,0.2359458036678871,2
1.2148470667578524,1.116181449935643,0.9038028819481712,0.6867579906096094,1.4855013882863146,1.0392855321570194,0.2171547205869464,0.04628881969176978,2150,2285,2286,,0.029152370626147395,V72_plant_ensemble_noise_free,1.5,393,6.737225980399963,130.71397641974357,1.6771099881852716,0.5544182113637928,0.8901323048554667,0.1567109355968337,1
1.2692875422754977,1.1205817849012623,0.885857478002158,0.6472564330518651,1.8825045566574405,1.0944483215484282,0.26928754227549767,0.053985535478951775,2141,2276,2279,-0.002596384908308799,0.023915317851452178,V72_plant_ensemble_noise_free,1.5,394,11.36178894372044,115.57529322146208,1.4582056028163404,0.9638544683468372,0.8287815501944932,0.2036122116904878,3
1.1851505683685108,1.0731155410319195,0.877121840399607,0.6909785396102259,1.3052903772170281,1.0301992353718386,0.1898214323809655,0.03343292139874718,2140,2277,2278,-0.003122957422124813,0.029351782124489967,V72_plant_ensemble_noise_free,1.5,395,10.196847490499326,148.19535616193832,1.4403237103010038,0.4536210844566339,0.9480307306220558,0.1266327551033207,1
1.1444354100301806,1.0226887608750714,0.8470028114171366,0.6728948336642123,1.0421921831659882,1.004495841924365,0.15417622432765388,0.019882663524191477,2117,2258,2258,-0.0025469615468934185,0.025271116541092042,V72_plant_ensemble_noise_free,1.5,396,11.973396419742762,85.23226443190595,1.1679120728803796,0.4240326153187436,1.0908373853995512,0.0968085493667929,1
1.205188706359785,1.0558742187990517,0.8560661489291506,0.6551236656664124,1.4671938758672503,1.000408007889912,0.20518870635978503,0.03425600390482041,2138,2267,2269,-0.0026616145685799935,0.024304222888886562,V72_plant_ensemble_noise_free,1.5,397,10.428062767327075,75.1250328993846,1.1914612179237718,0.6021575823951612,0.7993219805059033,0.0853621957429705,3
1.2312521239253884,1.1193086612957304,0.9069586625759328,0.6676058779275935,1.61931492501941,1.18241232990171,0.23661898324226605,0.05111166765536231,2150,2284,2286,,0.02884579000317422,V72_plant_ensemble_noise_free,1.5,398,7.159746828242004,126.07002264193495,1.738015607792324,0.8346869047652377,0.8180328652485942,0.0571160700086354,2
1.213677877015681,1.107893016744109,0.8980480226643642,0.6745410062080419,1.4956833479872549,1.1643173645220841,0.22257383427118627,0.04603028374134379,2148,2283,2285,,0.029077006535688676,V72_plant_ensemble_noise_free,1.5,399,6.266840811021766,146.17857559876393,1.7289077219528273,0.7432239359852657,0.9280689297097012,0.1119312234174805,2
1.2041116130342298,1.0789499530744848,0.8610556958937061,0.6546363835639426,1.4395398330453308,1.0752857808484801,0.20616575766322742,0.03640386240036103,2138,2269,2270,-0.002580346010726291,0.02841983373239554,V72_plant_ensemble_noise_free,1.5,400,11.78992764290374,88.96958329539382,1.3609571246985417,0.7111575230294621,0.9003479147867326,0.1172212875517482,1
1.239030244019661,1.1140157262596821,0.8909995936956415,0.6631240037268246,1.6540470156618357,1.200035759166087,0.239030244019661,0.04926473780246272,2148,2280,2282,,0.028133803994244477,V72_plant_ensemble_noise_free,1.5,401,8.559801520409135,145.68914897020238,1.723796376050689,0.8982241927431008,0.9975545078887532,0.2030690166336894,2
1.2466218351185878,1.090449512100416,0.8756225084197363,0.6550049150163844,1.6758022864744948,1.255758601372095,0.24662183511858782,0.043055456423497736,2138,2275,2277,-0.0035610187302246724,0.034875317822062435,V72_plant_ensemble_noise_free,1.5,402,5.691020570802678,145.41066080089792,1.550405274752169,0.9154888187455364,0.9947055308446592,0.1642262534364988,3
1.2098876095727027,1.091570008595298,0.8656847057510504,0.6553153191082097,1.4694980882714028,1.169227626027253,0.21900462225632022,0.04053561470059608,2140,2271,2273,-0.0030408570465248644,0.028822444546139137,V72_plant_ensemble_noise_free,1.5,403,5.948785226815181,77.63082479404406,1.6257496811855967,0.9384570401693022,0.9813679378555112,0.1420461313550798,2
1.2627951180317882,1.1117865149671204,0.8862455504227349,0.6539309564825583,1.8471424234276705,1.1131653238653751,0.26279511803178823,0.05177687336163323,2140,2277,2279,-0.0024566844554433994,0.02402248189357592,V72_plant_ensemble_noise_free,1.5,404,11.247656674640291,77.66810623411563,1.5193528509932963,0.8958533209134111,0.7687453412657396,0.1256977035196022,3
1.244028241144939,1.1448168831604,0.9170161683598856,0.6832023469211567,1.6661697641528161,0.9954729095861822,0.24402824114493904,0.056187653554815094,2151,2288,2289,,0.02835305813784461,V72_plant_ensemble_noise_free,1.5,405,5.424468004979971,95.59381706019776,1.7749243198753155,0.5956390347580313,0.8517593147936102,0.2293766717817013,1
1.1858839342263177,1.0471178901770937,0.8387115051664433,0.6446896917203006,1.305042724367947,1.0317227345291395,0.18588393422631766,0.028623006351213818,2120,2260,2261,-0.0026556980028756808,0.029583763155434317,V72_plant_ensemble_noise_free,1.5,406,9.025644787114318,107.298872162654,1.1630190391194797,0.7162320139785034,1.0467123151201625,0.2199675306111871,2
1.169487642026603,1.0341844873589219,0.8502516512441328,0.6782102605717834,1.1986843753910805,0.9943792603522585,0.17074196735900427,0.024950499116010286,2119,2264,2266,-0.003193767424719163,0.029732749442492157,V72_plant_ensemble_noise_free,1.5,407,9.27864014468796,73.75500708750587,1.268327088594248,0.4036144756712601,1.032784936541015,0.1751189452048432,2
1.2359818135802283,1.0889282414091612,0.8864977706066937,0.6781740009650247,1.6315870934473007,1.1581873022068232,0.2359818135802283,0.04409090451731602,2140,2279,2282,,0.024876897062166226,V72_plant_ensemble_noise_free,1.5,408,8.546636087443837,91.81629479229572,1.726802823360578,0.5927701541833272,0.9897357073274978,0.2065255083760397,3
1.170777556219575,1.062046748879632,0.8474196262898084,0.645045568074492,1.2061830595561067,0.9872616516828103,0.1814560317132352,0.02880293193441508,2136,2263,2264,-0.003189787970354677,0.03029334774658543,V72_plant_ensemble_noise_free,1.5,409,7.447973702086157,99.83225469680116,1.167772603230024,0.7219105894984084,0.9136905019853566,0.0699825402719048,1
1.2022953521501412,1.1011989644112603,0.8681510564599153,0.6472440105232067,1.3986086455836506,1.0089065999084217,0.20736937707078318,0.03986951460969534,2140,2272,2273,-0.0032810578218886183,0.02971982682347285,V72_plant_ensemble_noise_free,1.5,410,5.206659258917591,132.47465946620605,1.3171849854237836,0.8777018735464635,0.9031429501710014,0.1516225039816103,1
1.1965351644735436,1.0847310766758218,0.8628230131669087,0.6550110716915176,1.3765856374224683,1.055215623117937,0.2029059620110063,0.03637236458226414,2140,2270,2271,-0.002791928728344269,0.029462525312768273,V72_plant_ensemble_noise_free,1.5,411,7.863402068733372,79.32196071021234,1.4103980470111916,0.7553835523566196,0.8921873451021604,0.0936689225899522,1
1.2195312452019609,1.077749413423596,0.8771728298732913,0.6779436928098805,1.5502787732132868,1.1373219993131123,0.21953124520196088,0.03988858363779316,2140,2276,2279,-0.0026374426695845456,0.024412737407096374,V72_plant_ensemble_noise_free,1.5,412,11.576267389641153,130.66873418442373,1.5540124660546404,0.5893155241941855,1.0069531722696974,0.2088601537016196,3
1.1976342112858323,1.0886949869618359,0.8719789730251286,0.6603280660134556,1.384598817763587,1.224275671642264,0.20325104519199755,0.037758433101461375,2140,2274,2275,-0.0036190539245807,0.029379199733820416,V72_plant_ensemble_noise_free,1.5,413,9.663481085614876,129.45688175300404,1.634276876287997,0.8303195716119749,1.0313085053733766,0.0946624297191693,1
1.2409626866055874,1.1098867923677422,0.8992057284535002,0.671521489295381,1.6897764797378665,1.032633451585879,0.2409626866055874,0.0492500293840914,2150,2282,2284,,0.026977749472529622,V72_plant_ensemble_noise_free,1.5,414,10.736966610164536,110.03902563835828,1.47922647059975,0.6360978928027521,0.7695619783148037,0.1296314859445774,2
1.1897292578969985,1.0547555506838655,0.8529409086998438,0.6607379777458777,1.3324928523315178,1.024843636014153,0.18972925789699846,0.030809110245966897,2137,2266,2268,-0.003160242612369461,0.029162330954042304,V72_plant_ensemble_noise_free,1.5,415,9.367556296344569,147.74651771449564,1.1939782190723365,0.6592885151224483,1.0139112038960647,0.2097855932264881,2
1.1933555992609104,1.0653142599488614,0.8318802011642477,0.6274764146142295,1.3509415909109999,1.0670502986985864,0.19669584485561087,0.031409728697641116,2131,2257,2257,-0.0031787091360070442,0.0291294886371829,V72_plant_ensemble_noise_free,1.5,416,9.399566815790417,95.89550816899516,1.1975040084424022,0.9465190637817336,1.0420351955907603,0.2082986851114942,1
1.1427305557043974,1.0184472158106896,0.8396846536846234,0.6565921696121046,1.0271513077350365,0.9199265525646316,0.15160687757286673,0.018839752843167818,2099,2250,2250,-0.0022415169371864025,0.02331196060482421,V72_plant_ensemble_noise_free,1.5,417,11.122168938247071,77.30716500931032,0.9915353408672758,0.4690326676526528,1.0756962323645602,0.1641795415956833,1
1.1295214659487813,1.0332607677327668,0.8398188845293937,0.6405505484525968,0.9512586015669067,0.7902408070374036,0.1455557736920594,0.01858420070790969,2108,2250,2251,-0.003248931870079447,0.027681364872294223,V72_plant_ensemble_noise_free,1.5,418,5.233352023396017,109.07737171436388,0.8335276808021633,0.580633538732894,1.0189825948009053,0.164016344330043,1
1.1892723458917667,1.089323659634237,0.8719604492148455,0.6562139844300015,1.3284434230780968,1.1459738359991043,0.19849628726933477,0.0367781908199322,2140,2274,2275,-0.003757617848097025,0.030009365030074342,V72_plant_ensemble_noise_free,1.5,419,7.398966258856007,136.38986815298065,1.4923725312957965,0.8413672838259512,0.9401124146632396,0.0421909950804908,1
1.210267949229167,1.0584490997049127,0.8273945740359709,0.6167661670712867,1.4886616991569994,1.0514714435901433,0.21026794922916703,0.03336201578532553,2129,2255,2256,-0.0030505694927997567,0.02743357345974906,V72_plant_ensemble_noise_free,1.5,420,11.708621729371986,95.8804128579951,1.0577380867048207,0.9509723085328944,0.909906236682415,0.1675489571722938,2
1.244394693211139,1.074461544829262,0.8700936078876718,0.6523821458501485,1.6535798855074568,1.4546729729852603,0.24439469321113894,0.03878341535484497,2138,2273,2276,-0.003843729443603607,0.034450535306253194,V72_plant_ensemble_noise_free,1.5,421,7.57791904327381,135.4873784047806,1.6521383085367105,0.9649730811265672,1.008916680008903,0.0441932431589029,3
1.2429374747515332,1.0826730752016347,0.8817576832142227,0.6585064022263742,1.6627080394254488,1.163537180115069,0.24293747475153316,0.04296675446277294,2140,2277,2279,-0.002906403325957609,0.027939032540941877,V72_plant_ensemble_noise_free,1.5,422,6.95654963601023,133.69267025342975,1.4341556284338934,0.8028172615278923,0.8443360234724131,0.0842970739093832,3
1.2632920177145204,1.1352843077629573,0.9044802012057083,0.662568697886335,1.8148083800914279,1.0295890186388703,0.2632920177145204,0.057064858450313546,2150,2283,2284,,0.027114048702240545,V72_plant_ensemble_noise_free,1.5,423,7.972518507921444,118.30458676361076,1.5680272933455648,0.8365865640127182,0.8154687011347923,0.2177012230344752,2
1.220635161040093,1.0936844369447347,0.8979238475665834,0.6845266336234068,1.554801845169661,1.0610154577287636,0.22063516104009295,0.043749208650267504,2148,2283,2285,,0.02783119784110677,V72_plant_ensemble_noise_free,1.5,424,10.480574759894282,135.83142592956588,1.5054541406215918,0.5307138838540026,0.8074059830399071,0.093302938413809,2
1.187971615115826,0.9830140932489951,0.8221513046723298,0.6238765974099876,1.277497241552673,1.077211536454493,0.18797161511582594,0.02031688082266165,2099,2242,2245,-0.003781430482383362,0.03578669143337243,V72_plant_ensemble_noise_free,1.5,425,8.14289157279984,78.96123882250939,0.9553856167823092,0.7383106141864805,1.0729301990446405,0.1386108075169428,3
1.1680171605484768,1.0309228001378896,0.8185761055145587,0.6143705110585793,1.1864778600425379,0.986136850401587,0.17859918826715404,0.02379908895242645,2117,2247,2248,-0.003067417981187998,0.02770392164361235,V72_plant_ensemble_noise_free,1.5,426,7.341380960810272,103.11401514959032,0.944935541266404,0.857824680254259,1.0720497598351026,0.2242949010100316,2
1.2004488504725745,1.0593855698607406,0.8799703159007201,0.6889605707164055,1.4328939518261459,1.1456664516782453,0.20044885047257455,0.03521546055837194,2140,2277,2280,-0.0023651227820241072,0.024322964932867563,V72_plant_ensemble_noise_free,1.5,427,11.674968252675235,101.83059055137412,1.565014288634504,0.4288069372800562,0.9145079981872908,0.0658664749832029,3
1.190681699564823,1.0997733225249118,0.8944216545864648,0.692855594262638,1.3251717782428654,0.9877962269741476,0.198110852456286,0.03933037028362284,2147,2284,2284,,0.03020640956408638,V72_plant_ensemble_noise_free,1.5,428,5.453954743658692,112.9882196416983,1.5975618800905034,0.4342252687814062,0.8838528853644028,0.1115973307391703,1
1.1995618735156008,1.0899425663428233,0.8894615433196079,0.6787990364197487,1.405221154048557,1.0686252533989289,0.2104565298938661,0.040432919995639784,2148,2281,2282,,0.029868642637295606,V72_plant_ensemble_noise_free,1.5,429,6.64603957958456,136.65030189542415,1.5217892907669677,0.6014349285207485,0.872925760166108,0.0894726822531963,2
1.20536072137628,1.0962264391380534,0.8910276314364296,0.6770276897060244,1.4435082998353765,0.9509894937627892,0.21578899400485319,0.04238617646680757,2148,2281,2282,,0.02951963531822166,V72_plant_ensemble_noise_free,1.5,430,5.596851648252125,82.75205321213943,1.4295856843671997,0.5190552813839907,0.7632909966807621,0.0940558350173037,2
1.151729330219226,1.0341563946367485,0.8380866395173499,0.6422991805573808,1.0855404453934605,0.9673931527928439,0.16250866391958652,0.022135709274619428,2119,2256,2256,-0.0032652109227203816,0.0273206336392513,V72_plant_ensemble_noise_free,1.5,431,9.720020392496856,138.0908826107241,0.9678727746795938,0.6821849287062627,0.9982840247698264,0.0827827516703463,1
1.1817723717602098,1.0549691047127936,0.8471573323717378,0.6568362160098512,1.2853952750396345,0.9576825449757874,0.18443303707632652,0.028748567363591233,2131,2264,2264,-0.002763641968779602,0.02888800112882106,V72_plant_ensemble_noise_free,1.5,432,11.27254857640187,148.06464646799935,1.062031345255109,0.6363967083939356,0.97205579675565,0.2075864750747399,1
1.2424623040591631,1.0730420029051861,0.8616508678536534,0.6613505126551096,1.6305145780172328,1.1779155696666999,0.24246230405916314,0.037186763389050366,2128,2270,2273,-0.0032178023880036085,0.040603892869391034,V72_plant_ensemble_noise_free,1.5,433,5.355474937470346,83.31153365532442,1.4974684836304422,0.7076501916911624,1.0223341462555728,0.2110440047857729,3
1.1647205912879768,1.0406277605674987,0.853338484935669,0.6670276414906505,1.18652138125735,1.076550296284016,0.17705884447895448,0.0259973574582363,2120,2266,2267,-0.0033221612096533248,0.031516651500240966,V72_plant_ensemble_noise_free,1.5,434,8.524059134901137,117.80446004462966,1.2718965155196842,0.5714235543623823,1.0104741103143278,0.0707003236819789,2
1.1655984420212024,1.0408480406086886,0.8563532926545279,0.6756242705667439,1.1803889100114788,1.0705485791818117,0.17598015686730717,0.026058535723235233,2127,2267,2269,-0.003039741511772367,0.03141712014742115,V72_plant_ensemble_noise_free,1.5,435,8.555864597191054,134.02152556347772,1.2985606164776953,0.5296461900988492,1.0451903833832985,0.1070952369469161,2
1.2205865121603672,1.0816769820948677,0.8611518399935809,0.6358444523867814,1.5601865623763371,1.1086015536842169,0.22058651216036718,0.040089261328731335,2140,2269,2270,-0.0026663125102799556,0.027399274198927737,V72_plant_ensemble_noise_free,1.5,436,11.795473881461962,147.71828370954722,1.1950738650735937,0.9452623646071742,0.8452284677095033,0.0972836603492583,2
1.1620101997940955,1.0603620473900697,0.8652607435227908,0.6813301957511043,1.1457035819241932,0.8390027505612336,0.17348299318241245,0.027902651742763806,2138,2272,2273,-0.003132252116597882,0.030666126229746293,V72_plant_ensemble_noise_free,1.5,437,6.499341741302648,119.73339509756929,1.1118952065674446,0.4249579071989118,0.820499179400041,0.0776250903511955,1
1.2327854812932988,1.0619694364836532,0.8840399622664734,0.6910223869416848,1.5707757018828208,1.2393844270251342,0.2327854812932988,0.037004365544767034,2138,2280,2282,,0.030317371363141277,V72_plant_ensemble_noise_free,1.5,438,7.383145232810676,142.44850548796646,1.6742178439015194,0.4979945997527288,1.0138696298354062,0.126503078645846,3
1.1764673718072842,1.055233337849326,0.8199386068138722,0.6105086321939392,1.2312504735349863,0.9686701767622206,0.18390726070381258,0.027231627344939967,2120,2250,2251,-0.003051264539193335,0.02987100046214841,V72_plant_ensemble_noise_free,1.5,439,6.8374030787829,103.35718461588222,0.9841756356763982,0.964508563113385,1.026472264708636,0.2179121029788902,1
1.2423853090507466,1.0950641070208427,0.8762914474238559,0.6474675981912609,1.7027149643544133,1.183004221780001,0.24238530905074662,0.0462227301608542,2140,2274,2277,-0.0032657024261068925,0.024224940000203476,V72_plant_ensemble_noise_free,1.5,440,10.796034086410035,128.3777920746277,1.4696026074982411,0.9505961197005032,0.8818839273987618,0.1297153797022207,3
1.165490717977192,1.0584969803852573,0.8575086006771766,0.6595913303656034,1.2328439649882372,0.9277503513147505,0.18722224460854275,0.029787324075595763,2136,2268,2270,-0.0030885129905707967,0.0301866310251393,V72_plant_ensemble_noise_free,1.5,441,5.623911353139087,97.5953134840231,1.1664374173298668,0.5857706805621006,0.8483404023811005,0.0646181611860079,2
1.1827382546017897,1.0238691538648457,0.8347692731557943,0.6443260736453461,1.282953389157763,0.8150213288676126,0.18273825460178972,0.025574318666656444,2119,2257,2259,-0.0025363365605484147,0.024778940435389973,V72_plant_ensemble_noise_free,1.5,442,7.196407507843481,118.1635537904974,0.8298369607582816,0.5760146786720634,0.8620168086109888,0.2235462300299736,3
1.1820393926561674,1.0428807235569715,0.8484975686654609,0.6678322415867617,1.2902528009649818,0.9690487639140672,0.18203939265616742,0.027715639774149953,2120,2264,2266,-0.003130941680590482,0.0285293680963008,V72_plant_ensemble_noise_free,1.5,443,10.5654569398273,116.85439382392444,1.14242393808749,0.5194880388384021,0.990914335026823,0.2162792598899018,2
1.208728955150347,1.0963471594179404,0.8710918671574293,0.6575876058069553,1.455670110139807,1.164711452812436,0.21687822563007653,0.04147512241701712,2141,2273,2275,-0.0037054712009314135,0.02876788712408862,V72_plant_ensemble_noise_free,1.5,444,5.541875516494516,97.19395804752403,1.6602316662975731,0.8775866848376398,1.0308633625479664,0.1802389296211026,2
1.1750699388712265,1.0685131214867754,0.8596209696311458,0.6721822111700497,1.2214548479442078,0.9942946071354455,0.18242812828725952,0.030378291003550786,2138,2270,2271,-0.0029764546297211393,0.03016684270557679,V72_plant_ensemble_noise_free,1.5,445,7.234108532853883,99.64718491061232,1.3762037232018225,0.5400055879539191,1.0423528537672948,0.1997407668514915,1
1.212514860844404,1.1070562047693076,0.8941036917814065,0.6702115938204036,1.4941145866668697,1.1581520121639222,0.22359180721742145,0.04561628355639175,2148,2281,2283,,0.028896930551624234,V72_plant_ensemble_noise_free,1.5,446,5.932485045666834,91.813804462339,1.7541106296012994,0.7410098893696373,0.8743732813682149,0.0709672893072272,2
1.195096793271633,1.0792335487433864,0.8448550418638305,0.6316507034505018,1.3603063562460318,1.0808535212883976,0.20079492868589988,0.034477774660008266,2138,2263,2263,-0.0030329608487208643,0.02949091907085699,V72_plant_ensemble_noise_free,1.5,447,7.619797134831535,109.70441421751508,1.2690989230808487,0.9819668284461038,0.9857094237274888,0.1499761401893349,1
1.1816466156566447,1.033692538181665,0.8205306369316363,0.6224111988329661,1.2853416551952657,1.1061676650103793,0.18214275493710796,0.025771612426857857,2119,2249,2251,-0.002753652470568012,0.027528915216100347,V72_plant_ensemble_noise_free,1.5,448,10.237810478889449,86.78442199905948,1.105555725435691,0.8994861054248446,1.0722605218122498,0.1641914279895008,2
1.2067141629552147,1.0862729758975074,0.8485635436189956,0.6276283659398725,1.433564336734484,0.8581572751465225,0.2077213225933725,0.03733124944565312,2138,2264,2265,-0.0033414856626525226,0.028823825639084255,V72_plant_ensemble_noise_free,1.5,449,7.042032665397028,140.20654077091766,0.9298848834378656,0.854144946946384,0.8199533562122008,0.2299058179409805,1
1.2294211611354724,1.0911782129301553,0.8991326965076998,0.6900120733865232,1.633535187949152,0.9857745146784801,0.2294211611354724,0.044383789209876706,2140,2283,2286,,0.024465269293399317,V72_plant_ensemble_noise_free,1.5,450,11.476029008616162,141.51336986095575,1.380544226507726,0.4437880311658584,0.7525048142440633,0.1245777717027131,3
1.2396632179970761,1.057422051705861,0.8336859909536873,0.6341804737787903,1.5990794514897433,1.2826086815117113,0.24374208827438393,0.030373067186082146,2119,2257,2260,-0.002824356175470018,0.05192923513018144,V72_plant_ensemble_noise_free,1.5,451,5.210194349785648,89.97554419551791,1.2869036921336283,0.9463792361862756,1.0759395309537836,0.1644460993379971,3
1.1659469043151731,1.0583284037835765,0.8469663696983385,0.6463363692831972,1.2073746579723195,1.082026946498915,0.18337413528710855,0.029168455459731086,2127,2263,2265,-0.00351898822217258,0.02899190019902176,V72_plant_ensemble_noise_free,1.5,452,5.702298964592737,114.19022234551724,1.3123440925865488,0.8048769790801487,1.0614165226403032,0.1233173192912999,2
1.1697925070320072,1.0161139264597057,0.8353950772275801,0.6534554402833116,1.2210137446484572,0.9304416093439223,0.1725253635797812,0.02342932770554014,2119,2255,2258,-0.0026892605446067227,0.02436369112386294,V72_plant_ensemble_noise_free,1.5,453,9.816847438025384,73.36218800393888,1.0265208350603443,0.5099706392239802,0.9354194888216862,0.1383880843757932,3
1.1577777762624566,1.0513975099627149,0.8504597267016396,0.6565892441637253,1.1278186882342718,0.9453169461942015,0.1702217556444945,0.02563112554070627,2126,2264,2265,-0.0033246203212967955,0.0306764838145126,V72_plant_ensemble_noise_free,1.5,454,7.70447909926914,121.65253285621684,1.1007105846000231,0.6110032330282696,0.916295289809366,0.0511379221874788,1
1.2255059280783493,1.0677191547375982,0.8738223546161986,0.6742106136356256,1.5530672767085574,1.121187547068692,0.22550592807834935,0.03831659530068553,2139,2275,2278,-0.0033162535246818907,0.0254088169834632,V72_plant_ensemble_noise_free,1.5,455,7.833564331762712,78.05658267230135,1.5538944716088494,0.5593511365237773,0.9439387200202924,0.1547189407457659,3
1.2450390144029964,1.0942496047097243,0.8769148410672764,0.6492998796143248,1.7383508010079434,1.1670786313081773,0.24503901440299636,0.04647363432615069,2140,2274,2276,-0.0032867521553489086,0.0241492729114825,V72_plant_ensemble_noise_free,1.5,456,11.930338753194563,81.4545684310976,1.4605900974919623,0.9010018256119868,0.7637369128807505,0.0544122986043801,3
1.2122634301273871,1.0851911471015292,0.8941801939576953,0.6860859116361121,1.503746252117737,1.189306674863909,0.21226343012738713,0.04109829848850485,2140,2282,2284,,0.028231263200316103,V72_plant_ensemble_noise_free,1.5,457,11.622089600981216,81.01065725996645,1.7424040348802623,0.4770310323042127,0.8711569265770435,0.0438919599055327,2
1.2493212679000227,1.0972760963668886,0.900002759291855,0.6925841776511398,1.6865921592891997,1.1019780685788345,0.24932126790002274,0.04567558863757578,2140,2284,2287,,0.034642748937058876,V72_plant_ensemble_noise_free,1.5,458,5.1889331696207694,87.619575805717,1.7211717597028842,0.4285688090205024,0.914779671563512,0.2009150526840117,3
1.2569169448962991,1.150411983830134,0.9172443596952763,0.6702221603930629,1.7592920072234428,1.0738547426782197,0.2569169448962991,0.059363477177189775,2151,2287,2288,,0.02775589706868331,V72_plant_ensemble_noise_free,1.5,459,7.308372951400977,148.0473954122554,1.736927912707174,0.8587558108982958,0.8563028409217224,0.2052111494463307,1
1.2354826563210444,1.102941567819433,0.8835555225922352,0.6666714632607694,1.6355542399045804,0.954405564217708,0.23548265632104437,0.046070951619817856,2141,2277,2279,-0.0026942417662494133,0.02744287570554249,V72_plant_ensemble_noise_free,1.5,460,8.616897984635562,96.8451377748426,1.3724403094778423,0.6260589949639047,0.8297651716389022,0.2317420222414264,2
1.2696113312695572,1.1555552330177683,0.9228473609778891,0.6757427666086224,1.8473244618942974,1.016930625785491,0.26961133126955716,0.06229770837490589,2151,2288,2289,,0.02707185347018859,V72_plant_ensemble_noise_free,1.5,461,8.640224639139936,95.92941303966316,1.7718563671487768,0.7136692378448113,0.8015380061441988,0.2248743717067393,1
1.1706466633190356,1.0416969988158389,0.8344533977006061,0.6300590623268316,1.2183041200429905,1.0251506377256918,0.18243980611929245,0.026387512473491977,2120,2257,2258,-0.003038608216618508,0.031077579259870647,V72_plant_ensemble_noise_free,1.5,462,7.753327442316262,130.16632761268596,1.022324857260149,0.8173490946175603,0.9771428121086964,0.1110050630493068,2
1.1918259868634886,1.0699328765551501,0.8294668993741663,0.6067449694350644,1.3443811766300278,0.8532167285407557,0.19793233810347988,0.03226931479420875,2136,2256,2256,-0.0034763751030910425,0.029388052559924827,V72_plant_ensemble_noise_free,1.5,463,6.717973179350609,105.44701911455,0.8371283491292668,0.9016104698265558,0.766902464410147,0.12878418062576,1
1.244323459398378,1.1067497514545135,0.8948374414912094,0.6642884119658826,1.6840223703853265,1.2626004917688611,0.2546075096746081,0.048248628806285596,2148,2281,2284,,0.03461304769088813,V72_plant_ensemble_noise_free,1.5,464,5.163104335675868,130.8864161247232,1.7164915810852817,0.8653077457421213,0.904243591825284,0.1054134791802487,3
1.2087464399709136,1.0942758777093784,0.8749542938649937,0.6723387113552797,1.4476419710037487,1.0197066587412635,0.20944714694814182,0.03984087366197603,2140,2275,2276,-0.0035747838030888864,0.02882187142505499,V72_plant_ensemble_noise_free,1.5,465,8.44737739595651,77.33118681513676,1.5274194627239726,0.5781044114670617,0.9535813634606448,0.2165648978256381,1
1.2054159464170198,1.091085803439336,0.850201019608471,0.6224391548555382,1.4295425579821757,0.9587903792986091,0.20997044522881825,0.03822877108250033,2140,2265,2265,-0.00336412811251097,0.029204499364105185,V72_plant_ensemble_noise_free,1.5,466,6.596297213332611,129.7700300308481,1.058578094692781,0.9925881346367634,0.8249980646382431,0.1349839086800573,1
1.156011335294446,1.0104836176917364,0.8371750489739508,0.6582370661410328,1.115702945226654,0.8826676857130977,0.1560113352944461,0.020060800114792846,2099,2252,2253,-0.0028867484611833243,0.024705865874125266,V72_plant_ensemble_noise_free,1.5,467,10.2274517078094,104.36454624438872,0.9103354803708532,0.4754856334542635,1.031581333475592,0.236740077011092,2
1.1737715324696674,1.075638934711428,0.8534668062047512,0.6420349846118659,1.2189103659267935,1.2128269444497497,0.18504646977791617,0.031293228603766536,2138,2266,2267,-0.003627887689877402,0.030693269952047464,V72_plant_ensemble_noise_free,1.5,468,6.663348047316012,149.07067660929445,1.4527181497124233,0.9981774810893784,1.0940195953444394,0.0526325004207773,1
1.2326107440794634,1.030089314605175,0.8388449673071435,0.642534024962899,1.543409840180579,1.1451576226458284,0.23261074407946336,0.02788987333135374,2109,2259,2262,-0.002993345472069505,0.037664242160157846,V72_plant_ensemble_noise_free,1.5,469,6.367272599058145,83.97244866566729,1.1384143185212667,0.7081972755850106,0.9283163687880676,0.0929298158993882,3
1.2057402302230198,1.0585489152488585,0.8313472412073113,0.6128566327193602,1.4591636064370672,0.9894864726892219,0.2057402302230198,0.033070630345354075,2129,2257,2258,-0.0027612551206734415,0.02749323004871629,V72_plant_ensemble_noise_free,1.5,470,11.237639063712097,137.54026520048217,0.904291144951912,0.928888598794454,0.8646426056696416,0.1619171020307063,2
1.2139839399065064,1.1015869605050526,0.896295278859967,0.6810848962976346,1.5043397689628928,1.033234674765371,0.21609902974691342,0.04345286744626841,2148,2283,2283,,0.028509847414965872,V72_plant_ensemble_noise_free,1.5,471,10.27679921275864,87.23091024942804,1.549389848278515,0.5060678832656242,0.7865691656762289,0.0724637512001225,1
1.1923631148555314,1.0698627910787104,0.8455400034490854,0.6378384767207211,1.3515323457731412,1.157324101599814,0.1964974779960562,0.03276005733144501,2138,2263,2264,-0.0030689219869333025,0.029098034980903575,V72_plant_ensemble_noise_free,1.5,472,10.845127031208436,120.15796546722214,1.3306856621382597,0.9223898585085404,1.0543763365895469,0.1442946323217819,1
1.1647467612655322,1.0614004600223295,0.8541090494646689,0.662834216942803,1.1608973142174985,1.0057524614450333,0.17630620225436933,0.027906576293655547,2136,2267,2267,-0.0034292620169417212,0.030660864151851763,V72_plant_ensemble_noise_free,1.5,473,6.975471742487674,83.73348214261503,1.3263087063104415,0.5904229123316997,0.9845576487737489,0.0895203146926003,1
1.1872101927765228,1.025286352358203,0.8390837965443667,0.6423974908746666,1.3184239385116276,1.2205765134151934,0.18721019277652284,0.026829964044340817,2120,2259,2262,-0.002826228728483968,0.02656176785930331,V72_plant_ensemble_noise_free,1.5,474,10.641667034974985,129.4657312831245,1.263391202854646,0.8151827221956396,1.0875680822546907,0.0792740565667013,3
1.2142023582539108,1.0661296380951253,0.844477656227264,0.6494590197413327,1.5025168633337354,1.2076067087456321,0.21420235825391076,0.03528543439346223,2137,2262,2264,-0.0027768137894318523,0.02791969734388622,V72_plant_ensemble_noise_free,1.5,475,11.66890236527626,70.53479659293963,1.5038977308299448,0.9056375078799666,1.0890225296293432,0.2094971035850399,2
1.1959998884826692,1.0663970391483997,0.8658248275680336,0.665938674609396,1.378412540235415,0.8990127022084538,0.19599988848266925,0.034242211317122184,2138,2272,2273,-0.00293289934744999,0.029317645167553863,V72_plant_ensemble_noise_free,1.5,476,7.734641345522084,138.2060222990499,1.0821756700437777,0.5752498384333692,0.7997759398970216,0.1384699863791295,2
1.2498566868087417,1.0895547346595733,0.8736999778239978,0.6525929288725384,1.7124588877616227,1.1983241069962896,0.24985668680874173,0.044645327056610014,2140,2274,2276,-0.0036561660057230004,0.02735622289633377,V72_plant_ensemble_noise_free,1.5,477,7.052933859894989,95.04759933250536,1.5619335296417538,0.9116906769235276,0.912268174326182,0.1421899675245875,3
1.2491462042077586,1.0781374432093367,0.8762563564792554,0.6670917610023062,1.6627386366879378,1.1840255105380506,0.24914620420775857,0.03730826029139395,2129,2276,2278,-0.0034702200823844074,0.042397115439857025,V72_plant_ensemble_noise_free,1.5,478,5.686910336873929,129.17710640472353,1.3625519138585211,0.6556871557683428,0.8442595668534721,0.0550834098420355,3
1.1856169467914992,1.0518990336374943,0.8300743522631695,0.6216846415750782,1.3058656359492242,0.80710427951056,0.19340503237316908,0.029503698802248235,2127,2256,2257,-0.003407090134000633,0.030271602240035334,V72_plant_ensemble_noise_free,1.5,479,5.804175910239045,88.56425465877741,0.8305511074698392,0.7157055603339049,0.7748119612754953,0.174072272895686,2
1.213110388575602,1.1109574078264124,0.8946684941485421,0.6832105599765994,1.4698911226493494,0.8290036499351318,0.21435112590425764,0.04443044191396406,2148,2283,2283,,0.029064892431533318,V72_plant_ensemble_noise_free,1.5,480,5.567476100260327,113.11457401019324,1.2954457988592245,0.4731795381779615,0.7591466426907333,0.2076479825831987,1
1.222741532780176,1.0930517487175542,0.8838012925372043,0.673567507528918,1.552904133569166,0.95258002918167,0.22274153278017605,0.04279356028701613,2140,2278,2280,-0.0025902907200717647,0.027903874934739115,V72_plant_ensemble_noise_free,1.5,481,8.611341334571257,133.47199346034284,1.311304137986531,0.5887030416641059,0.8354555550129812,0.2063444891047998,2
1.1748072060832948,1.0399021509003092,0.810360277916651,0.5991329209517614,1.2298496947158504,0.9188816104597897,0.17966362232412103,0.024741002029560234,2119,2243,2244,-0.0037243997659485886,0.02597062005041506,V72_plant_ensemble_noise_free,1.5,482,9.05228078041868,99.57475168062771,0.8304729015501283,0.8982927520851458,0.9952214652924088,0.2399286219751928,1
1.1803527015745756,1.072313775963874,0.8457704254139474,0.6407047136883749,1.2536862668809625,0.9721750138860175,0.18766820722291744,0.031177878436703974,2136,2263,2264,-0.00334062684319497,0.030130537014868786,V72_plant_ensemble_noise_free,1.5,483,6.122697717825819,122.19134315374716,1.1604964215456413,0.8045838321896356,0.999213143039094,0.2002263321410186,1
1.239067235471118,1.0766250544137173,0.8549803459613348,0.6390469018191298,1.6300455324121803,1.207098297324289,0.2434637167318292,0.0383524499412585,2128,2266,2269,-0.0031645058977946045,0.037542118419121806,V72_plant_ensemble_noise_free,1.5,484,5.17311560984342,100.19630093089918,1.349740218582812,0.9634916421143606,0.9177538839768432,0.1198088989498842,3
1.1701151584210672,1.039473647930339,0.8490360638956869,0.6598671145274134,1.2082260705791852,1.1550932351785637,0.1764135848136661,0.02618639178572462,2120,2264,2265,-0.003152737850722085,0.030841630267897546,V72_plant_ensemble_noise_free,1.5,485,9.870208672481276,133.1506416692017,1.3029434884620033,0.6691795536784997,1.0842085306730485,0.0886775795803948,2
1.2154262613128846,1.0772826963392683,0.8596227694440168,0.6466724584013429,1.5154632878414653,1.2088240277897855,0.21542626131288456,0.03836731201123193,2138,2268,2270,-0.002679003499197296,0.02797253449866055,V72_plant_ensemble_noise_free,1.5,486,11.580123671815793,116.09802698149858,1.459217421023247,0.8980651762944208,0.993821301947591,0.1369001873713068,2
1.241717323464569,1.1097257025537102,0.894136846030587,0.66156528219252,1.6963363173765773,1.2580418227182408,0.2417173234645691,0.04929177654898378,2150,2280,2282,,0.02731090655628754,V72_plant_ensemble_noise_free,1.5,487,11.96198902865845,108.81705317242807,1.750203209934136,0.8791775432236627,0.8745602838823686,0.0832166404984872,2
1.165343798546981,1.0472833669049846,0.8625710892249383,0.6902042460856758,1.1816881540345143,0.9886085906516642,0.17897866073455182,0.02719479725658257,2127,2271,2273,-0.0031653528682457966,0.03140398830605551,V72_plant_ensemble_noise_free,1.5,488,7.1194689162812,148.28735717411516,1.3137614068956187,0.4292319533707659,1.047576629231488,0.187745661465888,2
1.1898634725084527,1.0661161290632375,0.8245842063479594,0.6262941921693057,1.3158875658889244,0.9522953402109444,0.19553300403853124,0.03034155731640707,2126,2253,2254,-0.003460618763304786,0.029789819228938086,V72_plant_ensemble_noise_free,1.5,489,5.769972408950716,72.13969991190541,1.0948578458057594,0.9623921732917086,0.9773611299024249,0.2369287227139229,1
1.192185956095958,1.0919972420109874,0.8914781450564203,0.6924450216318506,1.3438785926756478,0.9043712268191804,0.19841884225606687,0.03831361041992673,2147,2283,2283,,0.029726718882999048,V72_plant_ensemble_noise_free,1.5,490,6.765037537509196,130.320750741445,1.369280178959303,0.4173075320541811,0.7947484277296456,0.1081267210150654,1
1.200007290792468,1.058316878713596,0.8492074915182037,0.6496295127767899,1.420215816249046,1.0039914975220328,0.20000729079246793,0.032798183503231465,2138,2264,2266,-0.0031048761452740874,0.027874502873457274,V72_plant_ensemble_noise_free,1.5,491,11.048563123729355,85.59831094570734,1.1693902256893467,0.6505960093616979,0.8698350304680917,0.1354406497176708,2
1.2493185095999264,1.0932625472277437,0.9097897085965041,0.6979961994934147,1.6860817495524774,1.057323451851401,0.2493185095999264,0.04524555324283574,2140,2287,2290,,0.033754712847397395,V72_plant_ensemble_noise_free,1.5,492,5.364164930725071,149.7419578380813,1.529860939536554,0.4240153601836637,0.7704074435809842,0.093924395203989,3
1.1831575994805652,1.0444964104959187,0.8464946949046481,0.6568019374010513,1.300666463900931,1.1946370579155223,0.1831575994805652,0.028364905361714366,2120,2263,2265,-0.0030612399081164227,0.029047454575939824,V72_plant_ensemble_noise_free,1.5,493,11.96894749226058,98.45015742532476,1.3995051628324608,0.6813044104467672,1.0985793521049905,0.1228573307233797,2
1.1830681333006028,1.061725965693423,0.8644745215624485,0.6758498104589944,1.291120265908252,1.1114680707662794,0.19273505499197885,0.03189510377870199,2137,2272,2273,-0.003009214069040219,0.030582966378424503,V72_plant_ensemble_noise_free,1.5,494,7.941151623098833,75.63039290996716,1.5429228387528051,0.5216850103945857,1.0259095897123327,0.1302277791497232,2
1.2350522091561127,1.0566619575744367,0.8464324160337369,0.6349056517763695,1.594503746834262,1.2612620712423048,0.2350522091561127,0.03500837056987243,2129,2263,2266,-0.0035499444299582094,0.029924359279659196,V72_plant_ensemble_noise_free,1.5,495,7.292972174883596,113.05900829854455,1.35079887601717,0.9917077119780774,1.0154101618465448,0.1295106158647365,3
1.2556916936857558,1.1194001130552782,0.9213279853642986,0.685851618335595,1.780158585763105,1.1013509352088549,0.25569169368575584,0.05499957330716078,2151,2288,2291,,0.024464848465699518,V72_plant_ensemble_noise_free,1.5,496,8.904569278831879,123.68603044052465,1.7401249382998558,0.5743635724489343,0.7935684641866495,0.1315668045144,3
1.1746143808586802,1.0443679713064822,0.8504542185267383,0.6645765478179222,1.2304050086708003,0.9391081441054905,0.17955064380156927,0.0272960583792443,2127,2265,2266,-0.003331738506630547,0.030646463489816034,V72_plant_ensemble_noise_free,1.5,497,7.681840680560795,118.45288954424667,1.1066196558444032,0.5426865354004825,0.9491964283815418,0.1736967143114313,2
1.2011590530898617,1.0682575176408298,0.8675856107910415,0.6691239961930844,1.41776464734055,1.0887183434264518,0.2011590530898617,0.03519566937808559,2138,2272,2274,-0.0031878202744377473,0.028416432413622905,V72_plant_ensemble_noise_free,1.5,498,10.636842753677612,148.43918013878306,1.353082167810109,0.6461114941181574,0.9629139949770192,0.1517414392541985,2
1.1982506923144043,1.056928923149027,0.862086293523245,0.6840797199584369,1.415460452552288,0.8434006072395244,0.1982506923144043,0.032016731480938206,2138,2270,2271,-0.002079866121748274,0.027110623428215463,V72_plant_ensemble_noise_free,1.5,499,11.614433194156875,139.94261606836375,1.0286828069620113,0.4041903045573438,0.8200109138465527,0.2374271475993583,2
