tau_years,year,global_cooling_c,geomip_implied_injection_center_tgso2yr,geomip_implied_injection_low_tgso2yr,geomip_implied_injection_high_tgso2yr,geomip_precip_response_scale_center_mmday,geomip_precip_response_scale_low_mmday,geomip_precip_response_scale_high_mmday
0.67,2026,0.0,0.0,0.0,0.0,-0.0,-0.0,-0.0
0.67,2027,0.0,0.0,0.0,0.0,-0.0,-0.0,-0.0
0.67,2028,0.0,0.0,0.0,0.0,-0.0,-0.0,-0.0
0.67,2029,0.0,0.0,0.0,0.0,-0.0,-0.0,-0.0
0.67,2030,0.0,0.0,0.0,0.0,-0.0,-0.0,-0.0
0.67,2031,0.0,0.0,0.0,0.0,-0.0,-0.0,-0.0
0.67,2032,0.0,0.0,0.0,0.0,-0.0,-0.0,-0.0
0.67,2033,0.0,0.0,0.0,0.0,-0.0,-0.0,-0.0
0.67,2034,0.0,0.0,0.0,0.0,-0.0,-0.0,-0.0
0.67,2035,0.0,0.0,0.0,0.0,-0.0,-0.0,-0.0
0.67,2036,0.0,0.0,0.0,0.0,-0.0,-0.0,-0.0
0.67,2037,0.02064189170894304,0.18765356099039127,0.172015764241192,0.2064189170894304,-0.0016218629199883819,-0.0022116312545296113,-0.0010320945854471522
0.67,2038,0.05296160087643309,0.48146909887666445,0.44134667397027577,0.5296160087643309,-0.004161268640291172,-0.005674457236760688,-0.002648080043821655
0.67,2039,0.0843589933068063,0.7668999391527845,0.7029916108900525,0.843589933068063,-0.006628206616963353,-0.00903846356858639,-0.004217949665340315
0.67,2040,0.10933782540805059,0.9939802309822782,0.9111485450670883,1.093378254080506,-0.008590829139203976,-0.011714767008005422,-0.005466891270402531
0.67,2041,0.12717295028711817,1.1561177298828924,1.0597745857259848,1.2717295028711817,-0.009992160379702143,-0.013625673245048377,-0.00635864751435591
0.67,2042,0.14223984378792864,1.2930894889811695,1.185332031566072,1.4223984378792864,-0.011175987726194395,-0.015239983262992356,-0.007111992189396434
0.67,2043,0.15527439494868367,1.411585408624397,1.2939532912390306,1.5527439494868367,-0.01220013103168229,-0.016636542315930394,-0.007763719747434185
0.67,2044,0.16437119175795756,1.4942835614359777,1.3697599313163131,1.6437119175795756,-0.012914879352410953,-0.017611199116924027,-0.00821855958789788
0.67,2045,0.18553226072636098,1.6866569156941906,1.5461021727196749,1.8553226072636098,-0.014577534771356936,-0.01987845650639582,-0.00927661303631805
0.67,2046,0.20698644738666072,1.8816949762423703,1.724887061555506,2.069864473866607,-0.016263220866094774,-0.022177119362856507,-0.010349322369333037
0.67,2047,0.2346999109593444,2.133635554175858,1.95583259132787,2.346999109593444,-0.018440707289662777,-0.02514641903135833,-0.011734995547967222
0.67,2048,0.2560970070245441,2.328154609314037,2.1341417252045343,2.5609700702454408,-0.02012190769478561,-0.02743896503834401,-0.012804850351227207
0.67,2049,0.283086773056453,2.5735161186950273,2.3590564421371085,2.8308677305645302,-0.022242532168721314,-0.030330725684619968,-0.014154338652822654
0.67,2050,0.3064749192303844,2.7861356293671307,2.5539576602532033,3.064749192303844,-0.02408017222524449,-0.032836598488969755,-0.015323745961519223
0.67,2051,0.3257698904362414,2.9615444585112853,2.7147490869686783,3.257698904362414,-0.025596205677133256,-0.03490391683245444,-0.016288494521812073
0.67,2052,0.3459726585582452,3.145205986893138,2.883105487985377,3.459726585582452,-0.027183566029576414,-0.037068499131240565,-0.017298632927912266
0.67,2053,0.35736225367852126,3.2487477607138295,2.978018780654344,3.5736225367852126,-0.028078462789026676,-0.03828881289412728,-0.017868112683926067
0.67,2054,0.371406753733873,3.3764250339443,3.0950562811156086,3.71406753733873,-0.02918195922194717,-0.03979358075720068,-0.018570337686693653
0.67,2055,0.38538044919388836,3.503458629035349,3.211503743282403,3.8538044919388836,-0.030279892436662664,-0.0412907624136309,-0.01926902245969442
0.67,2056,0.4010642140117042,3.646038309197311,3.342201783430869,4.010642140117042,-0.031512188243776766,-0.042971165786968316,-0.020053210700585217
0.67,2057,0.41561297048669,3.7782997316971816,3.463441420722417,4.1561297048669,-0.03265530482395422,-0.04452996112357393,-0.020780648524334505
0.67,2058,0.4437669386942604,4.03424489722055,3.6980578224521703,4.437669386942604,-0.03486740232597761,-0.04754645771724219,-0.022188346934713027
0.67,2059,0.46305209758396715,4.20956452349061,3.858767479866393,4.630520975839671,-0.03638266481016885,-0.04961272474113934,-0.02315260487919836
0.67,2060,0.4762276733350552,4.329342484864139,3.9685639444587935,4.762276733350552,-0.03741788861918292,-0.051024393571613064,-0.023811383666752766
0.67,2061,0.49289336308275367,4.48084875529776,4.107444692356281,4.928933630827537,-0.038727335670787795,-0.0528100031874379,-0.024644668154137687
0.67,2062,0.4986876071298645,4.533523701180586,4.1557300594155375,4.986876071298645,-0.03918259770306079,-0.05343081504962834,-0.02493438035649323
0.67,2063,0.4977138526569471,4.524671387790429,4.147615438807893,4.977138526569471,-0.03910608842304585,-0.05332648421324434,-0.024885692632847362
0.67,2064,0.4995757279601609,4.541597526910554,4.163131066334675,4.995757279601609,-0.039252378625441224,-0.05352597085287439,-0.02497878639800805
0.67,2065,0.49744264797555626,4.522205890686875,4.145355399796302,4.974426479755563,-0.039084779483793713,-0.053297426568809605,-0.024872132398777818
0.67,2066,0.5020118676371255,4.563744251246595,4.183432230309379,5.020118676371254,-0.03944378960005986,-0.053786985818263446,-0.025100593381856277
0.67,2067,0.49614481094126006,4.510407372193273,4.1345400911771675,4.961448109412601,-0.038982806573956155,-0.053158372600849296,-0.024807240547063007
0.67,2068,0.49725377470537757,4.520488860957978,4.1437814558781465,4.972537747053775,-0.03906993944113681,-0.053277190147004744,-0.024862688735268885
0.67,2069,0.4954097403482949,4.503724912257226,4.128414502902458,4.954097403482948,-0.038925051027366035,-0.05307961503731731,-0.024770487017414747
0.67,2070,0.49496726267818647,4.499702387983513,4.124727188984887,4.949672626781864,-0.038890284924714656,-0.05303220671551998,-0.024748363133909327
0.67,2071,0.503151989477461,4.574108995249645,4.192933245645508,5.031519894774609,-0.03953337060180051,-0.053909141729727966,-0.025157599473873055
0.67,2072,0.5079305108842884,4.617550098948077,4.23275425736907,5.079305108842884,-0.0399088258551941,-0.05442112616617376,-0.025396525544214427
0.67,2073,0.5072870666049665,4.611700605499696,4.227392221708054,5.072870666049664,-0.03985826951896166,-0.054352185707674985,-0.025364353330248328
0.67,2074,0.5081136189213835,4.6192147174671225,4.234280157678196,5.081136189213835,-0.03992321291525157,-0.05444074488443395,-0.02540568094606918
0.67,2075,0.5041250220954001,4.582954746321819,4.201041850795001,5.041250220954001,-0.03960982316463858,-0.05401339522450716,-0.02520625110477001
0.67,2076,0.5027847971807526,4.570770883461388,4.189873309839606,5.027847971807526,-0.039504519778487714,-0.05386979969793779,-0.025139239859037637
0.67,2077,0.505296633039267,4.593605754902427,4.210805275327225,5.052966330392669,-0.039701878310228124,-0.054138924968492895,-0.025264831651963353
0.67,2078,0.5010799858632426,4.555272598756751,4.175666548860356,5.010799858632426,-0.03937057031782622,-0.05368714134249029,-0.025053999293162137
0.67,2079,0.496330745291899,4.51209768447181,4.136089544099159,4.96330745291899,-0.03899741570150636,-0.05317829413841776,-0.024816537264594957
0.67,2080,0.49692810003092625,4.51752818209933,4.141067500257719,4.9692810003092625,-0.03904435071671564,-0.05324229643188496,-0.024846405001546317
0.67,2081,0.4993279287190566,4.539344806536878,4.161066072658805,4.993279287190566,-0.03923290868506874,-0.053499420934184645,-0.024966396435952835
0.67,2082,0.50417895732682,4.583445066607455,4.201491311056834,5.0417895732682005,-0.03961406093282158,-0.05401917399930215,-0.025208947866341008
0.67,2083,0.505906562969112,4.599150572446472,4.2158880247426,5.059065629691119,-0.03974980137614452,-0.05420427460383343,-0.025295328148455604
0.67,2084,0.5043725211268713,4.585204737517011,4.203104342723927,5.043725211268712,-0.03962926951711132,-0.054039912977879065,-0.025218626056343566
0.67,2085,0.5014998559953063,4.55908959995733,4.179165466627553,5.014998559953063,-0.039403560113916936,-0.05373212742806854,-0.02507499279976532
0.67,2086,0.4955909501960991,4.505372274509992,4.129924584967493,4.955909501960991,-0.038939288943979224,-0.05309903037815348,-0.02477954750980496
0.67,2087,0.49033969833463,4.457633621223909,4.086164152788584,4.903396983346299,-0.03852669058343522,-0.05253639625013893,-0.024516984916731505
0.67,2088,0.4864628659761254,4.422389690692049,4.053857216467712,4.864628659761254,-0.03822208232669558,-0.05212102135458487,-0.024323143298806277
0.67,2089,0.4872625319980253,4.42965938180023,4.060521099983544,4.872625319980252,-0.038284913228416276,-0.052206699856931285,-0.02436312659990127
0.67,2090,0.4887982631552139,4.443620574138309,4.073318859626783,4.887982631552139,-0.03840557781933824,-0.05237124248091578,-0.0244399131577607
0.67,2091,0.4844673280288072,4.40424843662552,4.037227733573394,4.844673280288072,-0.03806529005940629,-0.051907213717372204,-0.024223366401440367
0.67,2092,0.48304378822039284,4.391307165639935,4.025364901836607,4.8304378822039284,-0.03795344050303087,-0.0517546915950421,-0.024152189411019646
0.67,2093,0.48850494340851025,4.440954030986457,4.070874528404253,4.8850494340851025,-0.03838253126781153,-0.05233981536519753,-0.024425247170425518
0.67,2094,0.4946180844530599,4.496528040482363,4.121817370442166,4.946180844530598,-0.03886284949274042,-0.05299479476282785,-0.024730904222652998
0.67,2095,0.4980443444849074,4.527675858953704,4.150369537374229,4.980443444849074,-0.03913205563809988,-0.05336189405195437,-0.024902217224245377
0.67,2096,0.4980222351823713,4.527474865294285,4.150185293186428,4.980222351823713,-0.039130318478614895,-0.05335952519811122,-0.02490111175911857
0.67,2097,0.4980983032954225,4.52816639359475,4.150819194128521,4.980983032954224,-0.039136295258926056,-0.053367675353080984,-0.02490491516477113
0.67,2098,0.4949494602019593,4.499540547290539,4.124578835016328,4.949494602019593,-0.03888888615872538,-0.053030299307352785,-0.02474747301009797
0.67,2099,0.4875947289332765,4.432679353938878,4.0632894077773045,4.875947289332765,-0.038311014416186014,-0.0522422923857082,-0.02437973644666383
0.67,2100,0.4747069366222565,4.315517605656877,3.9558911385188043,4.747069366222565,-0.0372984021631773,-0.05086145749524177,-0.02373534683111283
0.67,2101,0.47613062006757634,4.328460182432512,3.967755167229803,4.761306200675763,-0.03741026300530958,-0.051013995007240326,-0.02380653100337882
0.67,2102,0.47816041096528217,4.3469128269571105,3.9846700913773514,4.781604109652822,-0.0375697465758436,-0.051231472603423096,-0.023908020548264113
0.67,2103,0.4771199538163706,4.33745412560337,3.975999615136422,4.771199538163706,-0.03748799637128627,-0.051119995051754,-0.023855997690818535
0.67,2104,0.477094698290665,4.337224529915136,3.9757891524222084,4.77094698290665,-0.037486012008552255,-0.05111728910257125,-0.023854734914533254
0.67,2105,0.48095506176683345,4.37231874333485,4.007958848056946,4.809550617668334,-0.037789326281679775,-0.05153089947501787,-0.024047753088341676
0.67,2106,0.48370047563513885,4.397277051228535,4.030837296959491,4.837004756351388,-0.038005037371332345,-0.05182505096090774,-0.024185023781756947
0.67,2107,0.47905707945092657,4.355064358644787,3.9921423287577213,4.790570794509265,-0.037640199099715665,-0.05132754422688499,-0.023952853972546335
0.67,2108,0.47565871903591006,4.324170173053727,3.963822658632584,4.756587190359101,-0.037373185067107226,-0.050963434182418936,-0.02378293595179551
0.67,2109,0.46557083351921036,4.232462122901913,3.8797569459934196,4.655708335192103,-0.03658056549079511,-0.049882589305629686,-0.023278541675960523
0.67,2110,0.459050977158872,4.173190701444291,3.825424809657267,4.59050977158872,-0.036068291062482806,-0.049184033267022004,-0.022952548857943605
0.67,2111,0.45857252804986115,4.168841164089647,3.821437733748843,4.585725280498611,-0.036030698632489096,-0.049132770862485124,-0.02292862640249306
0.67,2112,0.460362484598295,4.185113496348136,3.836354038319125,4.603624845982949,-0.036171338075580324,-0.04932455192124589,-0.023018124229914755
0.67,2113,0.4579566490608178,4.163242264189253,3.8163054088401482,4.579566490608178,-0.03598230814049283,-0.049066783827944764,-0.022897832453040893
0.67,2114,0.45671208109298034,4.151928009936185,3.8059340091081695,4.567120810929803,-0.0358845206573056,-0.04893343725996218,-0.02283560405464902
0.67,2115,0.45283940209480633,4.116721837225512,3.773661684123386,4.528394020948063,-0.0355802387360205,-0.048518507367300685,-0.02264197010474032
0.67,2116,0.4534735242043304,4.122486583675731,3.778946035036087,4.534735242043304,-0.03563006261605454,-0.04858644902189255,-0.022673676210216525
0.67,2117,0.4472615931579049,4.0660144832536815,3.727179942982541,4.472615931579049,-0.03514198231954968,-0.0479208849812041,-0.02236307965789525
0.67,2118,0.4401280468671831,4.001164062428937,3.6677337238931926,4.401280468671831,-0.03458148939670725,-0.04715657645005534,-0.02200640234335916
0.67,2119,0.43809235843147887,3.9826578039225353,3.6507696535956575,4.380923584314789,-0.03442154244818763,-0.046938466974801314,-0.021904617921573947
0.67,2120,0.4273366105063465,3.884878277330423,3.561138420886221,4.273366105063465,-0.0335764479683558,-0.045786065411394274,-0.02136683052531733
0.67,2121,0.4178876886210394,3.7989789874639945,3.4823974051753286,4.178876886210394,-0.03283403267736739,-0.0447736809236828,-0.020894384431051974
0.67,2122,0.4251208595965281,3.8647350872411645,3.5426738299710676,4.251208595965281,-0.03340235325401293,-0.045548663528199446,-0.02125604297982641
0.67,2123,0.4215020875923423,3.8318371599303847,3.5125173966028527,4.215020875923423,-0.03311802116796976,-0.045160937956322394,-0.02107510437961712
0.67,2124,0.420454010169939,3.822309183363082,3.503783418082825,4.20454010169939,-0.03303567222763807,-0.04504864394677918,-0.021022700508496955
0.67,2125,0.41959187651643304,3.814471604694846,3.4965989709702754,4.19591876516433,-0.0329679331548626,-0.04495627248390354,-0.020979593825821655
0.67,2126,0.4221016646929767,3.837287860845243,3.517513872441473,4.221016646929767,-0.03316513079730532,-0.045225178359961794,-0.02110508323464884
0.67,2127,0.4113331645166991,3.7393924046972646,3.4277763709724924,4.113331645166991,-0.03231903435488351,-0.04407141048393205,-0.02056665822583496
0.67,2128,0.4025849940432942,3.659863582211765,3.354874950360785,4.025849940432941,-0.03163167810340169,-0.04313410650463866,-0.020129249702164714
0.67,2129,0.39873649492148666,3.6248772265589695,3.3228041243457223,3.9873649492148666,-0.031329296029545387,-0.04272176731301643,-0.019936824746074337
0.67,2130,0.39420307482309536,3.583664316573594,3.2850256235257946,3.9420307482309536,-0.030973098736100355,-0.04223604373104593,-0.01971015374115477
0.67,2131,0.3902542784668155,3.5477661678801407,3.2521189872234624,3.902542784668155,-0.030662836165249792,-0.041812958407158804,-0.019512713923340776
0.67,2132,0.3858625722446867,3.507841565860788,3.215521435372389,3.8586257224468667,-0.0303177735335111,-0.04134241845478786,-0.019293128612234336
0.67,2133,0.38519977502024494,3.5018161365476814,3.209998125168708,3.8519977502024494,-0.030265696608733534,-0.04127140446645482,-0.01925998875101225
0.67,2134,0.39293316952744517,3.5721197229767743,3.2744430793953767,3.9293316952744517,-0.030873320462870696,-0.042099982449369126,-0.019646658476372262
0.67,2135,0.392308118197114,3.5664374381555817,3.2692343183092833,3.9230811819711398,-0.030824209286916104,-0.0420330126639765,-0.019615405909855704
0.67,2136,0.39205926233885946,3.5641751121714496,3.2671605194904956,3.9205926233885946,-0.03080465632662468,-0.04200634953630637,-0.019602963116942977
0.67,2137,0.3881620548480387,3.528745953163988,3.2346837904003225,3.8816205484803867,-0.030498447166631616,-0.04158879159086129,-0.01940810274240194
0.67,2138,0.3845603544286076,3.496003222078251,3.2046696202383966,3.845603544286076,-0.0302154564193906,-0.04120289511735081,-0.019228017721430384
0.67,2139,0.38180020776556,3.4709109796869093,3.1816683980463334,3.8180020776556,-0.02999858775300829,-0.04090716511773858,-0.019090010388278005
0.67,2140,0.37980006999725724,3.452727909065975,3.1650005833104773,3.7980006999725724,-0.029841434071213074,-0.040692864642563276,-0.018990003499862865
0.67,2141,0.3783172371099357,3.4392476100903244,3.1526436425827975,3.783172371099357,-0.029724925772923523,-0.040533989690350256,-0.018915861855496787
0.67,2142,0.3771794239036259,3.4289038536693264,3.1431618658635494,3.771794239036259,-0.029635526163856327,-0.04041208113253135,-0.0188589711951813
0.67,2143,0.37630848099736425,3.4209861908851296,3.135904008311369,3.7630848099736425,-0.029567094935507195,-0.04031876582114617,-0.018815424049868214
0.67,2144,0.3755759204065996,3.4143265491509056,3.129799336721663,3.755759204065996,-0.029509536603375686,-0.04024027718642139,-0.018778796020329985
0.67,2145,0.37493592920796204,3.4085084473451093,3.1244660767330172,3.74935929207962,-0.02945925158062559,-0.04017170670085308,-0.018746796460398105
0.67,2146,0.37438526440014286,3.4035024036376624,3.119877203334524,3.7438526440014286,-0.02941598506001123,-0.04011270690001531,-0.018719263220007148
0.67,2147,0.37390176494722227,3.399106954065657,3.1158480412268523,3.7390176494722227,-0.029377995817281753,-0.04006090338720239,-0.018695088247361116
0.67,2148,0.373413705031181,3.394670045738009,3.1117808752598415,3.73413705031181,-0.02933964825244994,-0.04000861125334082,-0.018670685251559054
0.67,2149,0.3728810876570341,3.389828069609401,3.107342397141951,3.728810876570341,-0.029297799744481254,-0.0399515451061108,-0.01864405438285171
0.67,2150,0.37231357583955416,3.384668871268674,3.102613131996285,3.7231357583955416,-0.02925320953025069,-0.03989074026852366,-0.018615678791977713
0.67,2151,0.3716696588638184,3.3788150805801673,3.097247157198487,3.716696588638184,-0.029202616053585737,-0.03982174916398055,-0.018583482943190923
0.67,2152,0.3708903175646665,3.3717301596787865,3.090752646372221,3.708903175646665,-0.029141382094366657,-0.039738248310499984,-0.018544515878233327
0.67,2153,0.37001781217153984,3.363798292468544,3.0834817680961653,3.7001781217153984,-0.02907282809919242,-0.03964476558980784,-0.018500890608576997
0.67,2154,0.3691116693711556,3.355560630646869,3.0759305780929633,3.691116693711556,-0.029001631164876515,-0.03954767886119524,-0.018455583468557784
0.67,2155,0.3681571075460609,3.346882795873281,3.0679758962171744,3.681571075460609,-0.028926629878619076,-0.0394454043799351,-0.018407855377303047
0.67,2156,0.3671977431380147,3.338161301254679,3.0599811928167893,3.6719774313801468,-0.0288512512465583,-0.03934261533621586,-0.018359887156900737
0.67,2157,0.36625542462597815,3.329594769327074,3.0521285385498182,3.6625542462597815,-0.028777211934898288,-0.03924165263849766,-0.018312771231298913
0.67,2158,0.3652929485237024,3.3208449865791128,3.044107904364187,3.652929485237024,-0.028701588812576624,-0.03913853019896812,-0.018264647426185124
0.67,2159,0.3643272020180641,3.3120654728914922,3.036060016817201,3.6432720201806412,-0.02862570872999076,-0.0390350573590783,-0.01821636010090321
0.67,2160,0.3633283414975004,3.3029849227045487,3.0277361791458364,3.6332834149750037,-0.02854722683194646,-0.0389280365890179,-0.018166417074875024
0.67,2161,0.362240032733641,3.2930912066694638,3.0186669394470087,3.6224003273364103,-0.02846171685764323,-0.0388114320786044,-0.018112001636682053
0.67,2162,0.3610449043274977,3.2822264029772517,3.008707536062481,3.610449043274977,-0.02836781391144625,-0.038683382606517616,-0.018052245216374888
0.67,2163,0.35975336094788446,3.2704850995262222,2.997944674565704,3.5975336094788446,-0.02826633550304807,-0.03854500295870191,-0.017987668047394226
0.67,2164,0.3583761027734256,3.257964570667505,2.98646752311188,3.5837610277342558,-0.02815812236076916,-0.03839743958286703,-0.017918805138671282
0.67,2165,0.3569837081767031,3.245306437970028,2.9748642348058594,3.569837081767031,-0.028048719928169534,-0.038248254447503904,-0.01784918540883516
0.67,2166,0.35559549973424187,3.2326863612203804,2.9632958311186823,3.5559549973424187,-0.027939646407690436,-0.03809951782866877,-0.017779774986712096
0.67,2167,0.3542433120695374,3.2203937460867036,2.9520276005794783,3.542433120695374,-0.027833403091177943,-0.03795464057887901,-0.017712165603476875
0.67,2168,0.35294750101284067,3.208613645571279,2.9412291751070057,3.5294750101284067,-0.02773158936529463,-0.03781580367994722,-0.017647375050642036
0.67,2169,0.35168337214849754,3.1971215649863414,2.9306947679041464,3.5168337214849754,-0.02763226495452481,-0.03768036130162474,-0.017584168607424882
0.67,2170,0.3504228272717541,3.1856620661068558,2.9201902272646176,3.504228272717541,-0.027533222142780686,-0.03754530292197366,-0.01752114136358771
0.67,2171,0.3491306683647415,3.173915166952195,2.909422236372846,3.491306683647415,-0.027431695371515408,-0.037406857324793735,-0.017456533418237077
0.67,2172,0.34775081311942735,3.1613710283584306,2.8979234426618947,3.4775081311942735,-0.027323278173669297,-0.03725901569136722,-0.01738754065597137
0.67,2173,0.34629939294992584,3.1481762995447804,2.8858282745827153,3.4629939294992584,-0.027209238017494176,-0.03710350638749206,-0.017314969647496296
0.67,2174,0.34481762848878006,3.1347057135343643,2.8734802374065005,3.4481762848878006,-0.02709281366697558,-0.036944745909512154,-0.017240881424439008
0.67,2175,0.3432974937034713,3.1208863063951937,2.8608124475289274,3.4329749370347127,-0.02697337450527275,-0.03678187432537193,-0.017164874685173567
0.67,2176,0.34174629556212055,3.106784505110187,2.8478857963510045,3.4174629556212053,-0.026851494651309475,-0.03661567452451292,-0.01708731477810603
0.67,2177,0.3402090110571059,3.0928091914282354,2.835075092142549,3.402090110571059,-0.02673070801162975,-0.036450965470404204,-0.017010450552855296
0.67,2178,0.33868087885794407,3.078917080526764,2.822340657149534,3.3868087885794407,-0.02661064048169561,-0.03628723702049401,-0.016934043942897208
0.67,2179,0.33717939754971493,3.065267250451954,2.8098283129142914,3.371793975497149,-0.02649266695033475,-0.03612636402318375,-0.01685896987748575
0.67,2180,0.33567806395315525,3.0516187632105023,2.797317199609627,3.3567806395315523,-0.026374705024890775,-0.03596550685212378,-0.016783903197657764
0.67,2181,0.3341844185978122,3.0380401690710204,2.7848701549817685,3.3418441859781223,-0.026257347175542393,-0.03580547342119417,-0.016709220929890616
0.67,2182,0.33264349811943816,3.0240318010858016,2.7720291509953183,3.3264349811943816,-0.026136274852241573,-0.03564037479851123,-0.01663217490597191
0.67,2183,0.3310304282248573,3.0093675293168842,2.758586901873811,3.310304282248573,-0.02600953364623879,-0.03546754588123471,-0.01655152141124287
0.67,2184,0.329356258096422,2.9941478008765636,2.74463548413685,3.29356258096422,-0.025877991707576018,-0.03528817051033093,-0.016467812904821102
0.67,2185,0.32761224061534777,2.9782930965031618,2.730102005127898,3.2761224061534775,-0.025740961762634473,-0.03510131149450155,-0.01638061203076739
0.67,2186,0.32585167661306824,2.9622879692097115,2.7154306384422355,3.258516766130682,-0.025602631733883937,-0.03491267963711446,-0.016292583830653417
0.67,2187,0.3240414698867793,2.9458315444252663,2.7003455823898275,3.240414698867793,-0.025460401205389806,-0.03471872891644064,-0.016202073494338966
0.67,2188,0.3221639389519866,2.928763081381696,2.684699491266555,3.221639389519866,-0.025312880917656093,-0.03451756488771285,-0.016108196947599334
0.67,2189,0.3202745457011066,2.911586779100969,2.668954547509222,3.2027454570110656,-0.025164428590801237,-0.034315129896547135,-0.016013727285055332
0.67,2190,0.3183702074149575,2.8942746128632497,2.6530850617913124,3.1837020741495747,-0.025014802011175234,-0.034111093651602586,-0.015918510370747877
0.67,2191,0.3164638430558696,2.876944027780633,2.637198692132247,3.164638430558696,-0.024865016240104044,-0.0339068403274146,-0.015823192152793483
0.67,2192,0.31455664099418634,2.859605827219876,2.6213053416182195,3.145566409941863,-0.024715164649543216,-0.033702497249377114,-0.01572783204970932
0.67,2193,0.31265216839800125,2.8422924399818297,2.6054347366500106,3.1265216839800125,-0.024565527516985815,-0.033498446614071566,-0.015632608419900065
0.67,2194,0.3106894822960069,2.824449839054608,2.589079019133391,3.106894822960069,-0.024411316466114833,-0.03328815881742931,-0.015534474114800348
0.67,2195,0.3086949949660275,2.806318136054795,2.5724582913835623,3.0869499496602746,-0.024254606747330733,-0.03307446374636009,-0.015434749748301377
0.67,2196,0.30664915352808864,2.7877195775280783,2.555409612734072,3.0664915352808864,-0.024093862062921252,-0.03285526644943807,-0.015332457676404435
0.67,2197,0.3045601837543128,2.7687289432210256,2.53800153128594,3.045601837543128,-0.023929728723553152,-0.03263144825939066,-0.015228009187715644
0.67,2198,0.30244492691658675,2.7494993356053343,2.5203743909715564,3.0244492691658675,-0.023763529972017534,-0.032404813598205726,-0.01512224634582934
0.67,2199,0.30029426322713926,2.7299478475194476,2.502452193559494,3.0029426322713926,-0.023594549253560946,-0.03217438534576492,-0.015014713161356965
0.67,2200,0.2981703004747045,2.7106390952245865,2.484752503955871,2.981703004747045,-0.02342766646586964,-0.031946817908004056,-0.014908515023735228
0.67,2201,0.29605012495338556,2.6913647723035052,2.4670843746115465,2.9605012495338556,-0.02326108124633744,-0.0317196562450056,-0.014802506247669281
0.67,2202,0.2939357318312641,2.6721430166478553,2.449464431927201,2.939357318312641,-0.023094950358170753,-0.031493114124778294,-0.014696786591563208
0.67,2203,0.2918649255431003,2.6533175049372755,2.432207712859169,2.918649255431003,-0.022932244149815026,-0.03127124202247503,-0.014593246277155017
0.67,2204,0.2897804561724827,2.6343677833862067,2.414837134770689,2.897804561724827,-0.022768464413552215,-0.031047906018480294,-0.014489022808624139
0.67,2205,0.28764189354317926,2.614926304937993,2.397015779526494,2.8764189354317926,-0.022600434492678373,-0.03081877430819778,-0.014382094677158966
0.67,2206,0.2854074129167714,2.594612844697922,2.378395107639762,2.854074129167714,-0.022424868157746327,-0.030579365669654083,-0.014270370645838573
0.67,2207,0.28306776185674765,2.5733432896067967,2.358898015472897,2.8306776185674765,-0.022241038431601603,-0.030328688770365823,-0.014153388092837385
0.67,2208,0.2806601153018853,2.5514555936535026,2.3388342941823774,2.806601153018853,-0.02205186620229099,-0.030070726639487712,-0.014033005765094267
0.67,2209,0.2782078807807409,2.5291625525521897,2.318399006506174,2.782078807807409,-0.0218591906327725,-0.029807987226507952,-0.013910394039037047
0.67,2210,0.2757251837333472,2.5065925793940655,2.29770986444456,2.757251837333472,-0.021664121579048713,-0.02954198397143006,-0.013786259186667362
0.67,2211,0.27323174877886525,2.483924988898775,2.276931239823877,2.7323174877886522,-0.02146820883262513,-0.029274830226306992,-0.013661587438943265
0.67,2212,0.2706682132565059,2.46062012051369,2.2555684438042163,2.706682132565059,-0.021266788184439753,-0.029000165706054206,-0.013533410662825299
0.67,2213,0.26807332678896545,2.4370302435360496,2.2339443899080456,2.6807332678896545,-0.02106290424770443,-0.028722142155960587,-0.013403666339448275
0.67,2214,0.26547831290171775,2.4134392081974343,2.2123192741809814,2.6547831290171775,-0.020859010299420683,-0.028444104953755475,-0.01327391564508589
0.67,2215,0.2628769049966173,2.3897900454237937,2.190640874971811,2.628769049966173,-0.020654613964019936,-0.028165382678209,-0.013143845249830867
0.67,2216,0.2602618966543512,2.3660172423122834,2.16884913878626,2.6026189665435115,-0.02044914902284188,-0.0278852032129662,-0.013013094832717561
0.67,2217,0.2576407148751385,2.342188317046714,2.147005957292821,2.576407148751385,-0.020243199025903744,-0.027604362308050558,-0.012882035743756928
0.67,2218,0.25497155098873003,2.3179231908066367,2.1247629249060838,2.5497155098873003,-0.020033479006257363,-0.02731838046307822,-0.012748577549436504
0.67,2219,0.2522645500201006,2.293314091091824,2.1022045835008387,2.522645500201006,-0.01982078607300791,-0.027028344645010784,-0.012613227501005034
0.67,2220,0.24947274152849985,2.267934013895453,2.0789395127374988,2.4947274152849985,-0.01960142969152499,-0.026729222306624986,-0.012473637076424996
0.67,2221,0.24660198006129264,2.2418361823753874,2.055016500510772,2.4660198006129264,-0.01937586986195871,-0.026421640720852783,-0.012330099003064634
0.67,2222,0.24366339346476296,2.2151217587705725,2.0305282788730246,2.4366339346476296,-0.01914498091508852,-0.02610679215693889,-0.01218316967323815
0.67,2223,0.24069815774253567,2.1881650703866877,2.005817981187797,2.4069815774253565,-0.01891199810834209,-0.025789088329557393,-0.012034907887126786
0.67,2224,0.2377398127663023,2.161271025148203,1.9811651063858524,2.3773981276630227,-0.018679556717352327,-0.025472122796389534,-0.011886990638315118
0.67,2225,0.23480506631774778,2.1345915119795253,1.9567088859812316,2.3480506631774776,-0.01844896949639447,-0.02515768567690155,-0.011740253315887392
0.67,2226,0.2319056568328196,2.1082332439347238,1.9325471402734968,2.319056568328196,-0.018221158751150116,-0.024847034660659247,-0.011595282841640983
0.67,2227,0.2290167405898269,2.0819703689984266,1.9084728382485576,2.290167405898269,-0.017994172474914975,-0.0245375079203386,-0.011450837029491347
0.67,2228,0.22606996352208086,2.0551814865643716,1.8839163626840072,2.2606996352208086,-0.01776263999102064,-0.02422178180593724,-0.011303498176104045
0.67,2229,0.22307457016548915,2.0279506378680834,1.8589547513790763,2.2307457016548913,-0.017527287655859865,-0.02390084680344527,-0.011153728508274459
0.67,2230,0.21997795590190106,1.9997995991081914,1.8331496325158423,2.1997795590190106,-0.017283982249435087,-0.023569066703775114,-0.010998897795095055
0.67,2231,0.21678118745075903,1.970738067734173,1.806509895422992,2.1678118745075903,-0.017032807585416785,-0.023226555798295613,-0.010839059372537953
0.67,2232,0.2135354655054078,1.9412315045946165,1.7794622125450652,2.135354655054078,-0.0167777865754249,-0.02287879987557941,-0.010676773275270392
0.67,2233,0.21030676542418814,1.9118796856744376,1.7525563785349012,2.1030676542418814,-0.016524102997614785,-0.022532867724020158,-0.010515338271209408
0.67,2234,0.20707075886309412,1.8824614442099465,1.725589657192451,2.070707588630941,-0.01626984533924311,-0.022186152735331515,-0.010353537943154708
0.67,2235,0.20386687482902455,1.853335225718405,1.6988906235752046,2.0386687482902452,-0.016018111593709073,-0.02184287944596692,-0.010193343741451229
0.67,2236,0.20064163101314736,1.8240148273922487,1.672013591776228,2.0064163101314736,-0.015764699579604437,-0.021497317608551503,-0.01003208155065737
0.67,2237,0.19740818561986573,1.7946198692715065,1.6450682134988812,1.9740818561986573,-0.015510643155846595,-0.0211508770306999,-0.009870409280993288
0.67,2238,0.19413766453532433,1.7648878594120394,1.6178138711277028,1.9413766453532433,-0.0152536736420612,-0.02080046405735618,-0.009706883226766218
0.67,2239,0.19080451416388844,1.7345864923989858,1.5900376180324036,1.9080451416388844,-0.014991783255734093,-0.020443340803273764,-0.009540225708194424
0.67,2240,0.1874336275464331,1.7039420686039375,1.561946896220276,1.8743362754643311,-0.014726927878648318,-0.020082174379974976,-0.009371681377321658
0.67,2241,0.1839955372308666,1.6726867020987872,1.533296143590555,1.839955372308666,-0.014456792210996662,-0.019713807560449992,-0.009199776861543331
0.67,2242,0.18051190970067865,1.6410173609152605,1.5042659141723222,1.8051190970067865,-0.014183078619339038,-0.019340561753644143,-0.009025595485033934
0.67,2243,0.17697961619130964,1.6089056017391785,1.4748301349275803,1.7697961619130964,-0.01390554127217433,-0.018962101734783177,-0.008848980809565483
0.67,2244,0.1734505822590584,1.576823475082349,1.4454215188254869,1.734505822590584,-0.013628260034640306,-0.01858399095632769,-0.008672529112952921
0.67,2245,0.16993409608664467,1.544855418969497,1.4161174673887056,1.6993409608664467,-0.013351964692522084,-0.01820722458071193,-0.008496704804332235
0.67,2246,0.1664209042786985,1.5129173116245318,1.386840868989154,1.664209042786985,-0.013075928193326312,-0.017830811172717696,-0.008321045213934926
0.67,2247,0.16293459760918183,1.4812236146289257,1.3577883134098487,1.6293459760918183,-0.012802004097864288,-0.017457278315269484,-0.008146729880459093
0.67,2248,0.15943505130679503,1.4494095573345003,1.3286254275566254,1.5943505130679503,-0.012527039745533897,-0.01708232692572804,-0.007971752565339753
0.67,2249,0.15588343525995352,1.4171221387268502,1.2990286271662794,1.5588343525995352,-0.01224798419899635,-0.01670179663499502,-0.007794171762997677
0.67,2250,0.15225874047017096,1.3841703679106452,1.2688228372514248,1.5225874047017096,-0.01196318675122772,-0.01631343647894689,-0.0076129370235085495
0.67,2251,0.14856015990732663,1.3505469082484238,1.2380013325610553,1.4856015990732663,-0.011672583992718522,-0.01591715999007071,-0.007428007995366333
0.67,2252,0.14482167148149727,1.3165606498317934,1.2068472623458106,1.4482167148149727,-0.01137884561640336,-0.015516607658731852,-0.007241083574074865
0.67,2253,0.14100297511033344,1.2818452282757586,1.1750247925861121,1.4100297511033344,-0.011078805187240486,-0.015107461618964299,-0.0070501487555166735
0.67,2254,0.13715321879848685,1.2468474436226078,1.1429434899873905,1.3715321879848685,-0.010776324334166826,-0.014694987728409306,-0.006857660939924344
0.67,2255,0.13330466006346875,1.2118605460315341,1.110872167195573,1.3330466006346875,-0.010473937576415404,-0.014282642149657366,-0.0066652330031734385
0.67,2256,0.12943038450142508,1.1766398591038643,1.0785865375118757,1.2943038450142508,-0.010169530210826257,-0.013867541196581259,-0.006471519225071255
0.67,2257,0.1255516951442568,1.1413790467659708,1.04626412620214,1.255516951442568,-0.009864776047048749,-0.013451967336884658,-0.006277584757212841
0.67,2258,0.1216775060983517,1.106159146348652,1.0139792174862643,1.216775060983517,-0.009560375479156207,-0.013036875653394826,-0.006083875304917587
0.67,2259,0.11783660942352703,1.0712419038502456,0.9819717451960586,1.1783660942352703,-0.009258590740419983,-0.012625351009663612,-0.005891830471176353
0.67,2260,0.1139928447719798,1.03629858883618,0.9499403730998317,1.139928447719798,-0.008956580660655557,-0.012213519082712123,-0.005699642238598991
0.67,2261,0.11010598565492224,1.0009635059538387,0.9175498804576854,1.1010598565492224,-0.008651184587172463,-0.011797069891598812,-0.005505299282746113
0.67,2262,0.10612376350033037,0.9647614863666397,0.8843646958360865,1.0612376350033037,-0.008338295703597388,-0.011370403232178255,-0.005306188175016519
0.67,2263,0.1020767248825104,0.9279702262046401,0.85063937402092,1.020767248825104,-0.008020314097911534,-0.010936791951697545,-0.0051038362441255215
0.67,2264,0.09865599606940068,0.8968726915400062,0.822133300578339,0.9865599606940068,-0.007751542548310055,-0.010570285293150072,-0.004932799803470035
0.67,2265,0.09598131848578517,0.8725574407798652,0.7998443207148764,0.9598131848578517,-0.0075413893095974075,-0.010283712694905555,-0.00479906592428926
0.67,2266,0.09391410281256651,0.8537645710233319,0.7826175234380544,0.9391410281256651,-0.00737896522098737,-0.010062225301346412,-0.004695705140628326
0.67,2267,0.09230304225696095,0.8391185659723723,0.769192018808008,0.9230304225696095,-0.007252381891618362,-0.009889611670388675,-0.004615152112848049
0.67,2268,0.0910268970867184,0.8275172462428946,0.7585574757226534,0.9102689708671841,-0.007152113342527876,-0.00975288183071983,-0.004551344854335921
0.67,2269,0.08999508931102773,0.8181371755547976,0.7499590775918978,0.8999508931102773,-0.007071042731580751,-0.009642330997610115,-0.004499754465551387
0.67,2270,0.0891412858642533,0.8103753260386664,0.7428440488687775,0.891412858642533,-0.007003958175048474,-0.009550852056884282,-0.004457064293212665
0.67,2271,0.08841720075792969,0.8037927341629972,0.7368100063160808,0.8841720075792969,-0.006947065773837334,-0.009473271509778182,-0.004420860037896486
0.67,2272,0.08778774965653713,0.7980704514230648,0.7315645804711428,0.8778774965653713,-0.006897608901585061,-0.009405830320343265,-0.004389387482826857
0.67,2273,0.08722745453806291,0.7929768594369355,0.7268954544838576,0.8722745453806291,-0.006853585713704944,-0.009345798700506742,-0.004361372726903147
0.67,2274,0.08671781616642316,0.7883437833311197,0.7226484680535263,0.8671781616642316,-0.0068135426987903916,-0.009291194589259625,-0.0043358908083211585
0.67,2275,0.08624540270544956,0.7840491155040868,0.7187116892120797,0.8624540270544956,-0.006776424498285323,-0.009240578861298167,-0.004312270135272479
0.67,2276,0.08580046126392327,0.7800041933083933,0.7150038438660272,0.8580046126392327,-0.006741464813593972,-0.00919290656399178,-0.004290023063196164
0.67,2277,0.08537590974768672,0.7761446340698792,0.7114659145640561,0.8537590974768672,-0.0067081071944611005,-0.009147418901537863,-0.004268795487384337
0.67,2278,0.08496660494978292,0.772423681361663,0.7080550412481911,0.8496660494978292,-0.006675947531768659,-0.009103564816048171,-0.004248330247489147
0.67,2279,0.08456881121027049,0.7688073746388226,0.7047400934189207,0.8456881121027049,-0.006644692309378397,-0.009060944058243267,-0.004228440560513525
0.67,2280,0.0841798146874182,0.7652710426128927,0.701498455728485,0.841798146874182,-0.0066141282968685735,-0.009019265859366236,-0.0042089907343709106
0.67,2281,0.08379764333725837,0.7617967576114397,0.6983136944771531,0.8379764333725837,-0.006584100547927444,-0.00897831892899197,-0.004189882166862919
0.67,2282,0.08342086363253887,0.7583714875685351,0.6951738636044906,0.8342086363253887,-0.006554496428270912,-0.00893794967491488,-0.0041710431816269445
0.67,2283,0.08304843299074272,0.7549857544612975,0.692070274922856,0.8304843299074272,-0.006525234020701215,-0.008898046391865292,-0.004152421649537137
0.67,2284,0.08267959264413904,0.7516326604012641,0.6889966053678254,0.8267959264413904,-0.006496253707753783,-0.008858527783300613,-0.004133979632206953
0.67,2285,0.0823137898687365,0.7483071806248772,0.6859482489061375,0.823137898687365,-0.006467512061115011,-0.008819334628793196,-0.004115689493436826
0.67,2286,0.08195062152634103,0.7450056502394639,0.6829218460528419,0.8195062152634103,-0.006438977405641082,-0.00878042373496511,-0.004097531076317052
0.67,2287,0.08158979307886427,0.7417253916260388,0.679914942323869,0.8158979307886427,-0.006410626599053622,-0.00874176354416403,-0.004079489653943214
0.67,2288,0.08123108883471764,0.7384644439519785,0.6769257402893136,0.8123108883471764,-0.006382442694156386,-0.00870333094657689,-0.0040615544417358825
0.67,2289,0.08087435034913948,0.7352213668103589,0.6739529195761623,0.8087435034913948,-0.006354413241718103,-0.00866510896597923,-0.0040437175174569745
0.67,2290,0.08051946074387273,0.7319950976715702,0.6709955061989394,0.8051946074387273,-0.006326529058447144,-0.00862708507970065,-0.0040259730371936375
0.67,2291,0.08016633332399636,0.7287848483999669,0.6680527776999697,0.8016633332399636,-0.006298783332599716,-0.00858924999899961,-0.004008316666199819
0.67,2292,0.07981490331427576,0.7255900301297796,0.6651241942856314,0.7981490331427576,-0.006271170974693097,-0.008551596783672405,-0.003990745165713789
0.67,2293,0.07946512186013,0.7224101987284545,0.6622093488344166,0.7946512186013,-0.006243688146153072,-0.008514120199299643,-0.003973256093006501
0.67,2294,0.07911695167259714,0.7192450152054285,0.6593079306049762,0.7911695167259714,-0.006216331917132633,-0.008476816250635408,-0.003955847583629857
0.67,2295,0.07877036386676084,0.7160942169705531,0.6564196988896737,0.7877036386676084,-0.006189100018102639,-0.008439681842867234,-0.003938518193338043
0.67,2296,0.07842533566657106,0.7129575969688279,0.6535444638880922,0.7842533566657106,-0.006161990659516298,-0.008402714535704042,-0.003921266783328554
0.67,2297,0.07808184873862256,0.7098349885329324,0.6506820728218548,0.7808184873862256,-0.006135002400891773,-0.008365912364852417,-0.003904092436931129
0.67,2298,0.07773988798252729,0.7067262543866117,0.6478323998543941,0.7773988798252729,-0.006108134055770003,-0.008329273712413638,-0.003886994399126365
0.67,2299,0.07739944065274984,0.7036312786613622,0.6449953387729154,0.7739944065274984,-0.00608138462271606,-0.008292797212794627,-0.0038699720326374927
0.67,2300,0.07706049572106999,0.7005499611006363,0.6421707976755833,0.7706049572106999,-0.006054753235226929,-0.008256481684400357,-0.0038530247860535
1.0,2026,0.0,0.0,0.0,0.0,-0.0,-0.0,-0.0
1.0,2027,0.0,0.0,0.0,0.0,-0.0,-0.0,-0.0
1.0,2028,0.0,0.0,0.0,0.0,-0.0,-0.0,-0.0
1.0,2029,0.0,0.0,0.0,0.0,-0.0,-0.0,-0.0
1.0,2030,0.0,0.0,0.0,0.0,-0.0,-0.0,-0.0
1.0,2031,0.0,0.0,0.0,0.0,-0.0,-0.0,-0.0
1.0,2032,0.0,0.0,0.0,0.0,-0.0,-0.0,-0.0
1.0,2033,0.0,0.0,0.0,0.0,-0.0,-0.0,-0.0
1.0,2034,0.0,0.0,0.0,0.0,-0.0,-0.0,-0.0
1.0,2035,0.0,0.0,0.0,0.0,-0.0,-0.0,-0.0
1.0,2036,0.0,0.0,0.0,0.0,-0.0,-0.0,-0.0
1.0,2037,0.016832030485532057,0.15301845895938235,0.14026692071276714,0.16832030485532057,-0.0013225166810060904,-0.0018034318377355776,-0.000841601524276603
1.0,2038,0.04722784785269796,0.4293440713881633,0.393565398772483,0.4722784785269796,-0.003710759474140554,-0.00506012655564621,-0.0023613923926348985
1.0,2039,0.08011540229396918,0.7283218390360835,0.6676283524497433,0.8011540229396918,-0.006294781608811866,-0.00858379310292527,-0.00400577011469846
1.0,2040,0.10773046164096556,0.9793678330996869,0.8977538470080464,1.0773046164096556,-0.008464536271790153,-0.011542549461532025,-0.005386523082048279
1.0,2041,0.1274409258854421,1.1585538716858372,1.0620077157120176,1.274409258854421,-0.010013215605284738,-0.013654384916297368,-0.006372046294272106
1.0,2042,0.14262817756323432,1.2966197960294028,1.188568146360286,1.4262817756323432,-0.011206499665682698,-0.015281590453203677,-0.0071314088781617175
1.0,2043,0.15524408391590971,1.4113098537809974,1.2937006992992477,1.5524408391590971,-0.012197749450535766,-0.016633294705276042,-0.0077622041957954874
1.0,2044,0.1644786694675886,1.4952606315235328,1.3706555788965717,1.644786694675886,-0.012923324029596249,-0.017622714585813066,-0.008223933473379432
1.0,2045,0.18308692037397245,1.664426548854295,1.5257243364497706,1.8308692037397245,-0.01438540088652641,-0.01961645575435419,-0.009154346018698625
1.0,2046,0.20431115927079757,1.8573741751890689,1.702592993923313,2.0431115927079757,-0.01605301965699124,-0.0218904813504426,-0.01021555796353988
1.0,2047,0.2314279271930637,2.10389024720967,1.9285660599421977,2.314279271930637,-0.01818362285088358,-0.02479584934211397,-0.011571396359653187
1.0,2048,0.25450804542210403,2.3137095038373094,2.1209003785175335,2.5450804542210403,-0.01999706071173675,-0.027268719152368292,-0.012725402271105204
1.0,2049,0.28096292104875564,2.5542083731705056,2.341357675406297,2.8096292104875564,-0.022075658082402232,-0.030103170112366677,-0.014048146052437784
1.0,2050,0.3049519830501386,2.77229075500126,2.541266525417822,3.049519830501386,-0.023960512953939465,-0.03267342675537199,-0.015247599152506933
1.0,2051,0.3251069234251085,2.9555174856828046,2.709224361875904,3.251069234251085,-0.025544115411972813,-0.0348328846526902,-0.016255346171255427
1.0,2052,0.3450511428670804,3.1368285715189126,2.8754261905590033,3.450511428670804,-0.027111161225270606,-0.03696976530718719,-0.01725255714335402
1.0,2053,0.35778929267171433,3.2526299333792212,2.981577438930953,3.5778929267171433,-0.028112015852777558,-0.038334567071969396,-0.01788946463358572
1.0,2054,0.37119503498217443,3.3745003180197677,3.093291958184787,3.7119503498217443,-0.029165324177170854,-0.039770896605232975,-0.018559751749108726
1.0,2055,0.38471597404390145,3.4974179458536496,3.2059664503658456,3.8471597404390145,-0.030227683674877975,-0.04121956864756087,-0.019235798702195075
1.0,2056,0.3999181840968937,3.6356198554263064,3.332651534140781,3.9991818409689373,-0.03142214303618451,-0.04284837686752433,-0.01999590920484469
1.0,2057,0.41468383760044114,3.7698530690949195,3.455698646670343,4.146838376004411,-0.03258230152574895,-0.044430411171475837,-0.02073419188002206
1.0,2058,0.44044672703272614,4.004061154842965,3.6703893919393846,4.404467270327261,-0.03460652855257135,-0.047190720753506374,-0.02202233635163631
1.0,2059,0.4614001932181522,4.194547211074111,3.845001610151268,4.614001932181521,-0.03625287232428339,-0.049435734987659165,-0.023070009660907612
1.0,2060,0.4764091375285142,4.330992159350129,3.970076146070952,4.764091375285142,-0.037432146520097555,-0.05104383616376938,-0.023820456876425717
1.0,2061,0.49251857305395763,4.477441573217797,4.104321442116314,4.925185730539576,-0.038697887882810963,-0.05276984711292403,-0.024625928652697887
1.0,2062,0.4998953652998017,4.544503320907288,4.1657947108316815,4.998953652998017,-0.03927749298784157,-0.053560217710693046,-0.02499476826499009
1.0,2063,0.5000201910665885,4.545638100605349,4.166834925554904,5.000201910665885,-0.03928730072666053,-0.05357359189999163,-0.02500100955332943
1.0,2064,0.5008197066053306,4.552906423684823,4.173497555044422,5.008197066053306,-0.039350119804704556,-0.05365925427914257,-0.025040985330266535
1.0,2065,0.49871353049500766,4.533759368136433,4.155946087458397,4.987135304950076,-0.03918463453889347,-0.05343359255303654,-0.02493567652475039
1.0,2066,0.5018052368230863,4.561865789300785,4.181710306859053,5.018052368230863,-0.03942755432181393,-0.05376484680247354,-0.02509026184115432
1.0,2067,0.49767274247834825,4.524297658894075,4.147272853986236,4.9767274247834825,-0.03910285833758451,-0.0533220795512516,-0.024883637123917418
1.0,2068,0.49774919044619836,4.524992640419985,4.147909920384986,4.977491904461983,-0.03910886496362988,-0.05333027040494983,-0.02488745952230992
1.0,2069,0.496157059619746,4.510518723815872,4.134642163497883,4.961570596197459,-0.03898376897012291,-0.053159684959258505,-0.024807852980987304
1.0,2070,0.49551415753838657,4.504674159439878,4.129284646153222,4.955141575383865,-0.03893325523515895,-0.053090802593398566,-0.024775707876919333
1.0,2071,0.5020740726716173,4.564309751560157,4.183950605596811,5.0207407267161726,-0.039448677138484226,-0.05379365064338757,-0.02510370363358087
1.0,2072,0.5075005515846562,4.613641378042329,4.229171263205469,5.075005515846562,-0.03987504333879442,-0.05437505909835603,-0.025375027579232816
1.0,2073,0.5083231439613431,4.621119490557665,4.23602619967786,5.0832314396134315,-0.03993967559696268,-0.0544631939958582,-0.02541615719806716
1.0,2074,0.5090483306040212,4.6277120964001925,4.242069421700177,5.090483306040212,-0.039996654547458814,-0.054540892564716566,-0.025452416530201066
1.0,2075,0.5056695563261138,4.5969959666010345,4.213912969384282,5.056695563261138,-0.03973117942562323,-0.054178881034940764,-0.025283477816305692
1.0,2076,0.5036564875816754,4.578695341651594,4.197137396513962,5.036564875816754,-0.03957300973856021,-0.05396319509803665,-0.025182824379083774
1.0,2077,0.50514783168503,4.592253015318454,4.209565264041917,5.051478316850299,-0.03969018677525236,-0.05412298196625322,-0.025257391584251502
1.0,2078,0.5021229322635634,4.5647539296687585,4.184357768863029,5.021229322635634,-0.03945251610642284,-0.053798885599667515,-0.025106146613178174
1.0,2079,0.4977044215678723,4.524585650617021,4.147536846398936,4.977044215678723,-0.039105347408904256,-0.053325473739414896,-0.02488522107839362
1.0,2080,0.49715693313649556,4.51960848305905,4.14297444280413,4.971569331364956,-0.03906233046072466,-0.053266814264624526,-0.02485784665682478
1.0,2081,0.499009476362978,4.5364497851179815,4.158412303024817,4.99009476362978,-0.0392078874285197,-0.0534653010388905,-0.024950473818148904
1.0,2082,0.503554444430304,4.577767676639127,4.1962870369192,5.0355444443030395,-0.03956499206238103,-0.053952261903246854,-0.0251777222215152
1.0,2083,0.5059094395979211,4.5991767236174645,4.215911996649343,5.059094395979211,-0.039750027396979526,-0.05420458281406298,-0.02529547197989606
1.0,2084,0.5051015041246649,4.591831855678772,4.209179201038874,5.051015041246649,-0.03968654675265225,-0.054118018299071244,-0.02525507520623325
1.0,2085,0.5024013682750159,4.567285166136508,4.186678068958466,5.024013682750159,-0.0394743932216084,-0.053828718029466,-0.0251200684137508
1.0,2086,0.4968017656537047,4.516379687760952,4.1400147137808725,4.968017656537047,-0.03903442444421966,-0.05322876060575408,-0.02484008828268524
1.0,2087,0.4911996491796675,4.465451356178796,4.093330409830563,4.911996491796675,-0.03859425814983102,-0.052628533840678664,-0.02455998245898338
1.0,2088,0.48681835731719225,4.425621430156293,4.056819644309936,4.8681835731719225,-0.03825001378920797,-0.052159109712556315,-0.024340917865859617
1.0,2089,0.4866662399931816,4.42423854539256,4.05555199994318,4.8666623999318155,-0.038238061713749986,-0.05214281142784089,-0.024333311999659085
1.0,2090,0.48813217596587255,4.437565236053387,4.067768133048938,4.881321759658725,-0.03835324239731856,-0.05229987599634349,-0.024406608798293632
1.0,2091,0.48518973039001345,4.410815730818304,4.043247753250112,4.8518973039001345,-0.03812205024492964,-0.05198461397035859,-0.02425948651950068
1.0,2092,0.48347060084676774,4.395187280425161,4.028921673723064,4.834706008467677,-0.03798697578081747,-0.05180042151929655,-0.024173530042338392
1.0,2093,0.4874662728749266,4.431511571590242,4.062218940624389,4.874662728749266,-0.03830092144017281,-0.052228529236599285,-0.024373313643746335
1.0,2094,0.49338606327127477,4.485327847920679,4.111550527260623,4.933860632712747,-0.03876604782845731,-0.05286279249335087,-0.024669303163563742
1.0,2095,0.49764784938632944,4.52407135805754,4.147065411552745,4.976478493863294,-0.039100902451783034,-0.053319412434249584,-0.024882392469316478
1.0,2096,0.49856694701115334,4.532426791010485,4.154724558426278,4.985669470111533,-0.03917311726516205,-0.053417887179766435,-0.024928347350557673
1.0,2097,0.49862633299469095,4.532966663588099,4.155219441622425,4.986263329946909,-0.03917778330672572,-0.05342424996371689,-0.024931316649734553
1.0,2098,0.4958200435759985,4.5074549415999865,4.131833696466654,4.958200435759985,-0.03895728913811417,-0.05312357609742842,-0.02479100217879993
1.0,2099,0.48905852816453166,4.44598661967756,4.0754877347044305,4.890585281645317,-0.0384260272129275,-0.052399128017628395,-0.024452926408226588
1.0,2100,0.47695563501843696,4.335960318349427,3.9746302918203082,4.769556350184369,-0.03747508560859148,-0.051102389466261104,-0.023847781750921854
1.0,2101,0.4754229622985817,4.322026929987106,3.961858019154848,4.754229622985817,-0.03735466132346,-0.050938174531990905,-0.02377114811492909
1.0,2102,0.47689750407303744,4.335431855209431,3.974145867275312,4.768975040730374,-0.037470518177167234,-0.051096161150682586,-0.023844875203651878
1.0,2103,0.476894842371566,4.335407657923327,3.9741236864297167,4.76894842371566,-0.03747030904348019,-0.051095875968382075,-0.023844742118578306
1.0,2104,0.477171174594194,4.337919769038128,3.976426454951617,4.77171174594194,-0.03749202086097239,-0.05112548299223508,-0.023858558729709704
1.0,2105,0.4803920595643574,4.367200541494158,4.003267163036312,4.803920595643573,-0.03774509039434237,-0.051470577810466864,-0.024019602978217872
1.0,2106,0.4833182641891287,4.393802401719352,4.027652201576073,4.833182641891287,-0.03797500647200298,-0.05178409973454951,-0.02416591320945644
1.0,2107,0.48019410308890276,4.365400937171843,4.001617525740857,4.801941030889028,-0.037729536671270936,-0.05144936818809673,-0.024009705154445143
1.0,2108,0.47662381570842016,4.332943779167456,3.9718651309035016,4.766238157084201,-0.037449014091375875,-0.051066837397330735,-0.02383119078542101
1.0,2109,0.4673996968605141,4.249088153277401,3.8949974738376176,4.673996968605141,-0.036724261896183254,-0.0500785389493408,-0.023369984843025708
1.0,2110,0.45999066182135495,4.181733289285045,3.833255515177958,4.5999066182135495,-0.036142123428820755,-0.04928471376657375,-0.022999533091067753
1.0,2111,0.45800883314232177,4.163716664930198,3.8167402761860147,4.580088331423218,-0.03598640831832529,-0.049072374979534476,-0.02290044165711609
1.0,2112,0.45934237769718367,4.175839797247124,3.8278531474765307,4.593423776971837,-0.03609118681906444,-0.04921525475326968,-0.022967118884859188
1.0,2113,0.45809133103337163,4.164466645757924,3.8174277586114305,4.580913310333716,-0.0359928902954792,-0.04908121403928982,-0.022904566551668587
1.0,2114,0.45702197923729626,4.154745265793602,3.808516493644136,4.570219792372963,-0.03590886979721614,-0.04896664063256746,-0.022851098961864817
1.0,2115,0.45360628928621205,4.123693538965564,3.780052410718434,4.5360628928621205,-0.035640494158202383,-0.04860067385209415,-0.022680314464310607
1.0,2116,0.45333891626338674,4.1212628751216975,3.7778243021948894,4.533389162633867,-0.035619486277837537,-0.04857202674250573,-0.02266694581316934
1.0,2117,0.44822407701766864,4.07476433652426,3.7352006418139054,4.482240770176686,-0.03521760605138825,-0.048024008251893076,-0.022411203850883438
1.0,2118,0.441364474190201,4.012404310820009,3.6780372849183416,4.41364474190201,-0.03467863725780151,-0.04728905080609296,-0.022068223709510053
1.0,2119,0.43816905211572843,3.983355019233895,3.6514087676310703,4.381690521157284,-0.03442756838052152,-0.04694668415525662,-0.021908452605786426
1.0,2120,0.42880216518420244,3.8982015016745675,3.5733513765350207,4.288021651842024,-0.033691598693044486,-0.04594308912687883,-0.021440108259210125
1.0,2121,0.4192329571325253,3.8112087012047753,3.4936079761043777,4.192329571325253,-0.032939732346126994,-0.04491781683562771,-0.02096164785662627
1.0,2122,0.4231222602578786,3.8465660023443506,3.5260188354823216,4.231222602578786,-0.03324532044883332,-0.045334527884772706,-0.021156113012893933
1.0,2123,0.42139050406138523,3.8308227641944113,3.511587533844877,4.213905040613852,-0.03310925389053741,-0.045148982578005564,-0.021069525203069265
1.0,2124,0.42064487509315396,3.824044319028672,3.5053739591096162,4.206448750931539,-0.03305066875731925,-0.045069093759980784,-0.021032243754657703
1.0,2125,0.4198038006501399,3.8163981877285447,3.4983650054178326,4.198038006501399,-0.03298458433679671,-0.04497897864108642,-0.020990190032507
1.0,2126,0.4216506007687508,3.8331872797159168,3.513755006406257,4.216506007687508,-0.033129690060401853,-0.04517685008236616,-0.021082530038437547
1.0,2127,0.41327200204398484,3.757018200399862,3.4439333503665406,4.132720020439848,-0.032471371589170246,-0.04427914307614124,-0.020663600102199246
1.0,2128,0.40426606718659963,3.675146065332724,3.3688838932216636,4.042660671865996,-0.03176376242180426,-0.043314221484278534,-0.020213303359329984
1.0,2129,0.39896668717474637,3.6269698834067854,3.3247223931228866,3.9896668717474637,-0.03134738256373008,-0.04274643076872283,-0.019948334358737323
1.0,2130,0.39426047973587064,3.584186179417006,3.285503997798922,3.9426047973587064,-0.030977609122104125,-0.04224219425741471,-0.019713023986793535
1.0,2131,0.3903777063916245,3.5488882399238593,3.2531475532635374,3.903777063916245,-0.030672534073627643,-0.04182618282767406,-0.01951888531958123
1.0,2132,0.3862382744788819,3.5112570407171084,3.218652287324016,3.8623827447888193,-0.0303472929947693,-0.04138267226559449,-0.0193119137239441
1.0,2133,0.38498782482030225,3.4998893165482023,3.208231873502519,3.8498782482030225,-0.030249043378738037,-0.04124869551646096,-0.019249391241015115
1.0,2134,0.3911883896864867,3.55625808805897,3.2599032473873897,3.9118838968648673,-0.03073623061822396,-0.041913041752123584,-0.01955941948432434
1.0,2135,0.39231136756533225,3.5664669778666567,3.269261396377769,3.9231136756533225,-0.030824464594418968,-0.04203336081057132,-0.019615568378266616
1.0,2136,0.39251380611919084,3.5683073283562803,3.2709483843265903,3.9251380611919084,-0.03084037048079357,-0.04205505065562759,-0.019625690305959547
1.0,2137,0.3893672699898407,3.5397024544530975,3.2447272499153397,3.8936726998984073,-0.03059314264205892,-0.04171792178462579,-0.01946836349949204
1.0,2138,0.38591982549474557,3.5083620499522326,3.2159985457895464,3.8591982549474557,-0.030322272003158585,-0.041348552731579884,-0.019295991274737283
1.0,2139,0.3830088809946084,3.4818989181328037,3.19174067495507,3.830088809946084,-0.030093554935290662,-0.0410366658208509,-0.019150444049730424
1.0,2140,0.38077211007056566,3.4615646370051425,3.1731009172547138,3.8077211007056566,-0.029917808648401593,-0.0407970117932749,-0.019038605503528285
1.0,2141,0.3790746414022247,3.446133103656588,3.1589553450185393,3.7907464140222467,-0.0297844361101748,-0.040615140150238364,-0.018953732070111237
1.0,2142,0.3777689552952189,3.4342632299565357,3.148074627460158,3.777689552952189,-0.02968184648748149,-0.04047524521020203,-0.018888447764760948
1.0,2143,0.3767671471110742,3.425155882827947,3.1397262259256182,3.7676714711107415,-0.02960313298729869,-0.040367908619043665,-0.01883835735555371
1.0,2144,0.3759452594743876,3.4176841770398876,3.1328771622865634,3.759452594743876,-0.029538556101559033,-0.04027984922939867,-0.018797262973719385
1.0,2145,0.37524294156143423,3.411299468740311,3.127024513011952,3.7524294156143423,-0.02948337397982698,-0.040204600881582245,-0.018762147078071716
1.0,2146,0.37464299665716494,3.4058454241560447,3.1220249721430413,3.7464299665716494,-0.02943623545163439,-0.04014032107041053,-0.01873214983285825
1.0,2147,0.37412104748876907,3.4011004317160825,3.1176753957397425,3.7412104748876907,-0.02939522515983186,-0.04008439794522526,-0.018706052374438457
1.0,2148,0.37361325642814336,3.3964841493467577,3.1134438035678613,3.7361325642814336,-0.029355327290782697,-0.04002999176015822,-0.018680662821407172
1.0,2149,0.37307630643245693,3.3916027857496083,3.1089692202704744,3.7307630643245693,-0.02931313836255019,-0.03997246140347753,-0.01865381532162285
1.0,2150,0.372509173218759,3.3864470292614453,3.104243110156325,3.7250917321875896,-0.02926857789575964,-0.03991169713058132,-0.01862545866093795
1.0,2151,0.3718756277674581,3.38068752515871,3.0989635647288174,3.7187562776745806,-0.029218799324585997,-0.03984381726079908,-0.018593781388372907
1.0,2152,0.3711216324720692,3.3738330224733564,3.0926802706005767,3.711216324720692,-0.029159556837091156,-0.03976303205057884,-0.018556081623603463
1.0,2153,0.37027241573388303,3.3661128703080276,3.0856034644490253,3.7027241573388303,-0.0290928326648051,-0.03967204454291604,-0.018513620786694156
1.0,2154,0.3693779325123657,3.3579812046578703,3.078149437603048,3.693779325123657,-0.029022551840257312,-0.03957620705489633,-0.01846889662561829
1.0,2155,0.3684335325208833,3.349395750189848,3.0702794376740274,3.6843353252088327,-0.028948348983783692,-0.03947502134152321,-0.01842167662604417
1.0,2156,0.36747574246344694,3.3406885678495177,3.062297853862058,3.6747574246344694,-0.02887309405069941,-0.03937240097822646,-0.01837378712317235
1.0,2157,0.3665278117508042,3.3320710159164015,3.0543984312567014,3.6652781175080418,-0.028798613780420333,-0.03927083697330045,-0.018326390587540212
1.0,2158,0.36556395942137154,3.3233087220124684,3.0463663285114295,3.6556395942137154,-0.028722882525964912,-0.03916756708086124,-0.01827819797106858
1.0,2159,0.3645952902050902,3.3145026382280927,3.0382940850424185,3.645952902050902,-0.028646772801828518,-0.03906378109340252,-0.01822976451025451
1.0,2160,0.3635984581511633,3.305440528646939,3.0299871512596943,3.635984581511633,-0.028568450283305694,-0.03895697765905322,-0.01817992290755817
1.0,2161,0.36252439512807133,3.295676319346103,3.021036626067261,3.625243951280713,-0.02848405961720561,-0.038841899478007647,-0.01812621975640357
1.0,2162,0.3613511741076054,3.285010673705504,3.0112597842300453,3.613511741076054,-0.028391877965597574,-0.03871619722581487,-0.018067558705380276
1.0,2163,0.3600823526768593,3.2734759334259933,3.000686272307161,3.600823526768593,-0.028292184853181804,-0.03858025207252064,-0.018004117633842968
1.0,2164,0.35872602282429744,3.2611456620390675,2.989383523535812,3.5872602282429744,-0.028185616079051946,-0.03843493101688902,-0.017936301141214875
1.0,2165,0.35734073478295225,3.248552134390475,2.977839456524602,3.5734073478295225,-0.028076772018660538,-0.038286507298173456,-0.017867036739147617
1.0,2166,0.3559508640290139,3.235916945718308,2.9662572002417824,3.559508640290139,-0.02796756788799395,-0.03813759257453721,-0.0177975432014507
1.0,2167,0.3545878302608646,3.2235257296442237,2.954898585507205,3.545878302608646,-0.027860472377639365,-0.03799155324223549,-0.017729391513043233
1.0,2168,0.35327400284065913,3.211581844005992,2.9439500236721594,3.5327400284065913,-0.02775724308033751,-0.03785078601864205,-0.01766370014203296
1.0,2169,0.35199379196763503,3.1999435633421367,2.933281599730292,3.5199379196763503,-0.02765665508317133,-0.0377136205679609,-0.017599689598381756
1.0,2170,0.3507231080070752,3.188391890973411,2.9226925667256265,3.507231080070752,-0.02755681562912734,-0.037577475857900916,-0.017536155400353762
1.0,2171,0.34942954528028136,3.1766322298207395,2.911912877335678,3.4942954528028136,-0.027455178557736395,-0.03743887985145872,-0.01747147726401407
1.0,2172,0.3480618853061819,3.164198957328926,2.900515710884849,3.4806188530618187,-0.027347719559771437,-0.03729234485423377,-0.0174030942653091
1.0,2173,0.34662467961515664,3.1511334510468787,2.888538996792972,3.4662467961515664,-0.027234796255476597,-0.037138358530195356,-0.017331233980757834
1.0,2174,0.345150225014327,3.1377293183120636,2.876251875119392,3.45150225014327,-0.027118946251125698,-0.03698038125153504,-0.017257511250716354
1.0,2175,0.343636290657811,3.1239662787073725,2.8636357554817584,3.43636290657811,-0.026999994265970866,-0.03681817399905118,-0.01718181453289055
1.0,2176,0.3420894816242226,3.1099043784020237,2.850745680201855,3.420894816242226,-0.026878459270474636,-0.036652444459738136,-0.017104474081211133
1.0,2177,0.3405475688732207,3.0958869897565515,2.837896407276839,3.405475688732207,-0.026757308982895914,-0.03648723952213079,-0.017027378443661038
1.0,2178,0.339012341503691,3.0819303773062816,2.8251028458640914,3.3901234150369097,-0.02663668397529001,-0.036322750875395465,-0.01695061707518455
1.0,2179,0.3374996235622727,3.068178396020661,2.8124968630189393,3.374996235622727,-0.026517827565607145,-0.03616067395310065,-0.01687498117811364
1.0,2180,0.3359904407465797,3.0544585522416337,2.7999203395548307,3.359904407465797,-0.026399248915802694,-0.0359989757942764,-0.016799522037328988
1.0,2181,0.3344888322909332,3.040807566281211,2.7874069357577764,3.344888322909332,-0.02628126539428761,-0.03583808917402856,-0.016724441614546663
1.0,2182,0.33295008582617913,3.026818962056174,2.774584048551493,3.3295008582617913,-0.02616036388634265,-0.03567322348137634,-0.01664750429130896
1.0,2183,0.3313475247892613,3.012250225356921,2.7612293732438444,3.313475247892613,-0.026034448376299108,-0.03550152051313515,-0.01656737623946307
1.0,2184,0.329684872792672,2.9971352072061093,2.7473739399389334,3.29684872792672,-0.02590381143370995,-0.03532337922778629,-0.016484243639633602
1.0,2185,0.3279543131472751,2.9814028467934097,2.7329526095606256,3.279543131472751,-0.025767838890143047,-0.035137962122922334,-0.016397715657363757
1.0,2186,0.3261980180339603,2.9654365275814576,2.7183168169496694,3.261980180339603,-0.025629844274096886,-0.03494978764649575,-0.01630990090169802
1.0,2187,0.32439474293685944,2.949043117607813,2.7032895244738286,3.2439474293685944,-0.02548815837361039,-0.0347565796003778,-0.016219737146842977
1.0,2188,0.3225283165729672,2.9320756052087926,2.6877359714413935,3.225283165729672,-0.025341510587876,-0.034556605347103635,-0.016126415828648363
1.0,2189,0.3206412501824374,2.9149204562039763,2.672010418186978,3.206412501824374,-0.02519324108576294,-0.03435441966240401,-0.016032062509121873
1.0,2190,0.31873651258314073,2.897604659846734,2.6561376048595062,3.1873651258314073,-0.02504358313153249,-0.03415034063390794,-0.01593682562915704
1.0,2191,0.3168263125289268,2.8802392048084253,2.64021927107439,3.168263125289268,-0.02489349598441568,-0.03394567634238502,-0.01584131562644634
1.0,2192,0.3149137616560539,2.862852378691399,2.6242813471337825,3.1491376165605387,-0.024743224130118525,-0.03374076017743435,-0.015745688082802696
1.0,2193,0.3130027140389131,2.8454792185355737,2.608355950324276,3.130027140389131,-0.02459307038877175,-0.033536005075597834,-0.015650135701945657
1.0,2194,0.3110442473349946,2.8276749757726782,2.5920353944582883,3.110442473349946,-0.024439190862035293,-0.03332616935732085,-0.015552212366749732
1.0,2195,0.30905306297036683,2.8095732997306078,2.575442191419724,3.090530629703668,-0.0242827406619574,-0.03311282817539645,-0.015452653148518345
1.0,2196,0.307013771774002,2.7910342888545636,2.5584480981166835,3.07013771774002,-0.024122510639385877,-0.032894332690071644,-0.015350688588700104
1.0,2197,0.30493099139638247,2.772099921785295,2.541091594969854,3.0493099139638247,-0.023958863609715768,-0.03267117764961241,-0.015246549569819126
1.0,2198,0.3028186379055898,2.752896708232635,2.5234886492132484,3.028186379055898,-0.023792892978296346,-0.0324448540613132,-0.015140931895279494
1.0,2199,0.30067130628116456,2.7333755116469507,2.505594219009705,3.0067130628116456,-0.02362417406494865,-0.03221478281583906,-0.015033565314058231
1.0,2200,0.29853933284839274,2.7139939349853885,2.487827773736606,2.9853933284839274,-0.023456661866659432,-0.031986357090899226,-0.01492696664241964
1.0,2201,0.2964111886214462,2.694647169285875,2.4700932385120518,2.964111886214462,-0.023289450534542205,-0.0317583416380121,-0.014820559431072314
1.0,2202,0.2942884807879578,2.6753498253450707,2.452404006566315,2.9428848078795777,-0.02312266634762526,-0.03153090865585262,-0.014714424039397891
1.0,2203,0.29220228282070737,2.656384389279158,2.435019023505895,2.9220228282070737,-0.022958750793055583,-0.031307387445075795,-0.014610114141035371
1.0,2204,0.290110432422362,2.6373675674760184,2.417586936853017,2.90110432422362,-0.022794391118899877,-0.031083260616681645,-0.014505521621118104
1.0,2205,0.2879749426871707,2.617954024428825,2.3997911890597563,2.879749426871707,-0.022626602639706273,-0.03085445814505401,-0.014398747134358538
1.0,2206,0.28575511509138396,2.597773773558036,2.381292625761533,2.8575511509138396,-0.02245218761432303,-0.030616619474076855,-0.014287755754569201
1.0,2207,0.2834360523165166,2.5766913846956054,2.3619671026376383,2.8343605231651656,-0.022269975539154878,-0.030368148462483924,-0.014171802615825832
1.0,2208,0.2810442400639196,2.5549476369447235,2.3420353338659967,2.8104424006391957,-0.022082047433593686,-0.03011188286399139,-0.014052212003195983
1.0,2209,0.27860167251976264,2.5327424774523877,2.3216806043313554,2.7860167251976264,-0.021890131412267068,-0.029850179198546,-0.013930083625988136
1.0,2210,0.27612366726052406,2.5102151569138553,2.3010305605043673,2.7612366726052406,-0.02169543099904118,-0.029584678635056153,-0.013806183363026206
1.0,2211,0.27362936717655983,2.4875397016050895,2.280244726471332,2.736293671765598,-0.021499450278158277,-0.029317432197488554,-0.013681468358827994
1.0,2212,0.27107380380792145,2.4643073073447406,2.2589483650660123,2.7107380380792145,-0.021298656013479546,-0.029043621836563015,-0.013553690190396076
1.0,2213,0.26848291531840496,2.440753775621863,2.237357627653375,2.6848291531840496,-0.021095086203588964,-0.028766026641257676,-0.013424145765920251
1.0,2214,0.26588461005042685,2.417132818640244,2.2157050837535572,2.6588461005042685,-0.020890933646819255,-0.028487636791117165,-0.013294230502521345
1.0,2215,0.26327834111844584,2.393439464713144,2.1939861759870487,2.6327834111844584,-0.020686155373592176,-0.028208393691262056,-0.013163917055922294
1.0,2216,0.2606591986848974,2.3696290789536127,2.1721599890408116,2.606591986848974,-0.020480365610956227,-0.02792777128766758,-0.013032959934244873
1.0,2217,0.25803276801473674,2.3457524364976066,2.150273066789473,2.5803276801473674,-0.02027400320115789,-0.02764636800157894,-0.01290163840073684
1.0,2218,0.25536565471113426,2.3215059519194026,2.1280471225927857,2.5536565471113426,-0.02006444429873198,-0.027360605861907243,-0.012768282735556715
1.0,2219,0.25266150388021946,2.2969227625474495,2.1055125323351622,2.5266150388021944,-0.01985197530487439,-0.027070875415737803,-0.012633075194010976
1.0,2220,0.2498814775195617,2.271649795632379,2.0823456459963476,2.498814775195617,-0.019633544662251277,-0.02677301544852447,-0.012494073875978087
1.0,2221,0.24702464540163271,2.2456785945602973,2.058538711680273,2.470246454016327,-0.01940907928155686,-0.02646692629303208,-0.012351232270081638
1.0,2222,0.24409864066605746,2.219078551509613,2.0341553388838123,2.4409864066605746,-0.019179178909475948,-0.026153425785649016,-0.012204932033302876
1.0,2223,0.24113779838268057,2.192161803478914,2.0094816531890047,2.4113779838268057,-0.018946541301496332,-0.025836192683858634,-0.01205688991913403
1.0,2224,0.23817456453542474,2.1652233139584065,1.9847880377952063,2.3817456453542474,-0.018713715784926234,-0.025518703343081223,-0.01190872822677124
1.0,2225,0.23522838301539994,2.138439845594545,1.960236525128333,2.3522838301539992,-0.018482230094067142,-0.02520304103736428,-0.01176141915077
1.0,2226,0.23231295630427606,2.1119359664025095,1.935941302535634,2.3231295630427606,-0.018253160852478835,-0.024890673889743867,-0.011615647815213806
1.0,2227,0.2294109497829543,2.085554088935948,1.9117579148579524,2.2941094978295427,-0.018025146054374983,-0.02457974461960225,-0.011470547489147716
1.0,2228,0.22646481160357257,2.0587710145779323,1.8872067633631049,2.2646481160357257,-0.017793663768852132,-0.024264086957525636,-0.011323240580178631
1.0,2229,0.22347342342771148,2.031576576615559,1.8622785285642625,2.2347342342771146,-0.01755862612646305,-0.02394358108154052,-0.011173671171385575
1.0,2230,0.22039174966575514,2.0035613605977742,1.836597913881293,2.203917496657551,-0.01731649461659505,-0.023613401749902337,-0.01101958748328776
1.0,2231,0.21721369299461046,1.9746699363146405,1.8101141082884207,2.1721369299461046,-0.017066790163862252,-0.02327289567799398,-0.010860684649730525
1.0,2232,0.21397853334280748,1.9452593940255225,1.7831544445233958,2.1397853334280748,-0.016812599048363446,-0.022926271429586517,-0.010698926667140375
1.0,2233,0.21074513514028415,1.915864864911674,1.7562094595023678,2.1074513514028412,-0.0165585463324509,-0.022579835907887588,-0.01053725675701421
1.0,2234,0.2075032449252059,1.8863931356836898,1.7291937077100492,2.075032449252059,-0.016303826386980465,-0.022232490527700634,-0.010375162246260297
1.0,2235,0.20428573808949657,1.8571430735408778,1.7023811507458049,2.0428573808949655,-0.016051022278460447,-0.021887757652446063,-0.010214286904474831
1.0,2236,0.20105389555967768,1.8277626869061607,1.6754491296639806,2.0105389555967768,-0.015797091793974677,-0.021541488809965467,-0.010052694777983887
1.0,2237,0.19781402290847905,1.7983092991679914,1.6484501909039921,1.9781402290847905,-0.0155425303713805,-0.021194359597337044,-0.009890701145423954
1.0,2238,0.19454248300731714,1.7685680273392468,1.6211873583943095,1.9454248300731714,-0.015285480807717777,-0.020843837465069695,-0.009727124150365859
1.0,2239,0.191215022730988,1.7383183884635274,1.5934585227582334,1.91215022730988,-0.015024037500291918,-0.02048732386403443,-0.009560751136549401
1.0,2240,0.18784768569326915,1.707706233575174,1.565397380777243,1.8784768569326915,-0.014759461018756864,-0.020126537752850268,-0.00939238428466346
1.0,2241,0.1844177620069194,1.6765251091538127,1.536814683390995,1.844177620069194,-0.014489967014829384,-0.019759045929312793,-0.009220888100345971
1.0,2242,0.1809399520473438,1.644908654975853,1.507832933727865,1.809399520473438,-0.014216710518005587,-0.01938642343364398,-0.009046997602367192
1.0,2243,0.17741312963517308,1.6128466330470281,1.4784427469597758,1.7741312963517308,-0.013939603042763602,-0.019008549603768545,-0.008870656481758657
1.0,2244,0.1738798025037055,1.5807254773064137,1.4489983541975457,1.738798025037055,-0.013661984482434004,-0.01862997883968273,-0.008693990125185276
1.0,2245,0.1703536846273791,1.5486698602489009,1.4196140385614926,1.703536846273791,-0.013384932363579788,-0.01825218049579062,-0.008517684231368956
1.0,2246,0.16683059988859938,1.5166418171690854,1.3902549990716615,1.6683059988859938,-0.013108118562675668,-0.017874707130921364,-0.008341529994429971
1.0,2247,0.16332997374266134,1.4848179431151032,1.3610831145221778,1.6332997374266134,-0.012833069365494821,-0.017499640043856575,-0.008166498687133069
1.0,2248,0.15982192579168486,1.452926598106226,1.331849381597374,1.5982192579168486,-0.012557437026489527,-0.01712377776339481,-0.007991096289584245
1.0,2249,0.156271153249812,1.4206468477255636,1.3022596104151,1.56271153249812,-0.012278447755342373,-0.016743337848194144,-0.007813557662490601
1.0,2250,0.1526546313331696,1.3877693757560872,1.2721219277764133,1.5265463133316959,-0.011994292461891898,-0.016355853357125315,-0.007632731566658481
1.0,2251,0.1489670489164624,1.3542458992405673,1.2413920743038533,1.489670489164624,-0.011704553843436332,-0.015960755241049545,-0.007448352445823122
1.0,2252,0.1452342826251981,1.3203116602290736,1.2102856885433175,1.452342826251981,-0.011411265063408425,-0.015560815995556941,-0.007261714131259906
1.0,2253,0.14142673861784794,1.2856976237986175,1.178556155148733,1.4142673861784794,-0.011112100891402339,-0.01515286485191228,-0.007071336930892398
1.0,2254,0.1375809875223809,1.2507362502034627,1.1465082293531743,1.375809875223809,-0.010809934733901358,-0.01474082009168367,-0.006879049376119046
1.0,2255,0.13372778603731328,1.2157071457937572,1.1143982169776108,1.3372778603731328,-0.010507183188646045,-0.014327977075426424,-0.006686389301865665
1.0,2256,0.1298506048585859,1.1804600441689628,1.0820883738215492,1.298506048585859,-0.01020254752460318,-0.013912564806277063,-0.006492530242929296
1.0,2257,0.12596568921978446,1.1451426292707678,1.0497140768315372,1.2596568921978446,-0.009897304152983066,-0.013496323844976907,-0.006298284460989225
1.0,2258,0.1220823993126714,1.1098399937515582,1.017353327605595,1.220823993126714,-0.009592188517424183,-0.013080257069214793,-0.006104119965633571
1.0,2259,0.11822605168404243,1.0747822880367495,0.9852170973670203,1.1822605168404243,-0.009289189775174764,-0.012667076966147404,-0.005911302584202123
1.0,2260,0.11437121667477634,1.0397383334070576,0.9530934722898029,1.1437121667477634,-0.008986309881589572,-0.012254058929440323,-0.005718560833738819
1.0,2261,0.11048236905662034,1.004385173242003,0.9206864088051696,1.1048236905662034,-0.008680757568734456,-0.011837396684637895,-0.005524118452831018
1.0,2262,0.10651116429409535,0.9682833117645032,0.887593035784128,1.0651116429409535,-0.008368734337393208,-0.011411910460081645,-0.005325558214704769
1.0,2263,0.10249516140171688,0.9317741945610626,0.8541263450143074,1.0249516140171688,-0.008053191252992042,-0.010981624435898238,-0.005124758070085845
1.0,2264,0.09909504463378427,0.9008640421253116,0.8257920386148689,0.9909504463378427,-0.007786039221225908,-0.010617326210762602,-0.0049547522316892145
1.0,2265,0.09638086335529017,0.8761896668662743,0.8031738612940847,0.9638086335529017,-0.0075727821207728,-0.01032652107378109,-0.004819043167764509
1.0,2266,0.09425279457795999,0.8568435870723635,0.7854399548163332,0.9425279457795999,-0.007405576716839714,-0.010098513704781428,-0.004712639728898
1.0,2267,0.09258294012944746,0.841663092085886,0.7715245010787288,0.9258294012944746,-0.00727437386731373,-0.009919600728155085,-0.004629147006472374
1.0,2268,0.09125805885092664,0.8296187168266058,0.760483823757722,0.9125805885092664,-0.007170276052572809,-0.009777649162599284,-0.004562902942546332
1.0,2269,0.09018843968405443,0.8198949062186767,0.7515703307004536,0.9018843968405443,-0.007086234546604278,-0.009663047109005833,-0.004509421984202722
1.0,2270,0.08930619516378102,0.8118745014889184,0.7442182930315085,0.8930619516378102,-0.007016915334297082,-0.00956852091040511,-0.004465309758189052
1.0,2271,0.08856102512448849,0.8051002284044408,0.7380085427040708,0.8856102512448849,-0.00695836625978124,-0.009488681263338053,-0.004428051256224425
1.0,2272,0.08791603865967756,0.7992367150879779,0.7326336554973131,0.8791603865967756,-0.00690768875183181,-0.009419575570679739,-0.004395801932983879
1.0,2273,0.08734431541138343,0.7940392310125767,0.727869295094862,0.8734431541138343,-0.006862767639465842,-0.009358319508362512,-0.0043672157705691725
1.0,2274,0.08682626000304161,0.7893296363912874,0.7235521666920135,0.8682626000304161,-0.00682206328595327,-0.00930281357175446,-0.004341313000152082
1.0,2275,0.0863476265891786,0.7849784235379873,0.7195635549098217,0.863476265891786,-0.006784456374864034,-0.009251531420269138,-0.004317381329458931
1.0,2276,0.08589806458014604,0.7808914961831458,0.7158172048345504,0.8589806458014604,-0.006749133645582904,-0.009203364062158504,-0.004294903229007303
1.0,2277,0.0854700554807234,0.7770005043702127,0.7122504623393616,0.854700554807234,-0.006715504359199697,-0.009157505944363221,-0.00427350277403617
1.0,2278,0.08505813835453224,0.7732558032230203,0.708817819621102,0.8505813835453224,-0.00668313944214182,-0.009113371966557027,-0.004252906917726613
1.0,2279,0.08465834654420534,0.7696213322200486,0.7054862212017112,0.8465834654420534,-0.006651727228473278,-0.009070537129736288,-0.004232917327210268
1.0,2280,0.08426779838832998,0.7660708944393635,0.7022316532360833,0.8426779838832998,-0.006621041301940214,-0.009028692684463928,-0.0042133899194165
1.0,2281,0.08388439996621322,0.762585454238302,0.6990366663851102,0.8388439996621322,-0.0065909171402024685,-0.008987614282094275,-0.0041942199983106615
1.0,2282,0.08350662925528518,0.7591511750480471,0.6958885771273765,0.8350662925528518,-0.006561235155772408,-0.008947138848780557,-0.00417533146276426
1.0,2283,0.08313337942167087,0.7557579947424625,0.6927781618472573,0.8313337942167087,-0.006531908383131284,-0.008907147795179022,-0.004156668971083545
1.0,2284,0.08276384505013756,0.752398591364887,0.6896987087511464,0.8276384505013756,-0.0065028735396536665,-0.008867554826800454,-0.004138192252506879
1.0,2285,0.08239743955017409,0.74906763227431,0.6866453295847841,0.8239743955017409,-0.006474084536085108,-0.00882829709466151,-0.004119871977508706
1.0,2286,0.08203373519596446,0.7457612290542224,0.6836144599663706,0.8203373519596446,-0.006445507765397209,-0.008789328770996193,-0.004101686759798224
1.0,2287,0.08167241959802107,0.7424765418001916,0.6806034966501756,0.8167241959802107,-0.006417118682701657,-0.008750616385502258,-0.004083620979901055
1.0,2288,0.08131326410359863,0.7392114918508966,0.6776105341966553,0.8131326410359863,-0.006388899322425607,-0.008712135439671281,-0.004065663205179932
1.0,2289,0.08095610085688609,0.735964553244419,0.6746341738073841,0.8095610085688609,-0.006360836495898194,-0.008673867948952082,-0.004047805042844305
1.0,2290,0.08060080614579634,0.7327346013254213,0.6716733845483029,0.8060080614579634,-0.006332920482884,-0.00863580065847818,-0.004030040307289818
1.0,2291,0.08024728831252248,0.7295208028411134,0.668727402604354,0.8024728831252248,-0.0063051440816981955,-0.008597923747770266,-0.004012364415626125
1.0,2292,0.07989547897716631,0.7263225361560574,0.6657956581430526,0.7989547897716631,-0.006277501919634497,-0.008560229890410677,-0.003994773948858317
1.0,2293,0.0795453266664935,0.7231393333317591,0.6628777222207792,0.795453266664935,-0.006249989952367347,-0.008522713571410018,-0.003977266333324675
1.0,2294,0.07919679218869113,0.7199708380790103,0.6599732682390929,0.7919679218869113,-0.006222605100540019,-0.00848537059164548,-0.003959839609434557
1.0,2295,0.07884984527563699,0.7168167752330635,0.6570820439636416,0.7884984527563699,-0.006195344985942907,-0.008448197708103964,-0.00394249226378185
1.0,2296,0.0785044621453197,0.7136769285938155,0.6542038512109976,0.785044621453197,-0.006168207739989406,-0.008411192372712826,-0.003925223107265985
1.0,2297,0.07816062373224142,0.7105511248385583,0.6513385311020119,0.7816062373224142,-0.006141191864676113,-0.008374352542740153,-0.0039080311866120715
1.0,2298,0.07781831440274434,0.7074392218431304,0.6484859533562028,0.7781831440274434,-0.006114296131644199,-0.008337676543151179,-0.0038909157201372177
1.0,2299,0.07747752102236716,0.7043411002033378,0.6456460085197263,0.7747752102236716,-0.006087519508900277,-0.008301162966682195,-0.0038738760511183587
1.0,2300,0.07713823227875738,0.7012566570796125,0.6428186023229782,0.7713823227875738,-0.006060861107616652,-0.008264810601295434,-0.00385691161393787
1.5,2026,0.0,0.0,0.0,0.0,-0.0,-0.0,-0.0
1.5,2027,0.0,0.0,0.0,0.0,-0.0,-0.0,-0.0
1.5,2028,0.0,0.0,0.0,0.0,-0.0,-0.0,-0.0
1.5,2029,0.0,0.0,0.0,0.0,-0.0,-0.0,-0.0
1.5,2030,0.0,0.0,0.0,0.0,-0.0,-0.0,-0.0
1.5,2031,0.0,0.0,0.0,0.0,-0.0,-0.0,-0.0
1.5,2032,0.0,0.0,0.0,0.0,-0.0,-0.0,-0.0
1.5,2033,0.0,0.0,0.0,0.0,-0.0,-0.0,-0.0
1.5,2034,0.0,0.0,0.0,0.0,-0.0,-0.0,-0.0
1.5,2035,0.0,0.0,0.0,0.0,-0.0,-0.0,-0.0
1.5,2036,0.0,0.0,0.0,0.0,-0.0,-0.0,-0.0
1.5,2037,0.012956670641055323,0.11778791491868476,0.1079722553421277,0.12956670641055323,-0.0010180241217972042,-0.0013882147115416418,-0.0006478335320527663
1.5,2038,0.03951279860633483,0.35920726005758935,0.32927332171945695,0.3951279860633483,-0.00310457703335488,-0.004233514136393018,-0.001975639930316742
1.5,2039,0.07203919495410127,0.6549017723100116,0.6003266246175106,0.7203919495410127,-0.0056602224606793865,-0.007718485173653708,-0.003601959747705064
1.5,2040,0.10245197896264568,0.9313816269331426,0.8537664913553807,1.0245197896264568,-0.00804979834706502,-0.010976997745997752,-0.005122598948132285
1.5,2041,0.1258766116683414,1.1443328333485583,1.048971763902845,1.258766116683414,-0.00989030520251254,-0.01348677982160801,-0.006293830583417072
1.5,2042,0.1431773637271323,1.3016123975193845,1.1931446977261027,1.431773637271323,-0.011249650007131825,-0.015340431827907033,-0.007158868186356616
1.5,2043,0.15618858792316392,1.4198962538469448,1.301571566026366,1.5618858792316392,-0.012271960479677168,-0.016734491563196136,-0.007809429396158198
1.5,2044,0.16534099007223158,1.5030999097475597,1.3778415839352631,1.6534099007223158,-0.012991077791389626,-0.01771510607916767,-0.00826704950361158
1.5,2045,0.18099884160160373,1.645444014560034,1.5083236800133646,1.8099884160160373,-0.014221337554411724,-0.01939273302874326,-0.009049942080080189
1.5,2046,0.20047674255363912,1.8225158413967193,1.670639521280326,2.004767425536391,-0.015751744057785934,-0.021479650987889908,-0.010023837127681958
1.5,2047,0.2261362223347172,2.0557838394065198,1.8844685194559767,2.261362223347172,-0.017767846040584925,-0.02422888096443399,-0.011306811116735862
1.5,2048,0.25045328967599056,2.2768480879635504,2.0871107472999215,2.5045328967599056,-0.019678472760256405,-0.026834281036713276,-0.012522664483799531
1.5,2049,0.2771638338227098,2.519671216570089,2.3096986151892485,2.771638338227098,-0.021777158371784348,-0.029696125052433197,-0.013858191691135493
1.5,2050,0.30209218014696715,2.7462925467906105,2.5174348345580597,3.0209218014696715,-0.023735814154404566,-0.03236701930146077,-0.01510460900734836
1.5,2051,0.323535475593286,2.9412315963026,2.6961289632773835,3.23535475593286,-0.025420644510901046,-0.03466451524213779,-0.016176773779664304
1.5,2052,0.34376605585355713,3.125145962305065,2.8647171321129763,3.4376605585355713,-0.027010190102779493,-0.03683207741288112,-0.01718830279267786
1.5,2053,0.35793963689181685,3.253996699016517,2.982830307431807,3.5793963689181685,-0.028123828612928472,-0.038350675381266096,-0.017896981844590844
1.5,2054,0.37124102664884306,3.3749184240803913,3.0936752220736925,3.7124102664884306,-0.029168937808123387,-0.03977582428380462,-0.018562051332442157
1.5,2055,0.38421077270087145,3.492825206371559,3.201756439173929,3.8421077270087145,-0.030187989283639905,-0.04116543993223623,-0.019210538635043576
1.5,2056,0.39855600634983945,3.623236421362177,3.321300052915329,3.9855600634983945,-0.03131511478463025,-0.042702429251768516,-0.019927800317491976
1.5,2057,0.41309360829063735,3.755396439005794,3.4424467357553112,4.1309360829063735,-0.03245735493712151,-0.04426002945971115,-0.020654680414531872
1.5,2058,0.4363328705420313,3.9666624594730115,3.6361072545169275,4.3633287054203125,-0.03428329697115961,-0.04674995041521764,-0.021816643527101567
1.5,2059,0.4579076843473495,4.16279713043045,3.815897369561246,4.579076843473495,-0.03597846091300604,-0.049061537608644595,-0.02289538421736748
1.5,2060,0.4750556277245901,4.318687524769,3.9587968977049175,4.7505562772459005,-0.037325799321217795,-0.05089881725620608,-0.02375278138622951
1.5,2061,0.49175751123419675,4.470522829401789,4.097979260284973,4.917575112341967,-0.03863809016840118,-0.052688304775092516,-0.024587875561709844
1.5,2062,0.5011257119122903,4.55568829011173,4.1760475992690855,5.011257119122902,-0.03937416307882281,-0.053692040562031106,-0.025056285595614517
1.5,2063,0.5031577106230476,4.574161005664069,4.19298092185873,5.0315771062304755,-0.03953382012038232,-0.05390975470961225,-0.025157885531152384
1.5,2064,0.5036654927423947,4.578777206749042,4.197212439519956,5.036654927423947,-0.03957371728690245,-0.05396415993668515,-0.02518327463711974
1.5,2065,0.5013246733493413,4.557497030448557,4.177705611244511,5.013246733493412,-0.03938979576316254,-0.053713357858857995,-0.025066233667467068
1.5,2066,0.5026043589498836,4.569130535908033,4.188369657915697,5.026043589498836,-0.03949034248891944,-0.05385046703034468,-0.025130217947494187
1.5,2067,0.49933687900059875,4.539426172732716,4.161140658338323,4.993368790005987,-0.03923361192147562,-0.0535003798929213,-0.024966843950029943
1.5,2068,0.4987332006498093,4.533938187725539,4.156110005415078,4.987332006498093,-0.03918618005105645,-0.05343570006962243,-0.02493666003249047
1.5,2069,0.49724409162842753,4.520400832985705,4.143700763570229,4.972440916284275,-0.039069178627947884,-0.05327615267447438,-0.024862204581421382
1.5,2070,0.49644889865099473,4.513171805918134,4.137074155424957,4.964488986509947,-0.03900669917972102,-0.0531909534268923,-0.02482244493254974
1.5,2071,0.5013167320402119,4.557424836729199,4.177639433668433,5.013167320402118,-0.03938917180315951,-0.05371250700430842,-0.0250658366020106
1.5,2072,0.506634945349284,4.605772230448037,4.2219578779107,5.0663494534928395,-0.03980703142030089,-0.05428231557313758,-0.025331747267464205
1.5,2073,0.5088667830277145,4.626061663888313,4.2405565252309545,5.088667830277145,-0.039982390095034716,-0.0545214410386837,-0.02544333915138573
1.5,2074,0.5102400579405981,4.638545981278165,4.2520004828383176,5.102400579405981,-0.04009029026676129,-0.05466857763649266,-0.02551200289702991
1.5,2075,0.5078814594690781,4.61710417699162,4.232345495575651,5.0788145946907814,-0.03990497181542758,-0.054415870657401236,-0.02539407297345391
1.5,2076,0.5055926773564807,4.5962970668770975,4.2132723113040065,5.055926773564807,-0.03972513893515206,-0.05417064400248008,-0.02527963386782404
1.5,2077,0.5058480466086055,4.598618605532777,4.215400388405046,5.0584804660860545,-0.039745203662104725,-0.054198004993779164,-0.02529240233043028
1.5,2078,0.5033557580249017,4.575961436590016,4.194631316874181,5.033557580249017,-0.03954938098767086,-0.05393097407409662,-0.025167787901245093
1.5,2079,0.4994665478735101,4.540604980668274,4.162221232279251,4.994665478735101,-0.03924380019006151,-0.053514272986447516,-0.02497332739367551
1.5,2080,0.4980938027784503,4.5281254798040935,4.150781689820419,4.980938027784503,-0.03913594164687824,-0.053367193154833965,-0.02490469013892252
1.5,2081,0.49904292184724564,4.53675383497496,4.158691015393714,4.990429218472456,-0.03921051528799788,-0.05346888448363347,-0.024952146092362286
1.5,2082,0.5027435647725607,4.570396043386915,4.189529706438005,5.027435647725606,-0.03950128008927263,-0.05386538193991722,-0.025137178238628037
1.5,2083,0.5053896181189432,4.594451073808575,4.211580150991193,5.053896181189432,-0.039709184280774114,-0.054148887655601066,-0.025269480905947165
1.5,2084,0.5055401061195959,4.595819146541781,4.212834217663299,5.055401061195958,-0.03972100833796825,-0.0541650113699567,-0.0252770053059798
1.5,2085,0.5035587202808558,4.57780654800778,4.196322669007132,5.035587202808558,-0.03956532802206725,-0.053952720030091696,-0.025177936014042796
1.5,2086,0.49863910331416683,4.533082757401517,4.155325860951391,4.986391033141668,-0.039178786688970256,-0.053425618212232164,-0.024931955165708345
1.5,2087,0.4929337562105143,4.481215965550129,4.107781301754286,4.929337562105142,-0.038730509416540417,-0.0528143310225551,-0.02464668781052572
1.5,2088,0.48791736625031,4.435612420457364,4.065978052085917,4.8791736625031,-0.038336364491095794,-0.05227686066967608,-0.024395868312515504
1.5,2089,0.4864279819166095,4.422072562878268,4.053566515971746,4.864279819166095,-0.03821934143630504,-0.05211728377677959,-0.02432139909583048
1.5,2090,0.4871814218693544,4.4289220169941315,4.05984518224462,4.871814218693544,-0.038278540289735,-0.05219800948600226,-0.024359071093467726
1.5,2091,0.48534283719850113,4.412207610895464,4.044523643320843,4.853428371985011,-0.03813408006559652,-0.05200101827126798,-0.02426714185992506
1.5,2092,0.48392629947433496,4.399329995221227,4.032719162286125,4.83926299474335,-0.03802278067298347,-0.05184924637225018,-0.024196314973716753
1.5,2093,0.4866902988864439,4.424457262604036,4.055752490720366,4.866902988864439,-0.03823995205536345,-0.0521453891664047,-0.0243345149443222
1.5,2094,0.49182466867606167,4.47113335160056,4.0985389056338475,4.918246686760616,-0.038643366824547706,-0.052695500215292325,-0.024591233433803088
1.5,2095,0.4964952484474354,4.5135931677039585,4.137460403728629,4.964952484474354,-0.03901034094944136,-0.05319591947651094,-0.024824762422371777
1.5,2096,0.498595589198769,4.532687174534264,4.154963243323075,4.98595589198769,-0.03917536772276043,-0.0534209559855824,-0.024929779459938455
1.5,2097,0.4992751617978195,4.538865107252905,4.160626348315163,4.992751617978195,-0.03922876271268583,-0.05349376733548066,-0.02496375808989098
1.5,2098,0.49713748942830693,4.519431722075518,4.142812411902558,4.971374894283069,-0.03906080274079555,-0.053264731010175745,-0.024856874471415352
1.5,2099,0.49121085662831887,4.465553242075626,4.09342380523599,4.912108566283188,-0.038595138735082204,-0.052629734638748454,-0.024560542831415948
1.5,2100,0.4802114945151321,4.365559041046656,4.001762454292768,4.802114945151321,-0.03773090314047467,-0.05145123155519273,-0.02401057472575661
1.5,2101,0.4761119279392738,4.328290253993399,3.9675993994939485,4.761119279392738,-0.037408794338085805,-0.05101199227920791,-0.023805596396963696
1.5,2102,0.47579246112218954,4.325386010201723,3.964937176018246,4.757924611221895,-0.03738369337388633,-0.05097776369166317,-0.02378962305610948
1.5,2103,0.4758743825941951,4.326130750856319,3.965619854951626,4.758743825941951,-0.03739013006097248,-0.050986540992235194,-0.02379371912970976
1.5,2104,0.47658919125700927,4.332629011427357,3.9715765938084107,4.765891912570092,-0.03744629359876502,-0.051063127634679566,-0.02382945956285047
1.5,2105,0.47956538362040435,4.359685305640039,3.996378196836703,4.7956538362040435,-0.03768013728446035,-0.05138200538790047,-0.023978269181020223
1.5,2106,0.48265451018757743,4.387768274432522,4.022120918229812,4.826545101875774,-0.03792285437188109,-0.0517129832343833,-0.024132725509378877
1.5,2107,0.4811247813881281,4.373861648982983,4.009373178234401,4.81124781388128,-0.0378026613947815,-0.05154908372015658,-0.024056239069406408
1.5,2108,0.47810412839478666,4.346401167225333,3.9842010699565558,4.781041283947866,-0.0375653243738761,-0.05122544232801286,-0.02390520641973934
1.5,2109,0.470027550874212,4.272977735220109,3.9168962572851003,4.70027550874212,-0.03693073614011666,-0.05036009473652272,-0.023501377543710605
1.5,2110,0.4621394130119856,4.2012673910180505,3.85116177509988,4.621394130119856,-0.03631095387951316,-0.04951493710842703,-0.023106970650599284
1.5,2111,0.4583337581422642,4.166670528566038,3.8194479845188685,4.583337581422642,-0.03601193813974934,-0.04910718837238545,-0.022916687907113212
1.5,2112,0.4582531829013148,4.1659380263755885,3.8187765241776233,4.582531829013147,-0.03600560722796045,-0.049098555310855156,-0.022912659145065743
1.5,2113,0.4574861074975991,4.158964613614537,3.812384229146659,4.574861074975991,-0.035945337017668506,-0.04901636866045705,-0.022874305374879958
1.5,2114,0.45693030196766093,4.1539118360696445,3.8077525163971746,4.569303019676609,-0.03590166658317336,-0.048956818067963676,-0.02284651509838305
1.5,2115,0.4543934845462232,4.13084985951112,3.786612371218527,4.543934845462232,-0.035702345214346114,-0.04868501620138106,-0.022719674227311165
1.5,2116,0.4536528771990933,4.124117065446303,3.7804406433257776,4.536528771990933,-0.03564415463707162,-0.04860566541418857,-0.02268264385995467
1.5,2117,0.4494005443398825,4.085459493998932,3.7450045361656876,4.494005443398825,-0.035310042769562205,-0.048150058322130276,-0.02247002721699413
1.5,2118,0.4431225697351493,4.028386997592266,3.6926880811262444,4.4312256973514925,-0.034816773336333165,-0.04747741818590886,-0.02215612848675747
1.5,2119,0.43902274005005726,3.9911158186368842,3.658522833750477,4.390227400500573,-0.03449464386107593,-0.047038150719648994,-0.02195113700250287
1.5,2120,0.43060906495170004,3.914627863197273,3.5884088745975005,4.306090649517,-0.03383356938906215,-0.04613668553053929,-0.021530453247585006
1.5,2121,0.42128675553957495,3.829879595814318,3.5107229628297913,4.212867555395749,-0.033101102220966606,-0.045137866664954465,-0.02106433777697875
1.5,2122,0.421939282682835,3.8358116607530452,3.516160689023625,4.21939282682835,-0.03315237221079418,-0.04520778028744661,-0.021096964134141753
1.5,2123,0.42059106852559425,3.8235551684144933,3.504925571046619,4.205910685255942,-0.03304644109843955,-0.04506332877059939,-0.021029553426279716
1.5,2124,0.4202463736086872,3.820421578260793,3.502053113405727,4.202463736086872,-0.03301935792639686,-0.045026397172359345,-0.021012318680434364
1.5,2125,0.419828619330459,3.8166238120950817,3.498571827753825,4.19828619330459,-0.03298653437596464,-0.04498163778540633,-0.020991430966522954
1.5,2126,0.42129108359654466,3.8299189417867696,3.5107590299712057,4.212910835965446,-0.03310144228258566,-0.04513833038534407,-0.021064554179827236
1.5,2127,0.41519766902821953,3.774524263892905,3.459980575235163,4.151976690282195,-0.032622673995074396,-0.04448546453873781,-0.02075988345141098
1.5,2128,0.40694279032718494,3.6994799120653177,3.391189919393208,4.0694279032718494,-0.03197407638285025,-0.04360101324934125,-0.02034713951635925
1.5,2129,0.400509937386879,3.640999430789809,3.337582811557325,4.00509937386879,-0.0314686379375405,-0.04291177900573704,-0.020025496869343955
1.5,2130,0.394938583189945,3.5903507562722274,3.2911548599162086,3.94938583189945,-0.03103088867920997,-0.042314848198922686,-0.019746929159497256
1.5,2131,0.3905749287787672,3.5506811707160657,3.2547910731563934,3.905749287787672,-0.030688030118331714,-0.041847313797725064,-0.019528746438938364
1.5,2132,0.3865027697409278,3.5136615430993436,3.2208564145077316,3.865027697409278,-0.030368074765358615,-0.041411011043670835,-0.01932513848704639
1.5,2133,0.3847867462361163,3.4980613294192393,3.2065562186343026,3.847867462361163,-0.03023324434712343,-0.041227151382441034,-0.01923933731180582
1.5,2134,0.38929105872248204,3.539009624749837,3.2440921560206837,3.8929105872248204,-0.030587154613909307,-0.04170975629169451,-0.019464552936124105
1.5,2135,0.39140944373376696,3.5582676703069724,3.2617453644480583,3.9140944373376696,-0.030753599150510267,-0.041936726114332176,-0.01957047218668835
1.5,2136,0.3925436091680765,3.568578265164332,3.2711967430673043,3.925436091680765,-0.0308427121489203,-0.04205824383943677,-0.01962718045840383
1.5,2137,0.39052833011591837,3.5502575465083486,3.2544027509659865,3.9052833011591837,-0.030684368794822163,-0.0418423210838484,-0.01952641650579592
1.5,2138,0.3876429525096383,3.524026840996712,3.2303579375803193,3.876429525096383,-0.03045766055432873,-0.041533173483175534,-0.01938214762548192
1.5,2139,0.38482989895822417,3.498453626892947,3.206915824651868,3.8482989895822417,-0.03023663491814619,-0.041231774888381166,-0.019241494947911213
1.5,2140,0.382435961778671,3.476690561624282,3.186966348155592,3.82435961778671,-0.03004853985403844,-0.04097528161914332,-0.019121798088933554
1.5,2141,0.3804925606822869,3.4590232789298807,3.1707713390190575,3.8049256068228687,-0.029895844053608258,-0.04076706007310217,-0.01902462803411435
1.5,2142,0.37893785103796285,3.444889554890571,3.157815425316357,3.7893785103796285,-0.029773688295839942,-0.04060048403978174,-0.018946892551898145
1.5,2143,0.3777123008317457,3.4337481893795063,3.147602506931214,3.7771230083174565,-0.02967739506535145,-0.040469175089115614,-0.018885615041587287
1.5,2144,0.37671340172119494,3.4246672883744993,3.139278347676625,3.767134017211949,-0.02959891013523675,-0.04036215018441375,-0.018835670086059752
1.5,2145,0.3758760594899868,3.4170550862726072,3.1323004957498903,3.758760594899868,-0.02953311895992754,-0.040272434945355734,-0.018793802974499344
1.5,2146,0.37516982563313006,3.4106347784830007,3.1264152136094174,3.7516982563313004,-0.029477629156888795,-0.04019676703212108,-0.018758491281656506
1.5,2147,0.37456448050233737,3.40513164093034,3.1213706708528117,3.7456448050233737,-0.029430066325183656,-0.040131908625250436,-0.018728224025116872
1.5,2148,0.37400172620938443,3.4000156928125858,3.1166810517448704,3.7400172620938443,-0.02938584991645164,-0.040071613522434046,-0.018700086310469224
1.5,2149,0.3734359188263977,3.394871989330888,3.111965990219981,3.734359188263977,-0.02934139362207411,-0.04001099130282833,-0.018671795941319888
1.5,2150,0.3728547326034497,3.389588478213179,3.107122771695414,3.728547326034497,-0.029295728990271053,-0.039948721350369615,-0.018642736630172487
1.5,2151,0.3722239434236727,3.3838540311242973,3.101866195197273,3.722239434236727,-0.029246166983288576,-0.039881136795393506,-0.01861119717118364
1.5,2152,0.371494394949065,3.3772217722642273,3.095786624575542,3.71494394949065,-0.02918884531742654,-0.03980297088739983,-0.018574719747453252
1.5,2153,0.37067535700029497,3.369775972729954,3.0889613083357914,3.7067535700029497,-0.029124492335737467,-0.039715216821460175,-0.018533767850014753
1.5,2154,0.3698027323010141,3.36184302091831,3.0816894358417843,3.698027323010141,-0.029055928966508257,-0.039621721317965805,-0.01849013661505071
1.5,2155,0.3688771187272203,3.353428352065639,3.0739759893935026,3.6887711872722027,-0.02898320218571017,-0.03952254843505932,-0.01844385593636102
1.5,2156,0.36792818728670784,3.3448017026064347,3.0660682273892323,3.679281872867078,-0.028908643286812762,-0.03942087720929013,-0.018396409364335394
1.5,2157,0.3669786906316713,3.3361699148333757,3.058155755263928,3.669786906316713,-0.02883403997820275,-0.03931914542482193,-0.01834893453158357
1.5,2158,0.3660138724028308,3.3273988400257344,3.0501156033569234,3.660138724028308,-0.028758232831650996,-0.03921577204316044,-0.018300693620141542
1.5,2159,0.3650420012453546,3.3185636476850418,3.0420166770446215,3.6504200124535457,-0.02868187152642072,-0.03911164299057371,-0.018252100062267733
1.5,2160,0.36404620459110426,3.3095109508282206,3.0337183715925358,3.6404620459110424,-0.028603630360729625,-0.03900495049190403,-0.018202310229555218
1.5,2161,0.3629866485275234,3.2998786229774852,3.024888737729362,3.6298664852752336,-0.028520379527162555,-0.038891426627948936,-0.01814933242637617
1.5,2162,0.361839867070189,3.289453337001718,3.0153322255849084,3.61839867070189,-0.02843027526980057,-0.03876855718609168,-0.018091993353509455
1.5,2163,0.360602716764891,3.2782065160444636,3.005022639707425,3.6060271676489095,-0.028333070602955725,-0.03863600536766689,-0.018030135838244553
1.5,2164,0.35927876355966737,3.2661705778151577,2.9939896963305617,3.5927876355966735,-0.028229045708259584,-0.03849415323853579,-0.017963938177983373
1.5,2165,0.3579125898608603,3.2537508169169116,2.982604915507169,3.5791258986086025,-0.028121703489067597,-0.038347777485092174,-0.017895629493043016
1.5,2166,0.3565292693022808,3.24117517547528,2.971077244185673,3.565292693022808,-0.02801301401660778,-0.038199564568101516,-0.017826463465114042
1.5,2167,0.35515898431336257,3.228718039212387,2.959658202611355,3.5515898431336255,-0.02790534876747849,-0.03805274831928885,-0.01775794921566813
1.5,2168,0.3538255967655701,3.2165963342324555,2.9485466397130846,3.5382559676557013,-0.027800582603009084,-0.03790988536773966,-0.01769127983827851
1.5,2169,0.35252307407399464,3.2047552188544968,2.9376922839499553,3.5252307407399464,-0.0276982415343853,-0.037770329365070854,-0.017626153703699736
1.5,2170,0.3512342327134943,3.1930384792135844,2.9269519392791192,3.512342327134943,-0.027596975427488842,-0.03763223921930296,-0.01756171163567472
1.5,2171,0.34993214926210636,3.1812013569282396,2.9161012438508864,3.4993214926210636,-0.027494668870594076,-0.03749273027808283,-0.017496607463105322
1.5,2172,0.34857274661605053,3.168843151055005,2.904772888467088,3.485727466160505,-0.02738785866268969,-0.03734707999457684,-0.01742863733080253
1.5,2173,0.34715137416382635,3.1559215833075123,2.8929281180318864,3.4715137416382635,-0.02727617939858636,-0.0371947900889814,-0.017357568708191322
1.5,2174,0.34568918327943765,3.1426289389039788,2.880743193995314,3.4568918327943763,-0.027161292971955818,-0.03703812677993975,-0.017284459163971887
1.5,2175,0.3441861484117168,3.128964985561062,2.8682179034309736,3.441861484117168,-0.027043197375206322,-0.0368770873298268,-0.017209307420585844
1.5,2176,0.3426479611890425,3.1149814653549317,2.855399676575354,3.426479611890425,-0.026922339807710485,-0.03671228155596884,-0.017132398059452127
1.5,2177,0.34110474806841995,3.100952255167454,2.842539567236833,3.4110474806841995,-0.026801087348233,-0.036546937293045,-0.017055237403421002
1.5,2178,0.3395626711073376,3.086933373703069,2.82968892589448,3.395626711073376,-0.026679924158433673,-0.03638171476150046,-0.016978133555366884
1.5,2179,0.3380365916006096,3.0730599236419054,2.816971596671747,3.380365916006096,-0.026560017911476472,-0.03621820624292246,-0.016901829580030486
1.5,2180,0.3365150770108123,3.0592279728255662,2.804292308423436,3.365150770108123,-0.026440470336563826,-0.036055186822587036,-0.01682575385054062
1.5,2181,0.3350007599874705,3.0454614544315497,2.7916729998955874,3.3500075998747048,-0.026321488284729827,-0.03589293857008612,-0.016750037999373527
1.5,2182,0.33345943759839414,3.031449432712674,2.7788286466532846,3.3345943759839414,-0.026200384382730972,-0.03572779688554223,-0.01667297187991971
1.5,2183,0.3318656660973487,3.016960600884988,2.7655472174779057,3.318656660973487,-0.0260751594790774,-0.03555703565328736,-0.016593283304867437
1.5,2184,0.33021677711056285,3.0019707010051166,2.751806475921357,3.3021677711056285,-0.025945603915829944,-0.03538036897613174,-0.016510838855528145
1.5,2185,0.3285042981084352,2.9864027100766832,2.737535817570293,3.2850429810843518,-0.025811051994234196,-0.03519688908304663,-0.016425214905421762
1.5,2186,0.3267585326901987,2.970532115365443,2.722987772418323,3.267585326901987,-0.02567388471137276,-0.03500984278823558,-0.01633792663450994
1.5,2187,0.3249667300924233,2.9542430008402114,2.7080560841035273,3.2496673009242327,-0.025533100221547547,-0.03481786393847393,-0.016248336504621166
1.5,2188,0.32311590283280234,2.937417298480021,2.692632523606686,3.2311590283280234,-0.02538767807972019,-0.034619561017800254,-0.01615579514164012
1.5,2189,0.32123668066325184,2.9203334605750166,2.6769723388604323,3.2123668066325184,-0.025240024909255504,-0.03441821578534841,-0.016061834033162595
1.5,2190,0.31933503901393545,2.903045809217595,2.661125325116129,3.1933503901393543,-0.02509061020823779,-0.0342144684657788,-0.015966751950696776
1.5,2191,0.3174226172151289,2.8856601565011717,2.645188476792741,3.1742261721512888,-0.024940348495474416,-0.03400956613019238,-0.015871130860756446
1.5,2192,0.3155043478150349,2.8682213437730444,2.629202898458624,3.1550434781503487,-0.024789627328324175,-0.0338040372658966,-0.015775217390751748
1.5,2193,0.3135848697827346,2.8507715434794054,2.613207248189455,3.135848697827346,-0.024638811197214866,-0.03359837890529299,-0.015679243489136734
1.5,2194,0.31162782543954237,2.832980231268567,2.5968985453295197,3.1162782543954237,-0.02448504342739262,-0.03338869558280811,-0.015581391271977121
1.5,2195,0.3096397204668362,2.814906549698511,2.5803310038903016,3.096397204668362,-0.02432883517953713,-0.03317568433573245,-0.015481986023341813
1.5,2196,0.3076078755891978,2.796435232629071,2.5633989632433147,3.0760787558919778,-0.024169190224865543,-0.032957986670271194,-0.015380393779459892
1.5,2197,0.30553368247477064,2.777578931588824,2.546114020623089,3.055336824747706,-0.024006217908731982,-0.032735751693725425,-0.015276684123738535
1.5,2198,0.30342725082544897,2.758429552958627,2.528560423545408,3.0342725082544897,-0.02384071256485671,-0.03251006258844096,-0.015171362541272451
1.5,2199,0.30128566415716995,2.7389605832469996,2.5107138679764165,3.0128566415716995,-0.0236724450409205,-0.032280606873982494,-0.0150642832078585
1.5,2200,0.2991477112194253,2.7195246474493207,2.492897593495211,2.9914771121942527,-0.02350446302438342,-0.03205154048779557,-0.014957385560971268
1.5,2201,0.2970101925686255,2.700092659714777,2.475084938071879,2.970101925686255,-0.023336515130392005,-0.03182252063235273,-0.014850509628431277
1.5,2202,0.2948759903261642,2.680690821146947,2.4572999193847016,2.948759903261642,-0.023168827811341476,-0.03159385610637474,-0.014743799516308212
1.5,2203,0.2927700748092099,2.661546134629181,2.4397506234100828,2.927700748092099,-0.02300336302072364,-0.03136822230098678,-0.014638503740460499
1.5,2204,0.2906640305432979,2.642400277666345,2.4222002545274828,2.9066403054329792,-0.02283788811411627,-0.031142574701067637,-0.0145332015271649
1.5,2205,0.28852597362800037,2.6229633966181853,2.40438311356667,2.8852597362800037,-0.02266989792791432,-0.030913497174428612,-0.01442629868140002
1.5,2206,0.2863189432152087,2.602899483774624,2.3859911934600726,2.8631894321520868,-0.022496488395480685,-0.03067702963020093,-0.014315947160760437
1.5,2207,0.2840239807091609,2.582036188265099,2.3668665059096745,2.840239807091609,-0.022316169912862647,-0.030431140790267243,-0.014201199035458047
1.5,2208,0.28165591521985767,2.5605083201805243,2.3471326268321473,2.8165591521985767,-0.022130107624417392,-0.030177419487841896,-0.014082795760992885
1.5,2209,0.27923175666827826,2.538470515166166,2.3269313055689858,2.7923175666827826,-0.021939638023936153,-0.029917688214458386,-0.013961587833413915
1.5,2210,0.27676578600088253,2.516052600008023,2.3063815500073543,2.7676578600088253,-0.021745883185783632,-0.02965347707152313,-0.013838289300044129
1.5,2211,0.2742757364948829,2.4934157863171174,2.2856311374573575,2.742757364948829,-0.02155023643888366,-0.02938668605302317,-0.013713786824744148
1.5,2212,0.2717306789169961,2.470278899245419,2.264422324308301,2.7173067891699607,-0.021350267629192555,-0.029114001312535297,-0.013586533945849808
1.5,2213,0.2691474430362497,2.446794936693179,2.2428953586354146,2.691474430362497,-0.021147299095705337,-0.028837226039598186,-0.013457372151812488
1.5,2214,0.266548816220055,2.4231710565459545,2.221240135167125,2.6654881622005497,-0.020943121274432895,-0.028558801737863036,-0.013327440811002752
1.5,2215,0.26393818970398986,2.3994380882180897,2.1994849141999158,2.6393818970398986,-0.020738000619599205,-0.028279091753998915,-0.013196909485199495
1.5,2216,0.26131370015155087,2.375579092286826,2.177614167929591,2.6131370015155087,-0.020531790726193284,-0.027997896444809024,-0.013065685007577545
1.5,2217,0.25868009996741437,2.3516372724310397,2.155667499728453,2.5868009996741437,-0.020324864997439702,-0.027715724996508685,-0.01293400499837072
1.5,2218,0.2560125484618987,2.327386804199079,2.1334379038491558,2.560125484618987,-0.02011527166486347,-0.027429915906632005,-0.012800627423094938
1.5,2219,0.2533105573489436,2.3028232486267597,2.1109213112411966,2.533105573489436,-0.019902972363131283,-0.027140416858815387,-0.012665527867447181
1.5,2220,0.2505429304234843,2.2776630038498573,2.087857753529036,2.505429304234843,-0.019685515961845198,-0.026843885402516178,-0.012527146521174218
1.5,2221,0.24770391197223884,2.251853745202171,2.064199266435324,2.4770391197223884,-0.019462450226390197,-0.02653970485416845,-0.012385195598611945
1.5,2222,0.24479665940874606,2.225424176443146,2.0399721617395508,2.4479665940874606,-0.019234023239258623,-0.026228213508079936,-0.012239832970437306
1.5,2223,0.24184704806046875,2.1986095278224433,2.015392067170573,2.4184704806046873,-0.019002268061893975,-0.025912183720764512,-0.01209235240302344
1.5,2224,0.23888361914025802,2.1716692649114364,1.990696826168817,2.38883619140258,-0.01876942721816313,-0.02559467347931336,-0.011944180957012903
1.5,2225,0.23592682848406832,2.1447893498551664,1.9660569040339027,2.359268284840683,-0.018537107952319658,-0.025277874480435895,-0.011796341424203419
1.5,2226,0.23299225778514043,2.1181114344103675,1.9416021482095036,2.3299225778514043,-0.018306534540261037,-0.024963456191265047,-0.011649612889257024
1.5,2227,0.23007071941153956,2.09155199465036,1.917255995096163,2.3007071941153954,-0.01807698509662097,-0.024650434222664955,-0.01150353597057698
1.5,2228,0.22711812023760225,2.0647101839782023,1.892651001980019,2.2711812023760225,-0.017844995161525892,-0.02433408431117167,-0.011355906011880114
1.5,2229,0.22412726238458347,2.037520567132577,1.8677271865381957,2.2412726238458345,-0.017609999187360132,-0.02401363525549109,-0.011206363119229176
1.5,2230,0.22106007059520416,2.009637005410947,1.8421672549600348,2.2106007059520416,-0.017369005546766045,-0.023685007563771877,-0.01105300352976021
1.5,2231,0.21790501991958677,1.980954726541698,1.8158751659965564,2.1790501991958675,-0.017121108707967535,-0.023346966419955727,-0.010895250995979341
1.5,2232,0.2146881236033017,1.95171021457547,1.7890676966941808,2.1468812360330167,-0.01686835256883085,-0.02300229895749661,-0.010734406180165086
1.5,2233,0.21145691612399142,1.9223356011271948,1.7621409676999287,2.1145691612399142,-0.016614471981170758,-0.02265609815614194,-0.010572845806199573
1.5,2234,0.20821124459153706,1.8928294962867005,1.7350937049294755,2.0821124459153704,-0.0163594549321922,-0.022308347634807543,-0.010410562229576856
1.5,2235,0.20497927492711676,1.8634479538828796,1.7081606243926397,2.0497927492711674,-0.016105514458559178,-0.02196206517076251,-0.01024896374635584
1.5,2236,0.2017363744742816,1.8339670406752873,1.6811364539523468,2.017363744742816,-0.015850715137264985,-0.02161461155081589,-0.010086818723714083
1.5,2237,0.19848574225512716,1.8044158386829743,1.6540478521260598,1.9848574225512716,-0.015595308320045707,-0.021266329527335055,-0.00992428711275636
1.5,2238,0.19520904567046038,1.774627687913276,1.6267420472538365,1.9520904567046038,-0.015337853588393319,-0.020915254893263614,-0.00976045228352302
1.5,2239,0.19188489065628334,1.744408096875303,1.5990407554690278,1.9188489065628334,-0.015076669980136551,-0.02055909542745893,-0.009594244532814168
1.5,2240,0.18852150209347096,1.7138318372133723,1.5710125174455913,1.8852150209347096,-0.014812403735915579,-0.020198732367157603,-0.00942607510467355
1.5,2241,0.1851010539505833,1.6827368540962118,1.5425087829215276,1.851010539505833,-0.014543654238974404,-0.01983225578041964,-0.009255052697529166
1.5,2242,0.1816321274529129,1.6512011586628446,1.5136010621076077,1.816321274529129,-0.01427109572844316,-0.01946058508424067,-0.009081606372645648
1.5,2243,0.17811408153462738,1.619218923042067,1.4842840127885615,1.7811408153462738,-0.013994677834863582,-0.01908365159299579,-0.00890570407673137
1.5,2244,0.17457963208253313,1.5870875643866649,1.4548302673544429,1.7457963208253313,-0.013716971092199035,-0.018704960580271407,-0.008728981604126659
1.5,2245,0.1710441068960299,1.5549464263275445,1.4253675574669158,1.710441068960299,-0.013439179827545208,-0.018326154310288917,-0.008552205344801497
1.5,2246,0.16750829978125792,1.522802725284163,1.3959024981771493,1.6750829978125792,-0.013161366411384552,-0.017947317833706206,-0.008375414989062897
1.5,2247,0.16398878754311264,1.490807159482842,1.3665732295259387,1.6398878754311264,-0.012884833306958852,-0.01757022723676207,-0.008199439377155634
1.5,2248,0.16046559645915748,1.4587781496287044,1.3372133038263123,1.6046559645915748,-0.012608011150362376,-0.017192742477766875,-0.008023279822957875
1.5,2249,0.1569097642056143,1.426452401869221,1.3075813683801194,1.569097642056143,-0.012328624330441126,-0.016811760450601534,-0.007845488210280718
1.5,2250,0.15329868096633015,1.3936243724211832,1.2774890080527512,1.5329868096633015,-0.012044896361640228,-0.016424858674963946,-0.007664934048316509
1.5,2251,0.1496231430810544,1.3602103916459491,1.2468595256754533,1.496231430810544,-0.011756104099225704,-0.016031051044398687,-0.0074811571540527215
1.5,2252,0.14589982488043574,1.3263620443675976,1.2158318740036311,1.4589982488043574,-0.011463557669177095,-0.0156321240943324,-0.007294991244021788
1.5,2253,0.1421071436009318,1.2918831236448345,1.1842261966744316,1.421071436009318,-0.011165561282930357,-0.015225765385814122,-0.007105357180046591
1.5,2254,0.13827054284499518,1.2570049349545016,1.1522545237082933,1.3827054284499518,-0.010864114080678194,-0.014814701019106627,-0.006913527142249761
1.5,2255,0.13441640515038433,1.2219673195489484,1.1201367095865362,1.3441640515038433,-0.010561288976101629,-0.014401757694684037,-0.006720820257519218
1.5,2256,0.13053684638584773,1.1866986035077065,1.0878070532153978,1.3053684638584773,-0.01025646650174518,-0.013986090684197972,-0.006526842319292387
1.5,2257,0.1266450280005832,1.1513184363689382,1.0553752333381934,1.266450280005832,-0.009950680771474395,-0.013569110142919628,-0.0063322514000291605
1.5,2258,0.12275033333901109,1.115912121263737,1.022919444491759,1.2275033333901109,-0.009644669048065158,-0.01315182142917976,-0.0061375166669505555
1.5,2259,0.11887445036816136,1.0806768215287397,0.990620419734678,1.1887445036816136,-0.009340135386069821,-0.012736548253731574,-0.005943722518408069
1.5,2260,0.11500178956451912,1.045470814222901,0.9583482463709927,1.1500178956451912,-0.009035854894355076,-0.012321620310484192,-0.005750089478225957
1.5,2261,0.11110421230104262,1.0100382936458419,0.9258684358420218,1.1110421230104262,-0.008729616680796207,-0.011904022746540281,-0.005555210615052132
1.5,2262,0.10714009908779942,0.9740009007981766,0.8928341590649952,1.0714009908779942,-0.008418150642612813,-0.011479296330835654,-0.005357004954389972
1.5,2263,0.10329888198051596,0.9390807452774178,0.8608240165042996,1.0329888198051596,-0.00811634072704054,-0.011067737355055281,-0.005164944099025799
1.5,2264,0.0999634797122182,0.9087589064747109,0.8330289976018184,0.999634797122182,-0.007854273405960002,-0.010710372826309093,-0.0049981739856109104
1.5,2265,0.09720939117857219,0.8837217379870199,0.810078259821435,0.9720939117857219,-0.007637880735459244,-0.010415291911989878,-0.00486046955892861
1.5,2266,0.09498746658787072,0.8635224235260974,0.7915622215655893,0.9498746658787072,-0.0074633009461898435,-0.010177228562986149,-0.004749373329393537
1.5,2267,0.09320865070780837,0.8473513700709852,0.7767387558984031,0.9320865070780837,-0.007323536841327802,-0.009986641147265184,-0.0046604325353904194
1.5,2268,0.09178088927934014,0.834371720721274,0.7648407439945012,0.9178088927934014,-0.007211355586233869,-0.00983366670850073,-0.004589044463967008
1.5,2269,0.0906232845186209,0.8238480410783717,0.7551940376551741,0.906232845186209,-0.007120400926463071,-0.009709637626995097,-0.004531164225931045
1.5,2270,0.08966988339985449,0.8151807581804954,0.7472490283321208,0.8966988339985449,-0.007045490838559996,-0.009607487507127267,-0.004483494169992725
1.5,2271,0.08886909675766086,0.8079008796150987,0.7405758063138406,0.8886909675766086,-0.006982571888101926,-0.009521688938320807,-0.004443454837883044
1.5,2272,0.08818156739070315,0.8016506126427559,0.7348463949225263,0.8818156739070315,-0.0069285517235552485,-0.009448025077575339,-0.004409078369535159
1.5,2273,0.08757774436839649,0.7961613124399681,0.7298145364033042,0.8757774436839649,-0.006881108486088297,-0.009383329753756768,-0.004378887218419825
1.5,2274,0.08703567129621859,0.7912333754201689,0.7252972608018216,0.8703567129621859,-0.006838517030417175,-0.00932525049602342,-0.00435178356481093
1.5,2275,0.0865391492569092,0.7867195386991745,0.7211595771409101,0.865391492569092,-0.006799504584471438,-0.009272051706097415,-0.004326957462845461
1.5,2276,0.08607628436708525,0.7825116760644114,0.7173023697257105,0.8607628436708525,-0.006763136628842414,-0.009222459039330564,-0.004303814218354264
1.5,2277,0.08563837236621052,0.7785306578746412,0.7136531030517544,0.8563837236621052,-0.006728729257345114,-0.0091755398963797,-0.004281918618310527
1.5,2278,0.08521905756041459,0.7747187050946781,0.710158813003455,0.8521905756041459,-0.006695783094032576,-0.009130613310044422,-0.00426095287802073
1.5,2279,0.0848137061756441,0.7710336925058554,0.7067808847970342,0.848137061756441,-0.006663934056657752,-0.009087182804533297,-0.004240685308782206
1.5,2280,0.08441894318649523,0.7674449380590476,0.7034911932207937,0.8441894318649523,-0.006632916964653198,-0.009044886769981633,-0.004220947159324763
1.5,2281,0.08403231183782967,0.7639301076166333,0.7002692653152472,0.8403231183782967,-0.006602538787258046,-0.009003461982624607,-0.004201615591891484
1.5,2282,0.08365202429793916,0.7604729481630833,0.6971002024828264,0.8365202429793916,-0.006572659051980935,-0.008962716889064911,-0.004182601214896959
1.5,2283,0.08327677952769674,0.7570616320699703,0.6939731627308062,0.8327677952769674,-0.006543175534319031,-0.008922512092253223,-0.004163838976384838
1.5,2284,0.08290563048888977,0.7536875498989979,0.6908802540740815,0.8290563048888977,-0.006514013824127055,-0.00888274612380962,-0.004145281524444489
1.5,2285,0.08253788744949564,0.7503444313590513,0.687815728745797,0.8253788744949564,-0.006485119728174659,-0.008843345083874533,-0.004126894372474783
1.5,2286,0.0821730476368635,0.7470277057896683,0.6847753969738626,0.821730476368635,-0.006456453742896419,-0.008804255103949662,-0.004108652381843176
1.5,2287,0.08181074409174971,0.7437340371977247,0.681756200764581,0.8181074409174971,-0.006427987035780336,-0.008765436866973184,-0.004090537204587487
1.5,2288,0.08145070849899472,0.7404609863544974,0.6787559041582893,0.8145070849899472,-0.006399698524921014,-0.008726861624892291,-0.004072535424949736
1.5,2289,0.08109274418394363,0.7372067653085784,0.6757728681995303,0.8109274418394363,-0.006371572757309858,-0.008688508305422532,-0.004054637209197183
1.5,2290,0.08073670649864839,0.7339700590786218,0.6728058874887366,0.8073670649864839,-0.006343598367750946,-0.008650361410569471,-0.00403683532493242
1.5,2291,0.08038248857779706,0.7307498961617914,0.6698540714816422,0.8038248857779706,-0.006315766959684056,-0.008612409490478257,-0.004019124428889854
1.5,2292,0.08003001099542195,0.727545554503836,0.6669167582951829,0.8003001099542195,-0.00628807229249744,-0.008574644035223782,-0.004001500549771098
1.5,2293,0.07967921425472801,0.7243564932248001,0.6639934521227335,0.7967921425472801,-0.006260509691442917,-0.008537058670149431,-0.003983960712736401
1.5,2294,0.07933005333531584,0.7211823030483259,0.6610837777942987,0.7933005333531584,-0.0062330756192033885,-0.008499648571640983,-0.003966502666765793
1.5,2295,0.07898249373432831,0.7180226703120756,0.6581874477860693,0.7898249373432831,-0.006205767364840083,-0.008462410042963747,-0.003949124686716416
1.5,2296,0.0786365085922911,0.7148773508390099,0.6553042382690926,0.786365085922911,-0.00617858281796573,-0.008425340206316904,-0.003931825429614556
1.5,2297,0.0782920766064843,0.7117461509680391,0.6524339717207025,0.782920766064843,-0.006151520304795196,-0.008388436779266175,-0.003914603830324216
1.5,2298,0.07794918051606692,0.7086289137824265,0.6495765043005577,0.7794918051606692,-0.006124578469119545,-0.008351697912435741,-0.0038974590258033467
1.5,2299,0.07760780600229311,0.7055255091117556,0.646731716685776,0.7760780600229311,-0.00609775618589446,-0.008315122071674263,-0.0038803903001146563
1.5,2300,0.07726794089007583,0.7024358262734166,0.6438995074172986,0.7726794089007583,-0.006071052498505958,-0.008278707952508124,-0.003863397044503792
